text,language,urgency,complexity,estimated_effort
"Task: Diagnose insufficient heating in an office room. A critical service is unavailable and the department cannot continue normal work. Routine technical diagnosis and several related actions are required. The task will take a substantial part of a shift including preparation, execution, and testing. Check the current state before starting the work.",en,critical,medium,4_to_8h
"Необходимо разработать единый регламент обработки обращений для нескольких филиалов. Результат нужен до конца следующего рабочего дня, иначе задержится связанный процесс. Требуется координация нескольких подсистем или участников и проверка множества зависимостей. Работа займёт значительную часть смены и включает подготовку, выполнение и тестирование. После завершения требуется контрольная проверка.",ru,high,very_complex,4_to_8h
"Task: Fix the user authentication failure in the web application. The work may be completed in a convenient slot during the next few weeks. There are several sequential steps, but standard methods are sufficient. The task will take a substantial part of a shift including preparation, execution, and testing. Record the result in the request log.",en,low,medium,4_to_8h
"Требуется перенести несколько электрических точек и проверить нагрузку на линию. Срок не жёсткий; работу можно включить в плановый график. Есть несколько последовательных шагов, но используются стандартные методы. Потребуются диагностика, основная операция и контрольная проверка. После завершения требуется контрольная проверка.",ru,low,medium,1_to_4h
"Просьба исправить ошибку авторизации пользователей в веб-приложении. Выполнение допустимо в удобное окно в течение ближайших недель. Есть несколько последовательных шагов, но используются стандартные методы. Работа займёт значительную часть смены и включает подготовку, выполнение и тестирование. Перед началом нужно проверить текущее состояние объекта.",ru,low,medium,4_to_8h
Please replace a burned-out corridor light. This is an emergency with a safety risk and mitigation must start now. Routine technical diagnosis and several related actions are required. This is localized work and should not require lengthy diagnostics. Access to the work area has already been arranged.,en,critical,medium,up_to_1h
Please build an API integration between the CRM and the internal system. A critical service is unavailable and the department cannot continue normal work. This is architectural or cross-system work with several interdependent stages and solution options. Several dependent stages are involved and the total effort exceeds one work shift. Required source data and access will be provided.,en,critical,very_complex,over_8h
"Просьба разработать проект перепланировки нескольких помещений с согласованием инженерных узлов. Задача профилактическая, остановки процессов сейчас нет. Требуется координация нескольких подсистем или участников и проверка множества зависимостей. Работа займёт значительную часть смены и включает подготовку, выполнение и тестирование. Необходимо сохранить работоспособность соседних участков.",ru,low,very_complex,4_to_8h
Please diagnose unstable operation of a laboratory centrifuge. A critical service is unavailable and the department cannot continue normal work. The task has several dependent parts and the solution depends on diagnostic findings. Several dependent stages are involved and the total effort exceeds one work shift. Provide a short completion note after the work.,en,critical,complex,over_8h
"Необходимо подготовить сводную таблицу по заявкам отдела за месяц. Нужно закончить сегодня до 18:00, чтобы не сорвать запланированные работы. Есть несколько последовательных шагов, но используются стандартные методы. Объём включает несколько стандартных действий в пределах части смены. После завершения требуется контрольная проверка.",ru,high,medium,1_to_4h
"Необходимо сверить расхождения между накладной и фактическим количеством мест. Нужно выполнить в стандартном рабочем порядке. Потребуется обычная техническая диагностика и несколько связанных действий. Работа займёт значительную часть смены и включает подготовку, выполнение и тестирование. Доступ к месту работ заранее согласован.",ru,normal,medium,4_to_8h
Please reconfigure bin locations after the rack layout was changed. Complete this by 18:00 today to avoid disrupting scheduled work. Several interacting factors must be considered and the result checked at multiple stages. Several standard actions are required within part of a shift. A final verification is required after completion.,en,high,complex,1_to_4h
"Просьба спроектировать размещение новой товарной группы с учётом оборачиваемости и ограничений совместного хранения. Просьба взять в работу по стандартной очереди. Задача состоит из нескольких зависимых частей и требует выбора решения по результатам диагностики. Работа займёт значительную часть смены и включает подготовку, выполнение и тестирование. Результат нужно зафиксировать в журнале заявки.",ru,normal,complex,4_to_8h
Просьба исправить ошибку авторизации пользователей в веб-приложении. Срок не жёсткий; работу можно включить в плановый график. Нужно учесть несколько взаимосвязанных факторов и проверить результат на разных этапах. Задача включает несколько зависимых этапов и суммарно требует более одной рабочей смены. Необходимо сохранить работоспособность соседних участков.,ru,low,complex,over_8h
"Required: Clean up a localized flood and inspect affected building systems. Handle this through the standard work queue. This is architectural or cross-system work with several interdependent stages and solution options. This is multi-stage work covering preparation, implementation, verification, and documentation. The work will be performed at an operating site.",en,normal,very_complex,over_8h
Task: Check the status of one delayed shipment and update the record. Handle this through the standard work queue. One clear operation using a standard procedure is required. Several standard actions are required within part of a shift. Record the result in the request log.,en,normal,simple,1_to_4h
"Требуется обновить сертификат TLS на тестовом сервере. Особой срочности нет, требуется обычный срок исполнения. Потребуется обычная техническая диагностика и несколько связанных действий. Потребуются диагностика, основная операция и контрольная проверка. После выполнения требуется короткий отчёт о результате.",ru,normal,medium,1_to_4h
"Required: Redesign a document approval workflow with multiple roles and routes. This is an emergency with a safety risk and mitigation must start now. The task has several dependent parts and the solution depends on diagnostic findings. The work includes diagnosis, the main operation, and a verification step. Adjacent systems must remain operational during the task.",en,critical,complex,1_to_4h
"Требуется добавить экспорт отчёта в CSV с фильтрацией по периоду. Критичный сервис недоступен, работа подразделения фактически остановлена. Потребуется обычная техническая диагностика и несколько связанных действий. Ожидаемый объём — одна короткая операция с проверкой результата. Исходные данные и доступы будут предоставлены исполнителю.",ru,critical,medium,up_to_1h
"Required: Coordinate the schedule for several cross-team meetings. The result is needed by the end of the next business day or a dependent activity will be delayed. There are several sequential steps, but standard methods are sufficient. Several sequential steps and a final verification are required. The work will be performed at an operating site.",en,high,medium,4_to_8h
"We need to install a partition with a doorway using the approved drawing. The result is needed by the end of the next business day or a dependent activity will be delayed. There are several sequential steps, but standard methods are sufficient. The work includes diagnosis, the main operation, and a verification step. A final verification is required after completion.",en,high,medium,1_to_4h
"Просьба устранить течь под раковиной с заменой соединения. Требуется немедленная реакция: текущая неисправность остановила ключевой процесс. Потребуется обычная техническая диагностика и несколько связанных действий. Работа займёт значительную часть смены и включает подготовку, выполнение и тестирование. Перед началом нужно проверить текущее состояние объекта.",ru,critical,medium,4_to_8h
"Требуется переработать процесс согласования документов с несколькими ролями и маршрутами. Особой срочности нет, требуется обычный срок исполнения. Работа архитектурная/комплексная: несколько взаимозависимых этапов и вариантов решения. Предстоит многоэтапная работа с подготовкой, реализацией, проверками и оформлением результата. После выполнения требуется короткий отчёт о результате.",ru,normal,very_complex,over_8h
"We need to redesign a document approval workflow with multiple roles and routes. There is no special urgency; use the normal completion window. The task has several dependent parts and the solution depends on diagnostic findings. The work includes diagnosis, the main operation, and a verification step. Access to the work area has already been arranged.",en,normal,complex,1_to_4h
"Please design a multi-room refurbishment including coordination of engineering systems. The deadline is within four hours; a delay will affect the next operation. Several systems or participants must be coordinated and multiple dependencies verified. The task will take a substantial part of a shift including preparation, execution, and testing. A final verification is required after completion.",en,high,very_complex,4_to_8h
"Required: Prepare an internal-audit evidence pack for several departments. There is no hard deadline; this can be placed in the planned maintenance queue. There are several sequential steps, but standard methods are sufficient. The work includes diagnosis, the main operation, and a verification step. Record the result in the request log.",en,low,medium,1_to_4h
"We need to correct a typo in an internal notification template. The deadline is within four hours; a delay will affect the next operation. There are several sequential steps, but standard methods are sufficient. The expected scope is one short operation followed by a result check. Provide a short completion note after the work.",en,high,medium,up_to_1h
"Требуется исправить опечатку в шаблоне внутреннего уведомления. Результат нужен до конца следующего рабочего дня, иначе задержится связанный процесс. Действие типовое, без нестандартных зависимостей. Ожидаемый объём — одна короткая операция с проверкой результата. После завершения требуется контрольная проверка.",ru,high,simple,up_to_1h
We need to replace the battery in a portable medical device and run a functional test. The deadline is within four hours; a delay will affect the next operation. The action is routine and has no unusual dependencies. The expected scope is one short operation followed by a result check. A final verification is required after completion.,en,high,simple,up_to_1h
"Необходимо организовать восстановление доступа в здание после отказа системы контроля доступа. Критичный сервис недоступен, работа подразделения фактически остановлена. Задача состоит из нескольких зависимых частей и требует выбора решения по результатам диагностики. Работа займёт значительную часть смены и включает подготовку, выполнение и тестирование. Доступ к месту работ заранее согласован.",ru,critical,complex,4_to_8h
"Требуется обследовать протечку кровли и выполнить локальный ремонт. Особой срочности нет, требуется обычный срок исполнения. Задача состоит из нескольких зависимых частей и требует выбора решения по результатам диагностики. Потребуются диагностика, основная операция и контрольная проверка. После выполнения требуется короткий отчёт о результате.",ru,normal,complex,1_to_4h
Task: Prepare commissioning of a diagnostic system including interface checks and staff training. The work may be completed in a convenient slot during the next few weeks. Several interacting factors must be considered and the result checked at multiple stages. Several dependent stages are involved and the total effort exceeds one work shift. Adjacent systems must remain operational during the task.,en,low,complex,over_8h
"Задача: заменить аккумулятор в переносном медицинском приборе и провести функциональный тест. Выполнение допустимо в удобное окно в течение ближайших недель. Действие типовое, без нестандартных зависимостей. Ожидаемый объём — одна короткая операция с проверкой результата. Результат нужно зафиксировать в журнале заявки.",ru,low,simple,up_to_1h
"Please reconcile a mismatch between the manifest and the physical package count. Please process this as routine work. Routine technical diagnosis and several related actions are required. The task will take a substantial part of a shift including preparation, execution, and testing. Provide a short completion note after the work.",en,normal,medium,4_to_8h
Task: Diagnose excessive vibration in the pump unit. Please process this as routine work. The task has several dependent parts and the solution depends on diagnostic findings. Several dependent stages are involved and the total effort exceeds one work shift. Record the result in the request log.,en,normal,complex,over_8h
Required: Restore building access after an access-control system failure. Complete this by 18:00 today to avoid disrupting scheduled work. Several interacting factors must be considered and the result checked at multiple stages. Several sequential steps and a final verification are required. Adjacent systems must remain operational during the task.,en,high,complex,4_to_8h
We need to prepare a working drawing package for a new technical assembly. The work may be completed in a convenient slot during the next few weeks. Several systems or participants must be coordinated and multiple dependencies verified. Several sequential steps and a final verification are required. A final verification is required after completion.,en,low,very_complex,4_to_8h
Please inspect a roof leak and perform a localized repair. The work may be completed in a convenient slot during the next few weeks. Several interacting factors must be considered and the result checked at multiple stages. Several standard actions are required within part of a shift. Access to the work area has already been arranged.,en,low,complex,1_to_4h
Required: Correct a typo in an internal notification template. The work may be completed in a convenient slot during the next few weeks. The action is routine and has no unusual dependencies. The expected scope is one short operation followed by a result check. Adjacent systems must remain operational during the task.,en,low,simple,up_to_1h
"Просьба добавить экспорт отчёта в CSV с фильтрацией по периоду. Задача профилактическая, остановки процессов сейчас нет. Нужно учесть несколько взаимосвязанных факторов и проверить результат на разных этапах. Объём включает несколько стандартных действий в пределах части смены. Необходимо сохранить работоспособность соседних участков.",ru,low,complex,1_to_4h
Please configure database backups and verify a restore procedure. Handle this through the standard work queue. Routine technical diagnosis and several related actions are required. Several standard actions are required within part of a shift. A final verification is required after completion.,en,normal,medium,1_to_4h
"Задача: заделать трещину в перегородке и восстановить отделку. Срок не жёсткий; работу можно включить в плановый график. Есть несколько последовательных шагов, но используются стандартные методы. Ожидаемый объём — одна короткая операция с проверкой результата. Перед началом нужно проверить текущее состояние объекта.",ru,low,medium,up_to_1h
Task: Install a partition with a doorway using the approved drawing. Immediate response is required because the failure has stopped a key process. Routine technical diagnosis and several related actions are required. Several standard actions are required within part of a shift. The work will be performed at an operating site.,en,critical,medium,1_to_4h
"Необходимо добавить экспорт отчёта в CSV с фильтрацией по периоду. Нужно закончить сегодня до 18:00, чтобы не сорвать запланированные работы. Нужно учесть несколько взаимосвязанных факторов и проверить результат на разных этапах. Объём включает несколько стандартных действий в пределах части смены. После завершения требуется контрольная проверка.",ru,high,complex,1_to_4h
We need to restore building access after an access-control system failure. This is preventive work and no process is currently stopped. Several interacting factors must be considered and the result checked at multiple stages. Several sequential steps and a final verification are required. Access to the work area has already been arranged.,en,low,complex,4_to_8h
Просьба исправить опечатку в шаблоне внутреннего уведомления. Требуется немедленная реакция: текущая неисправность остановила ключевой процесс. Нужна одна понятная операция по стандартной процедуре. Объём включает несколько стандартных действий в пределах части смены. Перед началом нужно проверить текущее состояние объекта.,ru,critical,simple,1_to_4h
"Необходимо разобраться с расхождением остатков по нескольким ячейкам. Особой срочности нет, требуется обычный срок исполнения. Задача состоит из нескольких зависимых частей и требует выбора решения по результатам диагностики. Задача включает несколько зависимых этапов и суммарно требует более одной рабочей смены. Исходные данные и доступы будут предоставлены исполнителю.",ru,normal,complex,over_8h
Required: Clean up a localized flood and inspect affected building systems. Please process this as routine work. Routine technical diagnosis and several related actions are required. The expected scope is one short operation followed by a result check. Check the current state before starting the work.,en,normal,medium,up_to_1h
Необходимо исправить опечатку в шаблоне внутреннего уведомления. Просьба взять в работу по стандартной очереди. Нужна одна понятная операция по стандартной процедуре. Объём включает несколько стандартных действий в пределах части смены. Доступ к месту работ заранее согласован.,ru,normal,simple,1_to_4h
"Требуется проверить корректность показаний электронного термометра. Результат нужен до конца следующего рабочего дня, иначе задержится связанный процесс. Есть несколько последовательных шагов, но используются стандартные методы. Ожидаемый объём — одна короткая операция с проверкой результата. После выполнения требуется короткий отчёт о результате.",ru,high,medium,up_to_1h
We need to reroute several deliveries because a road segment is closed. Please process this as routine work. The task has several dependent parts and the solution depends on diagnostic findings. Several sequential steps and a final verification are required. Access to the work area has already been arranged.,en,normal,complex,4_to_8h
Задача: диагностировать падение давления в контуре и заменить повреждённый участок. Нужно выполнить в стандартном рабочем порядке. Потребуется обычная техническая диагностика и несколько связанных действий. Ожидаемый объём — одна короткая операция с проверкой результата. Результат нужно зафиксировать в журнале заявки.,ru,normal,medium,up_to_1h
Требуется смонтировать перегородку с дверным проёмом по готовому чертежу. Есть близкий срок: выполнить в течение четырёх часов; задержка затронет следующую операцию. Нужно учесть несколько взаимосвязанных факторов и проверить результат на разных этапах. Нужно выполнить несколько последовательных этапов с итоговой проверкой. Доступ к месту работ заранее согласован.,ru,high,complex,4_to_8h
Задача: смонтировать перегородку с дверным проёмом по готовому чертежу. Срок не жёсткий; работу можно включить в плановый график. Нужно учесть несколько взаимосвязанных факторов и проверить результат на разных этапах. Нужно выполнить несколько последовательных этапов с итоговой проверкой. Перед началом нужно проверить текущее состояние объекта.,ru,low,complex,4_to_8h
"Просьба смонтировать перегородку с дверным проёмом по готовому чертежу. Критичный сервис недоступен, работа подразделения фактически остановлена. Потребуется обычная техническая диагностика и несколько связанных действий. Объём включает несколько стандартных действий в пределах части смены. Перед началом нужно проверить текущее состояние объекта.",ru,critical,medium,1_to_4h
"Задача: восстановить работу аппарата, из-за отказа которого остановлена критичная диагностическая процедура. Ситуация аварийная и создаёт риск безопасности; начать устранение необходимо сейчас. Задача состоит из нескольких зависимых частей и требует выбора решения по результатам диагностики. Потребуются диагностика, основная операция и контрольная проверка. Работы выполняются на действующем объекте.",ru,critical,complex,1_to_4h
"Required: Prepare a working drawing package for a new technical assembly. The deadline is within four hours; a delay will affect the next operation. Several interacting factors must be considered and the result checked at multiple stages. This is multi-stage work covering preparation, implementation, verification, and documentation. Record the result in the request log.",en,high,complex,over_8h
"Задача: согласовать график нескольких встреч между подразделениями. Результат нужен до конца следующего рабочего дня, иначе задержится связанный процесс. Нужно учесть несколько взаимосвязанных факторов и проверить результат на разных этапах. Предстоит многоэтапная работа с подготовкой, реализацией, проверками и оформлением результата. Необходимо сохранить работоспособность соседних участков.",ru,high,complex,over_8h
"Требуется диагностировать причину недостаточного обогрева помещения. Есть близкий срок: выполнить в течение четырёх часов; задержка затронет следующую операцию. Есть несколько последовательных шагов, но используются стандартные методы. Нужно выполнить несколько последовательных этапов с итоговой проверкой. После выполнения требуется короткий отчёт о результате.",ru,high,medium,4_to_8h
Please replace a burned-out corridor light. Immediate response is required because the failure has stopped a key process. One clear operation using a standard procedure is required. Several standard actions are required within part of a shift. Provide a short completion note after the work.,en,critical,simple,1_to_4h
"Task: Prepare an internal-audit evidence pack for several departments. Immediate response is required because the failure has stopped a key process. The task has several dependent parts and the solution depends on diagnostic findings. The task will take a substantial part of a shift including preparation, execution, and testing. Adjacent systems must remain operational during the task.",en,critical,complex,4_to_8h
"Задача: восстановить работу аппарата, из-за отказа которого остановлена критичная диагностическая процедура. Ситуация аварийная и создаёт риск безопасности; начать устранение необходимо сейчас. Работа архитектурная/комплексная: несколько взаимозависимых этапов и вариантов решения. Предстоит многоэтапная работа с подготовкой, реализацией, проверками и оформлением результата. Результат нужно зафиксировать в журнале заявки.",ru,critical,very_complex,over_8h
Просьба разобраться с расхождением остатков по нескольким ячейкам. Ситуация аварийная и создаёт риск безопасности; начать устранение необходимо сейчас. Задача состоит из нескольких зависимых частей и требует выбора решения по результатам диагностики. Задача включает несколько зависимых этапов и суммарно требует более одной рабочей смены. Необходимо сохранить работоспособность соседних участков.,ru,critical,complex,over_8h
"We need to replace a burned-out corridor light. The work may be completed in a convenient slot during the next few weeks. There are several sequential steps, but standard methods are sufficient. The expected scope is one short operation followed by a result check. Access to the work area has already been arranged.",en,low,medium,up_to_1h
"Please coordinate the schedule for several cross-team meetings. A critical service is unavailable and the department cannot continue normal work. Routine technical diagnosis and several related actions are required. The task will take a substantial part of a shift including preparation, execution, and testing. Required source data and access will be provided.",en,critical,medium,4_to_8h
"Необходимо подготовить план ввода нового диагностического комплекса с проверкой интерфейсов и обучением персонала. Есть близкий срок: выполнить в течение четырёх часов; задержка затронет следующую операцию. Требуется координация нескольких подсистем или участников и проверка множества зависимостей. Работа займёт значительную часть смены и включает подготовку, выполнение и тестирование. После выполнения требуется короткий отчёт о результате.",ru,high,very_complex,4_to_8h
"Required: Stop a leak under the sink and replace the failed connector. There is no hard deadline; this can be placed in the planned maintenance queue. There are several sequential steps, but standard methods are sufficient. Several sequential steps and a final verification are required. Check the current state before starting the work.",en,low,medium,4_to_8h
"Задача: смонтировать перегородку с дверным проёмом по готовому чертежу. Срок не жёсткий; работу можно включить в плановый график. Есть несколько последовательных шагов, но используются стандартные методы. Потребуются диагностика, основная операция и контрольная проверка. Необходимо сохранить работоспособность соседних участков.",ru,low,medium,1_to_4h
"Просьба исправить ошибку авторизации пользователей в веб-приложении. Срок не жёсткий; работу можно включить в плановый график. Есть несколько последовательных шагов, но используются стандартные методы. Работа займёт значительную часть смены и включает подготовку, выполнение и тестирование. Работы выполняются на действующем объекте.",ru,low,medium,4_to_8h
We need to reconfigure bin locations after the rack layout was changed. This is an emergency with a safety risk and mitigation must start now. Routine technical diagnosis and several related actions are required. The expected scope is one short operation followed by a result check. Provide a short completion note after the work.,en,critical,medium,up_to_1h
"We need to reconfigure bin locations after the rack layout was changed. A critical service is unavailable and the department cannot continue normal work. This is architectural or cross-system work with several interdependent stages and solution options. This is multi-stage work covering preparation, implementation, verification, and documentation. Required source data and access will be provided.",en,critical,very_complex,over_8h
Требуется спроектировать новую схему маршрутизации для нескольких регионов с ограничениями по времени и вместимости. Срок не жёсткий; работу можно включить в плановый график. Требуется координация нескольких подсистем или участников и проверка множества зависимостей. Нужно выполнить несколько последовательных этапов с итоговой проверкой. Исходные данные и доступы будут предоставлены исполнителю.,ru,low,very_complex,4_to_8h
Please coordinate the schedule for several cross-team meetings. A critical service is unavailable and the department cannot continue normal work. The task has several dependent parts and the solution depends on diagnostic findings. Several dependent stages are involved and the total effort exceeds one work shift. A final verification is required after completion.,en,critical,complex,over_8h
"Требуется заменить аккумулятор в переносном медицинском приборе и провести функциональный тест. Нужно закончить сегодня до 18:00, чтобы не сорвать запланированные работы. Есть несколько последовательных шагов, но используются стандартные методы. Потребуются диагностика, основная операция и контрольная проверка. Исходные данные и доступы будут предоставлены исполнителю.",ru,high,medium,1_to_4h
"Необходимо диагностировать причину недостаточного обогрева помещения. Просьба взять в работу по стандартной очереди. Потребуется обычная техническая диагностика и несколько связанных действий. Работа займёт значительную часть смены и включает подготовку, выполнение и тестирование. После выполнения требуется короткий отчёт о результате.",ru,normal,medium,4_to_8h
Please clean up a localized flood and inspect affected building systems. Complete this by 18:00 today to avoid disrupting scheduled work. Several interacting factors must be considered and the result checked at multiple stages. Several standard actions are required within part of a shift. Provide a short completion note after the work.,en,high,complex,1_to_4h
Требуется перепланировать маршрут нескольких отправлений из-за закрытия участка дороги. Просьба взять в работу по стандартной очереди. Задача состоит из нескольких зависимых частей и требует выбора решения по результатам диагностики. Нужно выполнить несколько последовательных этапов с итоговой проверкой. Доступ к месту работ заранее согласован.,ru,normal,complex,4_to_8h
Просьба разработать единый регламент обработки обращений для нескольких филиалов. Срок не жёсткий; работу можно включить в плановый график. Нужно учесть несколько взаимосвязанных факторов и проверить результат на разных этапах. Задача включает несколько зависимых этапов и суммарно требует более одной рабочей смены. Необходимо сохранить работоспособность соседних участков.,ru,low,complex,over_8h
Task: Build an API integration between the CRM and the internal system. Please process this as routine work. This is architectural or cross-system work with several interdependent stages and solution options. Several dependent stages are involved and the total effort exceeds one work shift. Adjacent systems must remain operational during the task.,en,normal,very_complex,over_8h
"We need to inspect the door closer and adjust its closing action. Please process this as routine work. One clear operation using a standard procedure is required. The work includes diagnosis, the main operation, and a verification step. Required source data and access will be provided.",en,normal,simple,1_to_4h
"Задача: выполнить плановую калибровку монитора пациента. Особой срочности нет, требуется обычный срок исполнения. Потребуется обычная техническая диагностика и несколько связанных действий. Потребуются диагностика, основная операция и контрольная проверка. Работы выполняются на действующем объекте.",ru,normal,medium,1_to_4h
"We need to redirect a cargo batch between two warehouses and coordinate receiving windows. This is an emergency with a safety risk and mitigation must start now. The task has several dependent parts and the solution depends on diagnostic findings. The work includes diagnosis, the main operation, and a verification step. Access to the work area has already been arranged.",en,critical,complex,1_to_4h
"Задача: обследовать протечку кровли и выполнить локальный ремонт. Критичный сервис недоступен, работа подразделения фактически остановлена. Потребуется обычная техническая диагностика и несколько связанных действий. Ожидаемый объём — одна короткая операция с проверкой результата. Результат нужно зафиксировать в журнале заявки.",ru,critical,medium,up_to_1h
"We need to diagnose insufficient heating in an office room. Complete this by 18:00 today to avoid disrupting scheduled work. There are several sequential steps, but standard methods are sufficient. Several sequential steps and a final verification are required. Access to the work area has already been arranged.",en,high,medium,4_to_8h
"We need to replace the battery in a portable medical device and run a functional test. The deadline is within four hours; a delay will affect the next operation. There are several sequential steps, but standard methods are sufficient. The work includes diagnosis, the main operation, and a verification step. Required source data and access will be provided.",en,high,medium,1_to_4h
"Необходимо диагностировать нестабильную работу лабораторной центрифуги. Ситуация аварийная и создаёт риск безопасности; начать устранение необходимо сейчас. Потребуется обычная техническая диагностика и несколько связанных действий. Работа займёт значительную часть смены и включает подготовку, выполнение и тестирование. После завершения требуется контрольная проверка.",ru,critical,medium,4_to_8h
"Задача: подготовить концепцию модернизации объекта с несколькими зависимыми подсистемами. Нужно выполнить в стандартном рабочем порядке. Работа архитектурная/комплексная: несколько взаимозависимых этапов и вариантов решения. Предстоит многоэтапная работа с подготовкой, реализацией, проверками и оформлением результата. Результат нужно зафиксировать в журнале заявки.",ru,normal,very_complex,over_8h
"Required: Clean up a localized flood and inspect affected building systems. There is no special urgency; use the normal completion window. The task has several dependent parts and the solution depends on diagnostic findings. The work includes diagnosis, the main operation, and a verification step. Adjacent systems must remain operational during the task.",en,normal,complex,1_to_4h
"Please design a multi-room refurbishment including coordination of engineering systems. The result is needed by the end of the next business day or a dependent activity will be delayed. Several systems or participants must be coordinated and multiple dependencies verified. The task will take a substantial part of a shift including preparation, execution, and testing. Access to the work area has already been arranged.",en,high,very_complex,4_to_8h
"Please reroute several deliveries because a road segment is closed. The work may be completed in a convenient slot during the next few weeks. There are several sequential steps, but standard methods are sufficient. Several standard actions are required within part of a shift. Provide a short completion note after the work.",en,low,medium,1_to_4h
"Please reconfigure bin locations after the rack layout was changed. Complete this by 18:00 today to avoid disrupting scheduled work. There are several sequential steps, but standard methods are sufficient. This is localized work and should not require lengthy diagnostics. Provide a short completion note after the work.",en,high,medium,up_to_1h
"Задача: заменить неисправную розетку и проверить линию. Нужно закончить сегодня до 18:00, чтобы не сорвать запланированные работы. Действие типовое, без нестандартных зависимостей. Ожидаемый объём — одна короткая операция с проверкой результата. Перед началом нужно проверить текущее состояние объекта.",ru,high,simple,up_to_1h
Required: Relabel one pallet after the product record was corrected. Complete this by 18:00 today to avoid disrupting scheduled work. The action is routine and has no unusual dependencies. The expected scope is one short operation followed by a result check. The work will be performed at an operating site.,en,high,simple,up_to_1h
"Просьба обновить программу ПЛК и проверить межблокировки. Ситуация аварийная и создаёт риск безопасности; начать устранение необходимо сейчас. Задача состоит из нескольких зависимых частей и требует выбора решения по результатам диагностики. Работа займёт значительную часть смены и включает подготовку, выполнение и тестирование. Работы выполняются на действующем объекте.",ru,critical,complex,4_to_8h
"Задача: устранить последствия локального подтопления и проверить повреждённые инженерные узлы. Нужно выполнить в стандартном рабочем порядке. Задача состоит из нескольких зависимых частей и требует выбора решения по результатам диагностики. Потребуются диагностика, основная операция и контрольная проверка. Перед началом нужно проверить текущее состояние объекта.",ru,normal,complex,1_to_4h
Please prepare a multi-floor ventilation modernization plan. This is preventive work and no process is currently stopped. Several interacting factors must be considered and the result checked at multiple stages. Several dependent stages are involved and the total effort exceeds one work shift. Access to the work area has already been arranged.,en,low,complex,over_8h
"Задача: проверить корректность показаний электронного термометра. Выполнение допустимо в удобное окно в течение ближайших недель. Действие типовое, без нестандартных зависимостей. Ожидаемый объём — одна короткая операция с проверкой результата. Результат нужно зафиксировать в журнале заявки.",ru,low,simple,up_to_1h
"Please investigate stock discrepancies across several bin locations. Please process this as routine work. Routine technical diagnosis and several related actions are required. The task will take a substantial part of a shift including preparation, execution, and testing. A final verification is required after completion.",en,normal,medium,4_to_8h
Please investigate stock discrepancies across several bin locations. Handle this through the standard work queue. The task has several dependent parts and the solution depends on diagnostic findings. Several dependent stages are involved and the total effort exceeds one work shift. Provide a short completion note after the work.,en,normal,complex,over_8h
We need to perform a technical survey and prepare structural strengthening options. The deadline is within four hours; a delay will affect the next operation. Several interacting factors must be considered and the result checked at multiple stages. Several sequential steps and a final verification are required. Required source data and access will be provided.,en,high,complex,4_to_8h
"Task: Develop a unified request-handling procedure for multiple branches. The work may be completed in a convenient slot during the next few weeks. Several systems or participants must be coordinated and multiple dependencies verified. The task will take a substantial part of a shift including preparation, execution, and testing. The work will be performed at an operating site.",en,low,very_complex,4_to_8h
Task: Redirect a cargo batch between two warehouses and coordinate receiving windows. The work may be completed in a convenient slot during the next few weeks. Several interacting factors must be considered and the result checked at multiple stages. Several standard actions are required within part of a shift. Adjacent systems must remain operational during the task.,en,low,complex,1_to_4h
Please inspect the door closer and adjust its closing action. The work may be completed in a convenient slot during the next few weeks. The action is routine and has no unusual dependencies. This is localized work and should not require lengthy diagnostics. Required source data and access will be provided.,en,low,simple,up_to_1h
Необходимо обследовать протечку кровли и выполнить локальный ремонт. Срок не жёсткий; работу можно включить в плановый график. Нужно учесть несколько взаимосвязанных факторов и проверить результат на разных этапах. Объём включает несколько стандартных действий в пределах части смены. После завершения требуется контрольная проверка.,ru,low,complex,1_to_4h
"Required: Perform scheduled calibration of a patient monitor. Please process this as routine work. Routine technical diagnosis and several related actions are required. The work includes diagnosis, the main operation, and a verification step. Check the current state before starting the work.",en,normal,medium,1_to_4h
"Необходимо переработать процесс согласования документов с несколькими ролями и маршрутами. Срок не жёсткий; работу можно включить в плановый график. Есть несколько последовательных шагов, но используются стандартные методы. Работа локальная и не требует длительной диагностики. Доступ к месту работ заранее согласован.",ru,low,medium,up_to_1h
"We need to prepare a monthly summary table for the department requests. This is an emergency with a safety risk and mitigation must start now. Routine technical diagnosis and several related actions are required. The work includes diagnosis, the main operation, and a verification step. Access to the work area has already been arranged.",en,critical,medium,1_to_4h
Просьба обследовать протечку кровли и выполнить локальный ремонт. Есть близкий срок: выполнить в течение четырёх часов; задержка затронет следующую операцию. Нужно учесть несколько взаимосвязанных факторов и проверить результат на разных этапах. Объём включает несколько стандартных действий в пределах части смены. Перед началом нужно проверить текущее состояние объекта.,ru,high,complex,1_to_4h
Required: Replace the battery in a portable medical device and run a functional test. The work may be completed in a convenient slot during the next few weeks. Several interacting factors must be considered and the result checked at multiple stages. Several sequential steps and a final verification are required. Check the current state before starting the work.,en,low,complex,4_to_8h
"Просьба заделать трещину в перегородке и восстановить отделку. Критичный сервис недоступен, работа подразделения фактически остановлена. Нужна одна понятная операция по стандартной процедуре. Объём включает несколько стандартных действий в пределах части смены. Перед началом нужно проверить текущее состояние объекта.",ru,critical,simple,1_to_4h
"Задача: разработать единый регламент обработки обращений для нескольких филиалов. Просьба взять в работу по стандартной очереди. Задача состоит из нескольких зависимых частей и требует выбора решения по результатам диагностики. Предстоит многоэтапная работа с подготовкой, реализацией, проверками и оформлением результата. Перед началом нужно проверить текущее состояние объекта.",ru,normal,complex,over_8h
Task: Check the status of one delayed shipment and update the record. There is no special urgency; use the normal completion window. Routine technical diagnosis and several related actions are required. This is localized work and should not require lengthy diagnostics. Check the current state before starting the work.,en,normal,medium,up_to_1h
"Требуется обновить сертификат TLS на тестовом сервере. Особой срочности нет, требуется обычный срок исполнения. Нужна одна понятная операция по стандартной процедуре. Потребуются диагностика, основная операция и контрольная проверка. Исходные данные и доступы будут предоставлены исполнителю.",ru,normal,simple,1_to_4h
"Просьба переработать процесс согласования документов с несколькими ролями и маршрутами. Есть близкий срок: выполнить в течение четырёх часов; задержка затронет следующую операцию. Есть несколько последовательных шагов, но используются стандартные методы. Работа локальная и не требует длительной диагностики. Необходимо сохранить работоспособность соседних участков.",ru,high,medium,up_to_1h
"Task: Design placement for a new product group considering turnover and storage compatibility. Please process this as routine work. The task has several dependent parts and the solution depends on diagnostic findings. The task will take a substantial part of a shift including preparation, execution, and testing. Record the result in the request log.",en,normal,complex,4_to_8h
"Необходимо исправить опечатку в шаблоне внутреннего уведомления. Особой срочности нет, требуется обычный срок исполнения. Потребуется обычная техническая диагностика и несколько связанных действий. Работа локальная и не требует длительной диагностики. После завершения требуется контрольная проверка.",ru,normal,medium,up_to_1h
"Требуется провести техническое обследование и подготовить варианты усиления конструкции. Результат нужен до конца следующего рабочего дня, иначе задержится связанный процесс. Нужно учесть несколько взаимосвязанных факторов и проверить результат на разных этапах. Нужно выполнить несколько последовательных этапов с итоговой проверкой. После выполнения требуется короткий отчёт о результате.",ru,high,complex,4_to_8h
Задача: обновить программу ПЛК и проверить межблокировки. Выполнение допустимо в удобное окно в течение ближайших недель. Нужно учесть несколько взаимосвязанных факторов и проверить результат на разных этапах. Нужно выполнить несколько последовательных этапов с итоговой проверкой. Перед началом нужно проверить текущее состояние объекта.,ru,low,complex,4_to_8h
"Задача: провести выборочную инвентаризацию секции хранения. Ситуация аварийная и создаёт риск безопасности; начать устранение необходимо сейчас. Потребуется обычная техническая диагностика и несколько связанных действий. Потребуются диагностика, основная операция и контрольная проверка. Перед началом нужно проверить текущее состояние объекта.",ru,critical,medium,1_to_4h
"Требуется устранить последствия локального подтопления и проверить повреждённые инженерные узлы. Критичный сервис недоступен, работа подразделения фактически остановлена. Задача состоит из нескольких зависимых частей и требует выбора решения по результатам диагностики. Потребуются диагностика, основная операция и контрольная проверка. Доступ к месту работ заранее согласован.",ru,critical,complex,1_to_4h
"We need to investigate stock discrepancies across several bin locations. Complete this by 18:00 today to avoid disrupting scheduled work. Several interacting factors must be considered and the result checked at multiple stages. This is multi-stage work covering preparation, implementation, verification, and documentation. Provide a short completion note after the work.",en,high,complex,over_8h
"Задача: диагностировать нестабильную работу лабораторной центрифуги. Нужно закончить сегодня до 18:00, чтобы не сорвать запланированные работы. Нужно учесть несколько взаимосвязанных факторов и проверить результат на разных этапах. Предстоит многоэтапная работа с подготовкой, реализацией, проверками и оформлением результата. Работы выполняются на действующем объекте.",ru,high,complex,over_8h
"Задача: согласовать график нескольких встреч между подразделениями. Нужно закончить сегодня до 18:00, чтобы не сорвать запланированные работы. Есть несколько последовательных шагов, но используются стандартные методы. Нужно выполнить несколько последовательных этапов с итоговой проверкой. Перед началом нужно проверить текущее состояние объекта.",ru,high,medium,4_to_8h
"Required: Inspect the door closer and adjust its closing action. Immediate response is required because the failure has stopped a key process. One clear operation using a standard procedure is required. The work includes diagnosis, the main operation, and a verification step. Record the result in the request log.",en,critical,simple,1_to_4h
"Task: Perform a technical survey and prepare structural strengthening options. This is an emergency with a safety risk and mitigation must start now. The task has several dependent parts and the solution depends on diagnostic findings. The task will take a substantial part of a shift including preparation, execution, and testing. The work will be performed at an operating site.",en,critical,complex,4_to_8h
"Требуется организовать перенаправление партии груза между двумя складами и согласовать окна приёмки. Критичный сервис недоступен, работа подразделения фактически остановлена. Работа архитектурная/комплексная: несколько взаимозависимых этапов и вариантов решения. Предстоит многоэтапная работа с подготовкой, реализацией, проверками и оформлением результата. После завершения требуется контрольная проверка.",ru,critical,very_complex,over_8h
"Необходимо диагностировать нестабильную работу лабораторной центрифуги. Критичный сервис недоступен, работа подразделения фактически остановлена. Задача состоит из нескольких зависимых частей и требует выбора решения по результатам диагностики. Задача включает несколько зависимых этапов и суммарно требует более одной рабочей смены. После выполнения требуется короткий отчёт о результате.",ru,critical,complex,over_8h
"We need to relabel one pallet after the product record was corrected. The work may be completed in a convenient slot during the next few weeks. There are several sequential steps, but standard methods are sufficient. The expected scope is one short operation followed by a result check. Provide a short completion note after the work.",en,low,medium,up_to_1h
We need to fix the user authentication failure in the web application. Immediate response is required because the failure has stopped a key process. Routine technical diagnosis and several related actions are required. Several sequential steps and a final verification are required. Required source data and access will be provided.,en,critical,medium,4_to_8h
"Необходимо подготовить концепцию модернизации объекта с несколькими зависимыми подсистемами. Результат нужен до конца следующего рабочего дня, иначе задержится связанный процесс. Требуется координация нескольких подсистем или участников и проверка множества зависимостей. Работа займёт значительную часть смены и включает подготовку, выполнение и тестирование. После выполнения требуется короткий отчёт о результате.",ru,high,very_complex,4_to_8h
"Task: Fix the user authentication failure in the web application. The work may be completed in a convenient slot during the next few weeks. There are several sequential steps, but standard methods are sufficient. The task will take a substantial part of a shift including preparation, execution, and testing. Check the current state before starting the work.",en,low,medium,4_to_8h
"Просьба подготовить сводную таблицу по заявкам отдела за месяц. Выполнение допустимо в удобное окно в течение ближайших недель. Есть несколько последовательных шагов, но используются стандартные методы. Объём включает несколько стандартных действий в пределах части смены. Результат нужно зафиксировать в журнале заявки.",ru,low,medium,1_to_4h
"Требуется согласовать график нескольких встреч между подразделениями. Выполнение допустимо в удобное окно в течение ближайших недель. Есть несколько последовательных шагов, но используются стандартные методы. Нужно выполнить несколько последовательных этапов с итоговой проверкой. После выполнения требуется короткий отчёт о результате.",ru,low,medium,4_to_8h
Required: Redesign a document approval workflow with multiple roles and routes. This is an emergency with a safety risk and mitigation must start now. Routine technical diagnosis and several related actions are required. The expected scope is one short operation followed by a result check. Check the current state before starting the work.,en,critical,medium,up_to_1h
"We need to prepare commissioning of a diagnostic system including interface checks and staff training. Immediate response is required because the failure has stopped a key process. This is architectural or cross-system work with several interdependent stages and solution options. This is multi-stage work covering preparation, implementation, verification, and documentation. Access to the work area has already been arranged.",en,critical,very_complex,over_8h
"Необходимо подготовить комплексный план модернизации вентиляции на нескольких этажах. Срок не жёсткий; работу можно включить в плановый график. Требуется координация нескольких подсистем или участников и проверка множества зависимостей. Работа займёт значительную часть смены и включает подготовку, выполнение и тестирование. Исходные данные и доступы будут предоставлены исполнителю.",ru,low,very_complex,4_to_8h
Task: Diagnose insufficient heating in an office room. This is an emergency with a safety risk and mitigation must start now. The task has several dependent parts and the solution depends on diagnostic findings. Several dependent stages are involved and the total effort exceeds one work shift. Adjacent systems must remain operational during the task.,en,critical,complex,over_8h
"Необходимо подготовить сводную таблицу по заявкам отдела за месяц. Нужно закончить сегодня до 18:00, чтобы не сорвать запланированные работы. Есть несколько последовательных шагов, но используются стандартные методы. Объём включает несколько стандартных действий в пределах части смены. Исходные данные и доступы будут предоставлены исполнителю.",ru,high,medium,1_to_4h
"Необходимо сверить расхождения между накладной и фактическим количеством мест. Нужно выполнить в стандартном рабочем порядке. Потребуется обычная техническая диагностика и несколько связанных действий. Работа займёт значительную часть смены и включает подготовку, выполнение и тестирование. Исходные данные и доступы будут предоставлены исполнителю.",ru,normal,medium,4_to_8h
Please redirect a cargo batch between two warehouses and coordinate receiving windows. Complete this by 18:00 today to avoid disrupting scheduled work. Several interacting factors must be considered and the result checked at multiple stages. Several standard actions are required within part of a shift. A final verification is required after completion.,en,high,complex,1_to_4h
"Необходимо обновить программу ПЛК и проверить межблокировки. Нужно выполнить в стандартном рабочем порядке. Задача состоит из нескольких зависимых частей и требует выбора решения по результатам диагностики. Работа займёт значительную часть смены и включает подготовку, выполнение и тестирование. Доступ к месту работ заранее согласован.",ru,normal,complex,4_to_8h
"Требуется диагностировать нестабильную работу лабораторной центрифуги. Срок не жёсткий; работу можно включить в плановый график. Нужно учесть несколько взаимосвязанных факторов и проверить результат на разных этапах. Предстоит многоэтапная работа с подготовкой, реализацией, проверками и оформлением результата. После выполнения требуется короткий отчёт о результате.",ru,low,complex,over_8h
"Required: Prepare a modernization concept for a facility with several dependent subsystems. Handle this through the standard work queue. This is architectural or cross-system work with several interdependent stages and solution options. This is multi-stage work covering preparation, implementation, verification, and documentation. Check the current state before starting the work.",en,normal,very_complex,over_8h
Task: Replace a burned-out corridor light. Please process this as routine work. One clear operation using a standard procedure is required. Several standard actions are required within part of a shift. The work will be performed at an operating site.,en,normal,simple,1_to_4h
"Задача: подготовить сводную таблицу по заявкам отдела за месяц. Особой срочности нет, требуется обычный срок исполнения. Потребуется обычная техническая диагностика и несколько связанных действий. Потребуются диагностика, основная операция и контрольная проверка. Перед началом нужно проверить текущее состояние объекта.",ru,normal,medium,1_to_4h
Task: Repair a crack in an internal partition and restore the finish. This is an emergency with a safety risk and mitigation must start now. The task has several dependent parts and the solution depends on diagnostic findings. Several standard actions are required within part of a shift. Check the current state before starting the work.,en,critical,complex,1_to_4h
Просьба заделать трещину в перегородке и восстановить отделку. Ситуация аварийная и создаёт риск безопасности; начать устранение необходимо сейчас. Потребуется обычная техническая диагностика и несколько связанных действий. Работа локальная и не требует длительной диагностики. Необходимо сохранить работоспособность соседних участков.,ru,critical,medium,up_to_1h
"We need to stop a leak under the sink and replace the failed connector. Complete this by 18:00 today to avoid disrupting scheduled work. There are several sequential steps, but standard methods are sufficient. Several sequential steps and a final verification are required. Provide a short completion note after the work.",en,high,medium,4_to_8h
"Required: Relocate several electrical outlets and verify circuit load. The deadline is within four hours; a delay will affect the next operation. There are several sequential steps, but standard methods are sufficient. The work includes diagnosis, the main operation, and a verification step. Record the result in the request log.",en,high,medium,1_to_4h
"Необходимо согласовать график нескольких встреч между подразделениями. Требуется немедленная реакция: текущая неисправность остановила ключевой процесс. Потребуется обычная техническая диагностика и несколько связанных действий. Работа займёт значительную часть смены и включает подготовку, выполнение и тестирование. Доступ к месту работ заранее согласован.",ru,critical,medium,4_to_8h
"Просьба спроектировать новую схему маршрутизации для нескольких регионов с ограничениями по времени и вместимости. Особой срочности нет, требуется обычный срок исполнения. Работа архитектурная/комплексная: несколько взаимозависимых этапов и вариантов решения. Задача включает несколько зависимых этапов и суммарно требует более одной рабочей смены. Необходимо сохранить работоспособность соседних участков.",ru,normal,very_complex,over_8h
"We need to inspect a roof leak and perform a localized repair. Handle this through the standard work queue. The task has several dependent parts and the solution depends on diagnostic findings. The work includes diagnosis, the main operation, and a verification step. Access to the work area has already been arranged.",en,normal,complex,1_to_4h
"Please redirect a cargo batch between two warehouses and coordinate receiving windows. Complete this by 18:00 today to avoid disrupting scheduled work. Several systems or participants must be coordinated and multiple dependencies verified. The task will take a substantial part of a shift including preparation, execution, and testing. Provide a short completion note after the work.",en,high,very_complex,4_to_8h
"We need to relocate several electrical outlets and verify circuit load. The work may be completed in a convenient slot during the next few weeks. There are several sequential steps, but standard methods are sufficient. The work includes diagnosis, the main operation, and a verification step. Provide a short completion note after the work.",en,low,medium,1_to_4h
"Task: Inspect a roof leak and perform a localized repair. The result is needed by the end of the next business day or a dependent activity will be delayed. There are several sequential steps, but standard methods are sufficient. This is localized work and should not require lengthy diagnostics. The work will be performed at an operating site.",en,high,medium,up_to_1h
"Просьба проверить доводчик двери и отрегулировать закрывание. Результат нужен до конца следующего рабочего дня, иначе задержится связанный процесс. Действие типовое, без нестандартных зависимостей. Работа локальная и не требует длительной диагностики. Необходимо сохранить работоспособность соседних участков.",ru,high,simple,up_to_1h
We need to correct a typo in an internal notification template. The result is needed by the end of the next business day or a dependent activity will be delayed. The action is routine and has no unusual dependencies. The expected scope is one short operation followed by a result check. A final verification is required after completion.,en,high,simple,up_to_1h
"Требуется подготовить план ремонта входной группы с заменой покрытия. Критичный сервис недоступен, работа подразделения фактически остановлена. Задача состоит из нескольких зависимых частей и требует выбора решения по результатам диагностики. Нужно выполнить несколько последовательных этапов с итоговой проверкой. Доступ к месту работ заранее согласован.",ru,critical,complex,4_to_8h
"Задача: диагностировать падение давления в контуре и заменить повреждённый участок. Особой срочности нет, требуется обычный срок исполнения. Задача состоит из нескольких зависимых частей и требует выбора решения по результатам диагностики. Потребуются диагностика, основная операция и контрольная проверка. Перед началом нужно проверить текущее состояние объекта.",ru,normal,complex,1_to_4h
"Required: Diagnose insufficient heating in an office room. There is no hard deadline; this can be placed in the planned maintenance queue. Several interacting factors must be considered and the result checked at multiple stages. This is multi-stage work covering preparation, implementation, verification, and documentation. Check the current state before starting the work.",en,low,complex,over_8h
"Требуется заменить перегоревшую лампу в коридоре. Задача профилактическая, остановки процессов сейчас нет. Действие типовое, без нестандартных зависимостей. Ожидаемый объём — одна короткая операция с проверкой результата. Доступ к месту работ заранее согласован.",ru,low,simple,up_to_1h
"Please diagnose insufficient heating in an office room. There is no special urgency; use the normal completion window. Routine technical diagnosis and several related actions are required. The task will take a substantial part of a shift including preparation, execution, and testing. Provide a short completion note after the work.",en,normal,medium,4_to_8h
"Required: Fix the user authentication failure in the web application. Please process this as routine work. The task has several dependent parts and the solution depends on diagnostic findings. This is multi-stage work covering preparation, implementation, verification, and documentation. Check the current state before starting the work.",en,normal,complex,over_8h
"Please prepare a renovation plan for the entrance area and replace the flooring. The result is needed by the end of the next business day or a dependent activity will be delayed. Several interacting factors must be considered and the result checked at multiple stages. The task will take a substantial part of a shift including preparation, execution, and testing. A final verification is required after completion.",en,high,complex,4_to_8h
We need to design placement for a new product group considering turnover and storage compatibility. The work may be completed in a convenient slot during the next few weeks. Several systems or participants must be coordinated and multiple dependencies verified. Several sequential steps and a final verification are required. Access to the work area has already been arranged.,en,low,very_complex,4_to_8h
Task: Redirect a cargo batch between two warehouses and coordinate receiving windows. There is no hard deadline; this can be placed in the planned maintenance queue. Several interacting factors must be considered and the result checked at multiple stages. Several standard actions are required within part of a shift. Adjacent systems must remain operational during the task.,en,low,complex,1_to_4h
We need to replace a faulty wall outlet and test the circuit. The work may be completed in a convenient slot during the next few weeks. The action is routine and has no unusual dependencies. The expected scope is one short operation followed by a result check. Required source data and access will be provided.,en,low,simple,up_to_1h
Просьба диагностировать падение давления в контуре и заменить повреждённый участок. Выполнение допустимо в удобное окно в течение ближайших недель. Нужно учесть несколько взаимосвязанных факторов и проверить результат на разных этапах. Объём включает несколько стандартных действий в пределах части смены. Результат нужно зафиксировать в журнале заявки.,ru,low,complex,1_to_4h
Task: Relocate several electrical outlets and verify circuit load. Please process this as routine work. Routine technical diagnosis and several related actions are required. Several standard actions are required within part of a shift. Record the result in the request log.,en,normal,medium,1_to_4h
"Необходимо обследовать протечку кровли и выполнить локальный ремонт. Выполнение допустимо в удобное окно в течение ближайших недель. Есть несколько последовательных шагов, но используются стандартные методы. Работа локальная и не требует длительной диагностики. Исходные данные и доступы будут предоставлены исполнителю.",ru,low,medium,up_to_1h
"We need to replace a temperature sensor and calibrate its readings. Immediate response is required because the failure has stopped a key process. Routine technical diagnosis and several related actions are required. The work includes diagnosis, the main operation, and a verification step. Access to the work area has already been arranged.",en,critical,medium,1_to_4h
"Просьба переработать процесс согласования документов с несколькими ролями и маршрутами. Нужно закончить сегодня до 18:00, чтобы не сорвать запланированные работы. Нужно учесть несколько взаимосвязанных факторов и проверить результат на разных этапах. Объём включает несколько стандартных действий в пределах части смены. Работы выполняются на действующем объекте.",ru,high,complex,1_to_4h
Required: Replace the battery in a portable medical device and run a functional test. This is preventive work and no process is currently stopped. Several interacting factors must be considered and the result checked at multiple stages. Several sequential steps and a final verification are required. Adjacent systems must remain operational during the task.,en,low,complex,4_to_8h
"Требуется исправить ошибку авторизации пользователей в веб-приложении. Критичный сервис недоступен, работа подразделения фактически остановлена. Нужна одна понятная операция по стандартной процедуре. Потребуются диагностика, основная операция и контрольная проверка. Доступ к месту работ заранее согласован.",ru,critical,simple,1_to_4h
Просьба диагностировать нестабильную работу лабораторной центрифуги. Нужно выполнить в стандартном рабочем порядке. Задача состоит из нескольких зависимых частей и требует выбора решения по результатам диагностики. Задача включает несколько зависимых этапов и суммарно требует более одной рабочей смены. Работы выполняются на действующем объекте.,ru,normal,complex,over_8h
Please repair a crack in an internal partition and restore the finish. There is no special urgency; use the normal completion window. Routine technical diagnosis and several related actions are required. This is localized work and should not require lengthy diagnostics. A final verification is required after completion.,en,normal,medium,up_to_1h
Просьба заменить перегоревшую лампу в коридоре. Просьба взять в работу по стандартной очереди. Нужна одна понятная операция по стандартной процедуре. Объём включает несколько стандартных действий в пределах части смены. Работы выполняются на действующем объекте.,ru,normal,simple,1_to_4h
"Необходимо организовать перенаправление партии груза между двумя складами и согласовать окна приёмки. Результат нужен до конца следующего рабочего дня, иначе задержится связанный процесс. Есть несколько последовательных шагов, но используются стандартные методы. Работа локальная и не требует длительной диагностики. Доступ к месту работ заранее согласован.",ru,high,medium,up_to_1h
"Task: Relocate several electrical outlets and verify circuit load. There is no special urgency; use the normal completion window. The task has several dependent parts and the solution depends on diagnostic findings. The task will take a substantial part of a shift including preparation, execution, and testing. Check the current state before starting the work.",en,normal,complex,4_to_8h
Просьба перемаркировать одну паллету после исправления карточки товара. Нужно выполнить в стандартном рабочем порядке. Потребуется обычная техническая диагностика и несколько связанных действий. Работа локальная и не требует длительной диагностики. Перед началом нужно проверить текущее состояние объекта.,ru,normal,medium,up_to_1h
"Задача: перенести несколько электрических точек и проверить нагрузку на линию. Нужно закончить сегодня до 18:00, чтобы не сорвать запланированные работы. Нужно учесть несколько взаимосвязанных факторов и проверить результат на разных этапах. Нужно выполнить несколько последовательных этапов с итоговой проверкой. Перед началом нужно проверить текущее состояние объекта.",ru,high,complex,4_to_8h
"Задача: подготовить комплект материалов для внутреннего аудита по нескольким подразделениям. Задача профилактическая, остановки процессов сейчас нет. Нужно учесть несколько взаимосвязанных факторов и проверить результат на разных этапах. Нужно выполнить несколько последовательных этапов с итоговой проверкой. Перед началом нужно проверить текущее состояние объекта.",ru,low,complex,4_to_8h
Необходимо организовать восстановление доступа в здание после отказа системы контроля доступа. Ситуация аварийная и создаёт риск безопасности; начать устранение необходимо сейчас. Потребуется обычная техническая диагностика и несколько связанных действий. Объём включает несколько стандартных действий в пределах части смены. После выполнения требуется короткий отчёт о результате.,ru,critical,medium,1_to_4h
"Требуется перенастроить адресное хранение зоны после изменения схемы стеллажей. Критичный сервис недоступен, работа подразделения фактически остановлена. Задача состоит из нескольких зависимых частей и требует выбора решения по результатам диагностики. Потребуются диагностика, основная операция и контрольная проверка. После выполнения требуется короткий отчёт о результате.",ru,critical,complex,1_to_4h
"We need to investigate stock discrepancies across several bin locations. The deadline is within four hours; a delay will affect the next operation. Several interacting factors must be considered and the result checked at multiple stages. This is multi-stage work covering preparation, implementation, verification, and documentation. Required source data and access will be provided.",en,high,complex,over_8h
"Задача: диагностировать нестабильную работу лабораторной центрифуги. Есть близкий срок: выполнить в течение четырёх часов; задержка затронет следующую операцию. Нужно учесть несколько взаимосвязанных факторов и проверить результат на разных этапах. Предстоит многоэтапная работа с подготовкой, реализацией, проверками и оформлением результата. Перед началом нужно проверить текущее состояние объекта.",ru,high,complex,over_8h
"Требуется сверить расхождения между накладной и фактическим количеством мест. Нужно закончить сегодня до 18:00, чтобы не сорвать запланированные работы. Есть несколько последовательных шагов, но используются стандартные методы. Нужно выполнить несколько последовательных этапов с итоговой проверкой. После завершения требуется контрольная проверка.",ru,high,medium,4_to_8h
Task: Correct a typo in an internal notification template. A critical service is unavailable and the department cannot continue normal work. One clear operation using a standard procedure is required. Several standard actions are required within part of a shift. Record the result in the request log.,en,critical,simple,1_to_4h
"Task: Prepare an internal-audit evidence pack for several departments. A critical service is unavailable and the department cannot continue normal work. The task has several dependent parts and the solution depends on diagnostic findings. The task will take a substantial part of a shift including preparation, execution, and testing. The work will be performed at an operating site.",en,critical,complex,4_to_8h
"Требуется разработать проект перепланировки нескольких помещений с согласованием инженерных узлов. Ситуация аварийная и создаёт риск безопасности; начать устранение необходимо сейчас. Работа архитектурная/комплексная: несколько взаимозависимых этапов и вариантов решения. Предстоит многоэтапная работа с подготовкой, реализацией, проверками и оформлением результата. Доступ к месту работ заранее согласован.",ru,critical,very_complex,over_8h
"Необходимо разработать комплект рабочих чертежей для нового технического узла. Критичный сервис недоступен, работа подразделения фактически остановлена. Задача состоит из нескольких зависимых частей и требует выбора решения по результатам диагностики. Задача включает несколько зависимых этапов и суммарно требует более одной рабочей смены. Доступ к месту работ заранее согласован.",ru,critical,complex,over_8h
"Please inspect a roof leak and perform a localized repair. The work may be completed in a convenient slot during the next few weeks. There are several sequential steps, but standard methods are sufficient. This is localized work and should not require lengthy diagnostics. Required source data and access will be provided.",en,low,medium,up_to_1h
"Please prepare a working drawing package for a new technical assembly. Immediate response is required because the failure has stopped a key process. Routine technical diagnosis and several related actions are required. The task will take a substantial part of a shift including preparation, execution, and testing. Required source data and access will be provided.",en,critical,medium,4_to_8h
"Задача: спроектировать размещение новой товарной группы с учётом оборачиваемости и ограничений совместного хранения. Результат нужен до конца следующего рабочего дня, иначе задержится связанный процесс. Требуется координация нескольких подсистем или участников и проверка множества зависимостей. Нужно выполнить несколько последовательных этапов с итоговой проверкой. Необходимо сохранить работоспособность соседних участков.",ru,high,very_complex,4_to_8h
"Task: Fix the user authentication failure in the web application. There is no hard deadline; this can be placed in the planned maintenance queue. There are several sequential steps, but standard methods are sufficient. The task will take a substantial part of a shift including preparation, execution, and testing. Record the result in the request log.",en,low,medium,4_to_8h
"Необходимо провести выборочную инвентаризацию секции хранения. Задача профилактическая, остановки процессов сейчас нет. Есть несколько последовательных шагов, но используются стандартные методы. Объём включает несколько стандартных действий в пределах части смены. После завершения требуется контрольная проверка.",ru,low,medium,1_to_4h
"Задача: сверить расхождения между накладной и фактическим количеством мест. Срок не жёсткий; работу можно включить в плановый график. Есть несколько последовательных шагов, но используются стандартные методы. Нужно выполнить несколько последовательных этапов с итоговой проверкой. Результат нужно зафиксировать в журнале заявки.",ru,low,medium,4_to_8h
Task: Repair a crack in an internal partition and restore the finish. A critical service is unavailable and the department cannot continue normal work. Routine technical diagnosis and several related actions are required. This is localized work and should not require lengthy diagnostics. Record the result in the request log.,en,critical,medium,up_to_1h
Please design placement for a new product group considering turnover and storage compatibility. A critical service is unavailable and the department cannot continue normal work. This is architectural or cross-system work with several interdependent stages and solution options. Several dependent stages are involved and the total effort exceeds one work shift. Access to the work area has already been arranged.,en,critical,very_complex,over_8h
"Просьба подготовить концепцию модернизации объекта с несколькими зависимыми подсистемами. Срок не жёсткий; работу можно включить в плановый график. Требуется координация нескольких подсистем или участников и проверка множества зависимостей. Работа займёт значительную часть смены и включает подготовку, выполнение и тестирование. Работы выполняются на действующем объекте.",ru,low,very_complex,4_to_8h
Task: Investigate stock discrepancies across several bin locations. This is an emergency with a safety risk and mitigation must start now. The task has several dependent parts and the solution depends on diagnostic findings. Several dependent stages are involved and the total effort exceeds one work shift. Adjacent systems must remain operational during the task.,en,critical,complex,over_8h
"Требуется заменить аккумулятор в переносном медицинском приборе и провести функциональный тест. Есть близкий срок: выполнить в течение четырёх часов; задержка затронет следующую операцию. Есть несколько последовательных шагов, но используются стандартные методы. Потребуются диагностика, основная операция и контрольная проверка. Исходные данные и доступы будут предоставлены исполнителю.",ru,high,medium,1_to_4h
"Просьба согласовать график нескольких встреч между подразделениями. Особой срочности нет, требуется обычный срок исполнения. Потребуется обычная техническая диагностика и несколько связанных действий. Работа займёт значительную часть смены и включает подготовку, выполнение и тестирование. Перед началом нужно проверить текущее состояние объекта.",ru,normal,medium,4_to_8h
Please diagnose pressure loss in the loop and replace the damaged section. The deadline is within four hours; a delay will affect the next operation. Several interacting factors must be considered and the result checked at multiple stages. Several standard actions are required within part of a shift. A final verification is required after completion.,en,high,complex,1_to_4h
"Необходимо настроить резервное копирование базы данных и проверить восстановление. Особой срочности нет, требуется обычный срок исполнения. Задача состоит из нескольких зависимых частей и требует выбора решения по результатам диагностики. Работа займёт значительную часть смены и включает подготовку, выполнение и тестирование. После завершения требуется контрольная проверка.",ru,normal,complex,4_to_8h
"Задача: сверить расхождения между накладной и фактическим количеством мест. Задача профилактическая, остановки процессов сейчас нет. Нужно учесть несколько взаимосвязанных факторов и проверить результат на разных этапах. Предстоит многоэтапная работа с подготовкой, реализацией, проверками и оформлением результата. Перед началом нужно проверить текущее состояние объекта.",ru,low,complex,over_8h
Task: Design a regional routing scheme with time-window and capacity constraints. Please process this as routine work. This is architectural or cross-system work with several interdependent stages and solution options. Several dependent stages are involved and the total effort exceeds one work shift. Check the current state before starting the work.,en,normal,very_complex,over_8h
"Required: Add CSV report export with date filtering. Handle this through the standard work queue. One clear operation using a standard procedure is required. The work includes diagnosis, the main operation, and a verification step. Adjacent systems must remain operational during the task.",en,normal,simple,1_to_4h
"Необходимо настроить резервное копирование базы данных и проверить восстановление. Особой срочности нет, требуется обычный срок исполнения. Потребуется обычная техническая диагностика и несколько связанных действий. Объём включает несколько стандартных действий в пределах части смены. Доступ к месту работ заранее согласован.",ru,normal,medium,1_to_4h
"Required: Redesign a document approval workflow with multiple roles and routes. A critical service is unavailable and the department cannot continue normal work. The task has several dependent parts and the solution depends on diagnostic findings. The work includes diagnosis, the main operation, and a verification step. Check the current state before starting the work.",en,critical,complex,1_to_4h
Просьба проверить корректность показаний электронного термометра. Требуется немедленная реакция: текущая неисправность остановила ключевой процесс. Потребуется обычная техническая диагностика и несколько связанных действий. Работа локальная и не требует длительной диагностики. Необходимо сохранить работоспособность соседних участков.,ru,critical,medium,up_to_1h
"Please fix the user authentication failure in the web application. Complete this by 18:00 today to avoid disrupting scheduled work. There are several sequential steps, but standard methods are sufficient. The task will take a substantial part of a shift including preparation, execution, and testing. A final verification is required after completion.",en,high,medium,4_to_8h
"Required: Relocate several electrical outlets and verify circuit load. Complete this by 18:00 today to avoid disrupting scheduled work. There are several sequential steps, but standard methods are sufficient. The work includes diagnosis, the main operation, and a verification step. The work will be performed at an operating site.",en,high,medium,1_to_4h
"Просьба сверить расхождения между накладной и фактическим количеством мест. Критичный сервис недоступен, работа подразделения фактически остановлена. Потребуется обычная техническая диагностика и несколько связанных действий. Работа займёт значительную часть смены и включает подготовку, выполнение и тестирование. Работы выполняются на действующем объекте.",ru,critical,medium,4_to_8h
"Необходимо разобраться с расхождением остатков по нескольким ячейкам. Особой срочности нет, требуется обычный срок исполнения. Работа архитектурная/комплексная: несколько взаимозависимых этапов и вариантов решения. Задача включает несколько зависимых этапов и суммарно требует более одной рабочей смены. После завершения требуется контрольная проверка.",ru,normal,very_complex,over_8h
"Required: Reconfigure bin locations after the rack layout was changed. There is no special urgency; use the normal completion window. The task has several dependent parts and the solution depends on diagnostic findings. The work includes diagnosis, the main operation, and a verification step. Adjacent systems must remain operational during the task.",en,normal,complex,1_to_4h
"Task: Restore a device whose failure has stopped a critical diagnostic procedure. The result is needed by the end of the next business day or a dependent activity will be delayed. Several systems or participants must be coordinated and multiple dependencies verified. The task will take a substantial part of a shift including preparation, execution, and testing. The work will be performed at an operating site.",en,high,very_complex,4_to_8h
"Required: Update the PLC program and verify safety interlocks. The work may be completed in a convenient slot during the next few weeks. There are several sequential steps, but standard methods are sufficient. The work includes diagnosis, the main operation, and a verification step. Adjacent systems must remain operational during the task.",en,low,medium,1_to_4h
"Required: Replace a burned-out corridor light. The deadline is within four hours; a delay will affect the next operation. There are several sequential steps, but standard methods are sufficient. The expected scope is one short operation followed by a result check. Check the current state before starting the work.",en,high,medium,up_to_1h
"Просьба обновить сертификат TLS на тестовом сервере. Результат нужен до конца следующего рабочего дня, иначе задержится связанный процесс. Действие типовое, без нестандартных зависимостей. Работа локальная и не требует длительной диагностики. Работы выполняются на действующем объекте.",ru,high,simple,up_to_1h
Required: Replace a faulty wall outlet and test the circuit. The result is needed by the end of the next business day or a dependent activity will be delayed. The action is routine and has no unusual dependencies. The expected scope is one short operation followed by a result check. The work will be performed at an operating site.,en,high,simple,up_to_1h
"Просьба обновить программу ПЛК и проверить межблокировки. Требуется немедленная реакция: текущая неисправность остановила ключевой процесс. Задача состоит из нескольких зависимых частей и требует выбора решения по результатам диагностики. Работа займёт значительную часть смены и включает подготовку, выполнение и тестирование. Перед началом нужно проверить текущее состояние объекта.",ru,critical,complex,4_to_8h
"Просьба разработать интеграцию CRM с внутренней системой через API. Особой срочности нет, требуется обычный срок исполнения. Задача состоит из нескольких зависимых частей и требует выбора решения по результатам диагностики. Объём включает несколько стандартных действий в пределах части смены. Перед началом нужно проверить текущее состояние объекта.",ru,normal,complex,1_to_4h
"We need to diagnose excessive vibration in the pump unit. There is no hard deadline; this can be placed in the planned maintenance queue. Several interacting factors must be considered and the result checked at multiple stages. This is multi-stage work covering preparation, implementation, verification, and documentation. Required source data and access will be provided.",en,low,complex,over_8h
"Необходимо проверить доводчик двери и отрегулировать закрывание. Выполнение допустимо в удобное окно в течение ближайших недель. Действие типовое, без нестандартных зависимостей. Работа локальная и не требует длительной диагностики. Доступ к месту работ заранее согласован.",ru,low,simple,up_to_1h
Required: Fix the user authentication failure in the web application. Handle this through the standard work queue. Routine technical diagnosis and several related actions are required. Several sequential steps and a final verification are required. The work will be performed at an operating site.,en,normal,medium,4_to_8h
"Required: Prepare a modernization concept for a facility with several dependent subsystems. There is no special urgency; use the normal completion window. The task has several dependent parts and the solution depends on diagnostic findings. This is multi-stage work covering preparation, implementation, verification, and documentation. Check the current state before starting the work.",en,normal,complex,over_8h
"Please replace a temperature sensor and calibrate its readings. Complete this by 18:00 today to avoid disrupting scheduled work. Several interacting factors must be considered and the result checked at multiple stages. The task will take a substantial part of a shift including preparation, execution, and testing. Required source data and access will be provided.",en,high,complex,4_to_8h
We need to restore building access after an access-control system failure. There is no hard deadline; this can be placed in the planned maintenance queue. Several systems or participants must be coordinated and multiple dependencies verified. Several sequential steps and a final verification are required. Access to the work area has already been arranged.,en,low,very_complex,4_to_8h
Task: Diagnose pressure loss in the loop and replace the damaged section. This is preventive work and no process is currently stopped. Several interacting factors must be considered and the result checked at multiple stages. Several standard actions are required within part of a shift. Adjacent systems must remain operational during the task.,en,low,complex,1_to_4h
We need to replace a burned-out corridor light. This is preventive work and no process is currently stopped. The action is routine and has no unusual dependencies. The expected scope is one short operation followed by a result check. Required source data and access will be provided.,en,low,simple,up_to_1h
"Задача: заделать трещину в перегородке и восстановить отделку. Срок не жёсткий; работу можно включить в плановый график. Нужно учесть несколько взаимосвязанных факторов и проверить результат на разных этапах. Потребуются диагностика, основная операция и контрольная проверка. Работы выполняются на действующем объекте.",ru,low,complex,1_to_4h
Please install a partition with a doorway using the approved drawing. Handle this through the standard work queue. Routine technical diagnosis and several related actions are required. Several standard actions are required within part of a shift. Required source data and access will be provided.,en,normal,medium,1_to_4h
"Просьба организовать перенаправление партии груза между двумя складами и согласовать окна приёмки. Выполнение допустимо в удобное окно в течение ближайших недель. Есть несколько последовательных шагов, но используются стандартные методы. Работа локальная и не требует длительной диагностики. Перед началом нужно проверить текущее состояние объекта.",ru,low,medium,up_to_1h
"We need to prepare a monthly summary table for the department requests. Immediate response is required because the failure has stopped a key process. Routine technical diagnosis and several related actions are required. The work includes diagnosis, the main operation, and a verification step. A final verification is required after completion.",en,critical,medium,1_to_4h
Просьба обследовать протечку кровли и выполнить локальный ремонт. Есть близкий срок: выполнить в течение четырёх часов; задержка затронет следующую операцию. Нужно учесть несколько взаимосвязанных факторов и проверить результат на разных этапах. Объём включает несколько стандартных действий в пределах части смены. Необходимо сохранить работоспособность соседних участков.,ru,high,complex,1_to_4h
Required: Perform a technical survey and prepare structural strengthening options. The work may be completed in a convenient slot during the next few weeks. Several interacting factors must be considered and the result checked at multiple stages. Several sequential steps and a final verification are required. The work will be performed at an operating site.,en,low,complex,4_to_8h
"Просьба исправить опечатку в шаблоне внутреннего уведомления. Критичный сервис недоступен, работа подразделения фактически остановлена. Нужна одна понятная операция по стандартной процедуре. Объём включает несколько стандартных действий в пределах части смены. Результат нужно зафиксировать в журнале заявки.",ru,critical,simple,1_to_4h
"Задача: подготовить план ввода нового диагностического комплекса с проверкой интерфейсов и обучением персонала. Просьба взять в работу по стандартной очереди. Задача состоит из нескольких зависимых частей и требует выбора решения по результатам диагностики. Предстоит многоэтапная работа с подготовкой, реализацией, проверками и оформлением результата. Работы выполняются на действующем объекте.",ru,normal,complex,over_8h
Please correct a typo in an internal notification template. Handle this through the standard work queue. Routine technical diagnosis and several related actions are required. This is localized work and should not require lengthy diagnostics. Access to the work area has already been arranged.,en,normal,medium,up_to_1h
"Задача: добавить экспорт отчёта в CSV с фильтрацией по периоду. Нужно выполнить в стандартном рабочем порядке. Нужна одна понятная операция по стандартной процедуре. Потребуются диагностика, основная операция и контрольная проверка. Необходимо сохранить работоспособность соседних участков.",ru,normal,simple,1_to_4h
"Просьба переработать процесс согласования документов с несколькими ролями и маршрутами. Нужно закончить сегодня до 18:00, чтобы не сорвать запланированные работы. Есть несколько последовательных шагов, но используются стандартные методы. Работа локальная и не требует длительной диагностики. Перед началом нужно проверить текущее состояние объекта.",ru,high,medium,up_to_1h
"Please prepare an internal-audit evidence pack for several departments. Please process this as routine work. The task has several dependent parts and the solution depends on diagnostic findings. The task will take a substantial part of a shift including preparation, execution, and testing. Provide a short completion note after the work.",en,normal,complex,4_to_8h
Задача: добавить экспорт отчёта в CSV с фильтрацией по периоду. Нужно выполнить в стандартном рабочем порядке. Потребуется обычная техническая диагностика и несколько связанных действий. Ожидаемый объём — одна короткая операция с проверкой результата. Результат нужно зафиксировать в журнале заявки.,ru,normal,medium,up_to_1h
"Задача: спроектировать размещение новой товарной группы с учётом оборачиваемости и ограничений совместного хранения. Нужно закончить сегодня до 18:00, чтобы не сорвать запланированные работы. Нужно учесть несколько взаимосвязанных факторов и проверить результат на разных этапах. Нужно выполнить несколько последовательных этапов с итоговой проверкой. Необходимо сохранить работоспособность соседних участков.",ru,high,complex,4_to_8h
"Задача: провести техническое обследование и подготовить варианты усиления конструкции. Задача профилактическая, остановки процессов сейчас нет. Нужно учесть несколько взаимосвязанных факторов и проверить результат на разных этапах. Нужно выполнить несколько последовательных этапов с итоговой проверкой. Необходимо сохранить работоспособность соседних участков.",ru,low,complex,4_to_8h
Просьба заменить аккумулятор в переносном медицинском приборе и провести функциональный тест. Ситуация аварийная и создаёт риск безопасности; начать устранение необходимо сейчас. Потребуется обычная техническая диагностика и несколько связанных действий. Объём включает несколько стандартных действий в пределах части смены. Необходимо сохранить работоспособность соседних участков.,ru,critical,medium,1_to_4h
"Требуется перенастроить адресное хранение зоны после изменения схемы стеллажей. Ситуация аварийная и создаёт риск безопасности; начать устранение необходимо сейчас. Задача состоит из нескольких зависимых частей и требует выбора решения по результатам диагностики. Потребуются диагностика, основная операция и контрольная проверка. Исходные данные и доступы будут предоставлены исполнителю.",ru,critical,complex,1_to_4h
"Required: Coordinate the schedule for several cross-team meetings. The result is needed by the end of the next business day or a dependent activity will be delayed. Several interacting factors must be considered and the result checked at multiple stages. This is multi-stage work covering preparation, implementation, verification, and documentation. Adjacent systems must remain operational during the task.",en,high,complex,over_8h
"Задача: разработать комплект рабочих чертежей для нового технического узла. Нужно закончить сегодня до 18:00, чтобы не сорвать запланированные работы. Нужно учесть несколько взаимосвязанных факторов и проверить результат на разных этапах. Предстоит многоэтапная работа с подготовкой, реализацией, проверками и оформлением результата. Работы выполняются на действующем объекте.",ru,high,complex,over_8h
"Задача: разработать комплект рабочих чертежей для нового технического узла. Результат нужен до конца следующего рабочего дня, иначе задержится связанный процесс. Есть несколько последовательных шагов, но используются стандартные методы. Нужно выполнить несколько последовательных этапов с итоговой проверкой. Необходимо сохранить работоспособность соседних участков.",ru,high,medium,4_to_8h
"We need to fix the user authentication failure in the web application. A critical service is unavailable and the department cannot continue normal work. One clear operation using a standard procedure is required. The work includes diagnosis, the main operation, and a verification step. Access to the work area has already been arranged.",en,critical,simple,1_to_4h
Required: Perform a spot inventory of one storage section. A critical service is unavailable and the department cannot continue normal work. The task has several dependent parts and the solution depends on diagnostic findings. Several sequential steps and a final verification are required. Record the result in the request log.,en,critical,complex,4_to_8h
"Требуется подготовить план ввода нового диагностического комплекса с проверкой интерфейсов и обучением персонала. Требуется немедленная реакция: текущая неисправность остановила ключевой процесс. Работа архитектурная/комплексная: несколько взаимозависимых этапов и вариантов решения. Предстоит многоэтапная работа с подготовкой, реализацией, проверками и оформлением результата. После завершения требуется контрольная проверка.",ru,critical,very_complex,over_8h
Просьба разобраться с расхождением остатков по нескольким ячейкам. Требуется немедленная реакция: текущая неисправность остановила ключевой процесс. Задача состоит из нескольких зависимых частей и требует выбора решения по результатам диагностики. Задача включает несколько зависимых этапов и суммарно требует более одной рабочей смены. Работы выполняются на действующем объекте.,ru,critical,complex,over_8h
"Task: Redirect a cargo batch between two warehouses and coordinate receiving windows. There is no hard deadline; this can be placed in the planned maintenance queue. There are several sequential steps, but standard methods are sufficient. This is localized work and should not require lengthy diagnostics. The work will be performed at an operating site.",en,low,medium,up_to_1h
"Task: Reconcile a mismatch between the manifest and the physical package count. Immediate response is required because the failure has stopped a key process. Routine technical diagnosis and several related actions are required. The task will take a substantial part of a shift including preparation, execution, and testing. Record the result in the request log.",en,critical,medium,4_to_8h
"Задача: спроектировать размещение новой товарной группы с учётом оборачиваемости и ограничений совместного хранения. Результат нужен до конца следующего рабочего дня, иначе задержится связанный процесс. Требуется координация нескольких подсистем или участников и проверка множества зависимостей. Нужно выполнить несколько последовательных этапов с итоговой проверкой. Результат нужно зафиксировать в журнале заявки.",ru,high,very_complex,4_to_8h
"We need to diagnose unstable operation of a laboratory centrifuge. The work may be completed in a convenient slot during the next few weeks. There are several sequential steps, but standard methods are sufficient. Several sequential steps and a final verification are required. A final verification is required after completion.",en,low,medium,4_to_8h
"Требуется перенести несколько электрических точек и проверить нагрузку на линию. Срок не жёсткий; работу можно включить в плановый график. Есть несколько последовательных шагов, но используются стандартные методы. Потребуются диагностика, основная операция и контрольная проверка. Исходные данные и доступы будут предоставлены исполнителю.",ru,low,medium,1_to_4h
"Требуется согласовать график нескольких встреч между подразделениями. Срок не жёсткий; работу можно включить в плановый график. Есть несколько последовательных шагов, но используются стандартные методы. Нужно выполнить несколько последовательных этапов с итоговой проверкой. Исходные данные и доступы будут предоставлены исполнителю.",ru,low,medium,4_to_8h
We need to add CSV report export with date filtering. Immediate response is required because the failure has stopped a key process. Routine technical diagnosis and several related actions are required. The expected scope is one short operation followed by a result check. A final verification is required after completion.,en,critical,medium,up_to_1h
"We need to prepare a modernization concept for a facility with several dependent subsystems. A critical service is unavailable and the department cannot continue normal work. This is architectural or cross-system work with several interdependent stages and solution options. This is multi-stage work covering preparation, implementation, verification, and documentation. Required source data and access will be provided.",en,critical,very_complex,over_8h
"Просьба организовать перенаправление партии груза между двумя складами и согласовать окна приёмки. Задача профилактическая, остановки процессов сейчас нет. Требуется координация нескольких подсистем или участников и проверка множества зависимостей. Работа займёт значительную часть смены и включает подготовку, выполнение и тестирование. Работы выполняются на действующем объекте.",ru,low,very_complex,4_to_8h
Please diagnose excessive vibration in the pump unit. A critical service is unavailable and the department cannot continue normal work. The task has several dependent parts and the solution depends on diagnostic findings. Several dependent stages are involved and the total effort exceeds one work shift. Access to the work area has already been arranged.,en,critical,complex,over_8h
"Задача: перенести несколько электрических точек и проверить нагрузку на линию. Нужно закончить сегодня до 18:00, чтобы не сорвать запланированные работы. Есть несколько последовательных шагов, но используются стандартные методы. Потребуются диагностика, основная операция и контрольная проверка. Работы выполняются на действующем объекте.",ru,high,medium,1_to_4h
"Просьба диагностировать нестабильную работу лабораторной центрифуги. Просьба взять в работу по стандартной очереди. Потребуется обычная техническая диагностика и несколько связанных действий. Работа займёт значительную часть смены и включает подготовку, выполнение и тестирование. Необходимо сохранить работоспособность соседних участков.",ru,normal,medium,4_to_8h
Please clean up a localized flood and inspect affected building systems. Complete this by 18:00 today to avoid disrupting scheduled work. Several interacting factors must be considered and the result checked at multiple stages. Several standard actions are required within part of a shift. A final verification is required after completion.,en,high,complex,1_to_4h
Требуется перепланировать маршрут нескольких отправлений из-за закрытия участка дороги. Нужно выполнить в стандартном рабочем порядке. Задача состоит из нескольких зависимых частей и требует выбора решения по результатам диагностики. Нужно выполнить несколько последовательных этапов с итоговой проверкой. После выполнения требуется короткий отчёт о результате.,ru,normal,complex,4_to_8h
"Требуется разработать комплект рабочих чертежей для нового технического узла. Задача профилактическая, остановки процессов сейчас нет. Нужно учесть несколько взаимосвязанных факторов и проверить результат на разных этапах. Предстоит многоэтапная работа с подготовкой, реализацией, проверками и оформлением результата. Доступ к месту работ заранее согласован.",ru,low,complex,over_8h
"We need to prepare a multi-floor ventilation modernization plan. Handle this through the standard work queue. This is architectural or cross-system work with several interdependent stages and solution options. This is multi-stage work covering preparation, implementation, verification, and documentation. Required source data and access will be provided.",en,normal,very_complex,over_8h
"Required: Perform scheduled calibration of a patient monitor. Handle this through the standard work queue. One clear operation using a standard procedure is required. The work includes diagnosis, the main operation, and a verification step. The work will be performed at an operating site.",en,normal,simple,1_to_4h
"Задача: подготовить сводную таблицу по заявкам отдела за месяц. Особой срочности нет, требуется обычный срок исполнения. Потребуется обычная техническая диагностика и несколько связанных действий. Потребуются диагностика, основная операция и контрольная проверка. Необходимо сохранить работоспособность соседних участков.",ru,normal,medium,1_to_4h
"We need to reconfigure bin locations after the rack layout was changed. Immediate response is required because the failure has stopped a key process. The task has several dependent parts and the solution depends on diagnostic findings. The work includes diagnosis, the main operation, and a verification step. Access to the work area has already been arranged.",en,critical,complex,1_to_4h
Задача: переработать процесс согласования документов с несколькими ролями и маршрутами. Требуется немедленная реакция: текущая неисправность остановила ключевой процесс. Потребуется обычная техническая диагностика и несколько связанных действий. Ожидаемый объём — одна короткая операция с проверкой результата. Работы выполняются на действующем объекте.,ru,critical,medium,up_to_1h
"We need to investigate stock discrepancies across several bin locations. Complete this by 18:00 today to avoid disrupting scheduled work. There are several sequential steps, but standard methods are sufficient. Several sequential steps and a final verification are required. Access to the work area has already been arranged.",en,high,medium,4_to_8h
"Please replace a temperature sensor and calibrate its readings. The deadline is within four hours; a delay will affect the next operation. There are several sequential steps, but standard methods are sufficient. Several standard actions are required within part of a shift. Access to the work area has already been arranged.",en,high,medium,1_to_4h
"Просьба сверить расхождения между накладной и фактическим количеством мест. Требуется немедленная реакция: текущая неисправность остановила ключевой процесс. Потребуется обычная техническая диагностика и несколько связанных действий. Работа займёт значительную часть смены и включает подготовку, выполнение и тестирование. Результат нужно зафиксировать в журнале заявки.",ru,critical,medium,4_to_8h
"Просьба диагностировать повышенную вибрацию насосного агрегата. Особой срочности нет, требуется обычный срок исполнения. Работа архитектурная/комплексная: несколько взаимозависимых этапов и вариантов решения. Задача включает несколько зависимых этапов и суммарно требует более одной рабочей смены. Перед началом нужно проверить текущее состояние объекта.",ru,normal,very_complex,over_8h
"Required: Clean up a localized flood and inspect affected building systems. Please process this as routine work. The task has several dependent parts and the solution depends on diagnostic findings. The work includes diagnosis, the main operation, and a verification step. Adjacent systems must remain operational during the task.",en,normal,complex,1_to_4h
Required: Build an API integration between the CRM and the internal system. The deadline is within four hours; a delay will affect the next operation. Several systems or participants must be coordinated and multiple dependencies verified. Several sequential steps and a final verification are required. Adjacent systems must remain operational during the task.,en,high,very_complex,4_to_8h
"We need to relocate several electrical outlets and verify circuit load. There is no hard deadline; this can be placed in the planned maintenance queue. There are several sequential steps, but standard methods are sufficient. The work includes diagnosis, the main operation, and a verification step. Required source data and access will be provided.",en,low,medium,1_to_4h
"We need to repair a crack in an internal partition and restore the finish. The deadline is within four hours; a delay will affect the next operation. There are several sequential steps, but standard methods are sufficient. The expected scope is one short operation followed by a result check. Access to the work area has already been arranged.",en,high,medium,up_to_1h
"Задача: заменить повреждённую дверную ручку в служебном помещении. Результат нужен до конца следующего рабочего дня, иначе задержится связанный процесс. Действие типовое, без нестандартных зависимостей. Ожидаемый объём — одна короткая операция с проверкой результата. Работы выполняются на действующем объекте.",ru,high,simple,up_to_1h
We need to stop a leak under the sink and replace the failed connector. The deadline is within four hours; a delay will affect the next operation. The action is routine and has no unusual dependencies. The expected scope is one short operation followed by a result check. A final verification is required after completion.,en,high,simple,up_to_1h
Требуется подготовить план ремонта входной группы с заменой покрытия. Требуется немедленная реакция: текущая неисправность остановила ключевой процесс. Задача состоит из нескольких зависимых частей и требует выбора решения по результатам диагностики. Нужно выполнить несколько последовательных этапов с итоговой проверкой. После выполнения требуется короткий отчёт о результате.,ru,critical,complex,4_to_8h
"Требуется переработать процесс согласования документов с несколькими ролями и маршрутами. Нужно выполнить в стандартном рабочем порядке. Задача состоит из нескольких зависимых частей и требует выбора решения по результатам диагностики. Потребуются диагностика, основная операция и контрольная проверка. После завершения требуется контрольная проверка.",ru,normal,complex,1_to_4h
"Required: Investigate stock discrepancies across several bin locations. The work may be completed in a convenient slot during the next few weeks. Several interacting factors must be considered and the result checked at multiple stages. This is multi-stage work covering preparation, implementation, verification, and documentation. The work will be performed at an operating site.",en,low,complex,over_8h
"Требуется заменить перегоревшую лампу в коридоре. Выполнение допустимо в удобное окно в течение ближайших недель. Действие типовое, без нестандартных зависимостей. Ожидаемый объём — одна короткая операция с проверкой результата. После завершения требуется контрольная проверка.",ru,low,simple,up_to_1h
"Task: Diagnose unstable operation of a laboratory centrifuge. Please process this as routine work. Routine technical diagnosis and several related actions are required. The task will take a substantial part of a shift including preparation, execution, and testing. Adjacent systems must remain operational during the task.",en,normal,medium,4_to_8h
Task: Coordinate the schedule for several cross-team meetings. There is no special urgency; use the normal completion window. The task has several dependent parts and the solution depends on diagnostic findings. Several dependent stages are involved and the total effort exceeds one work shift. Record the result in the request log.,en,normal,complex,over_8h
We need to update the PLC program and verify safety interlocks. The result is needed by the end of the next business day or a dependent activity will be delayed. Several interacting factors must be considered and the result checked at multiple stages. Several sequential steps and a final verification are required. Required source data and access will be provided.,en,high,complex,4_to_8h
"Task: Diagnose pressure loss in the loop and replace the damaged section. There is no hard deadline; this can be placed in the planned maintenance queue. Several systems or participants must be coordinated and multiple dependencies verified. The task will take a substantial part of a shift including preparation, execution, and testing. The work will be performed at an operating site.",en,low,very_complex,4_to_8h
Task: Reconfigure bin locations after the rack layout was changed. There is no hard deadline; this can be placed in the planned maintenance queue. Several interacting factors must be considered and the result checked at multiple stages. Several standard actions are required within part of a shift. Adjacent systems must remain operational during the task.,en,low,complex,1_to_4h
We need to relocate several electrical outlets and verify circuit load. This is preventive work and no process is currently stopped. The action is routine and has no unusual dependencies. The expected scope is one short operation followed by a result check. A final verification is required after completion.,en,low,simple,up_to_1h
Необходимо переработать процесс согласования документов с несколькими ролями и маршрутами. Выполнение допустимо в удобное окно в течение ближайших недель. Нужно учесть несколько взаимосвязанных факторов и проверить результат на разных этапах. Объём включает несколько стандартных действий в пределах части смены. Доступ к месту работ заранее согласован.,ru,low,complex,1_to_4h
"We need to renew the TLS certificate on the staging server. Please process this as routine work. Routine technical diagnosis and several related actions are required. The work includes diagnosis, the main operation, and a verification step. Access to the work area has already been arranged.",en,normal,medium,1_to_4h
"Просьба диагностировать падение давления в контуре и заменить повреждённый участок. Задача профилактическая, остановки процессов сейчас нет. Есть несколько последовательных шагов, но используются стандартные методы. Работа локальная и не требует длительной диагностики. Перед началом нужно проверить текущее состояние объекта.",ru,low,medium,up_to_1h
Task: Replace the battery in a portable medical device and run a functional test. This is an emergency with a safety risk and mitigation must start now. Routine technical diagnosis and several related actions are required. Several standard actions are required within part of a shift. The work will be performed at an operating site.,en,critical,medium,1_to_4h
"Просьба переработать процесс согласования документов с несколькими ролями и маршрутами. Результат нужен до конца следующего рабочего дня, иначе задержится связанный процесс. Нужно учесть несколько взаимосвязанных факторов и проверить результат на разных этапах. Объём включает несколько стандартных действий в пределах части смены. Необходимо сохранить работоспособность соседних участков.",ru,high,complex,1_to_4h
"Task: Prepare a renovation plan for the entrance area and replace the flooring. The work may be completed in a convenient slot during the next few weeks. Several interacting factors must be considered and the result checked at multiple stages. The task will take a substantial part of a shift including preparation, execution, and testing. Adjacent systems must remain operational during the task.",en,low,complex,4_to_8h
"Просьба проверить корректность показаний электронного термометра. Критичный сервис недоступен, работа подразделения фактически остановлена. Нужна одна понятная операция по стандартной процедуре. Объём включает несколько стандартных действий в пределах части смены. Работы выполняются на действующем объекте.",ru,critical,simple,1_to_4h
"Необходимо сверить расхождения между накладной и фактическим количеством мест. Особой срочности нет, требуется обычный срок исполнения. Задача состоит из нескольких зависимых частей и требует выбора решения по результатам диагностики. Задача включает несколько зависимых этапов и суммарно требует более одной рабочей смены. Доступ к месту работ заранее согласован.",ru,normal,complex,over_8h
Required: Add CSV report export with date filtering. Please process this as routine work. Routine technical diagnosis and several related actions are required. The expected scope is one short operation followed by a result check. The work will be performed at an operating site.,en,normal,medium,up_to_1h
"Просьба заменить неисправную розетку и проверить линию. Особой срочности нет, требуется обычный срок исполнения. Нужна одна понятная операция по стандартной процедуре. Объём включает несколько стандартных действий в пределах части смены. Результат нужно зафиксировать в журнале заявки.",ru,normal,simple,1_to_4h
"Необходимо устранить последствия локального подтопления и проверить повреждённые инженерные узлы. Нужно закончить сегодня до 18:00, чтобы не сорвать запланированные работы. Есть несколько последовательных шагов, но используются стандартные методы. Работа локальная и не требует длительной диагностики. Доступ к месту работ заранее согласован.",ru,high,medium,up_to_1h
Required: Perform scheduled calibration of a patient monitor. There is no special urgency; use the normal completion window. The task has several dependent parts and the solution depends on diagnostic findings. Several sequential steps and a final verification are required. Record the result in the request log.,en,normal,complex,4_to_8h
"Задача: диагностировать падение давления в контуре и заменить повреждённый участок. Особой срочности нет, требуется обычный срок исполнения. Потребуется обычная техническая диагностика и несколько связанных действий. Ожидаемый объём — одна короткая операция с проверкой результата. Работы выполняются на действующем объекте.",ru,normal,medium,up_to_1h
"Требуется провести техническое обследование и подготовить варианты усиления конструкции. Нужно закончить сегодня до 18:00, чтобы не сорвать запланированные работы. Нужно учесть несколько взаимосвязанных факторов и проверить результат на разных этапах. Нужно выполнить несколько последовательных этапов с итоговой проверкой. После выполнения требуется короткий отчёт о результате.",ru,high,complex,4_to_8h
"Задача: настроить резервное копирование базы данных и проверить восстановление. Задача профилактическая, остановки процессов сейчас нет. Нужно учесть несколько взаимосвязанных факторов и проверить результат на разных этапах. Нужно выполнить несколько последовательных этапов с итоговой проверкой. Необходимо сохранить работоспособность соседних участков.",ru,low,complex,4_to_8h
"Задача: провести выборочную инвентаризацию секции хранения. Критичный сервис недоступен, работа подразделения фактически остановлена. Потребуется обычная техническая диагностика и несколько связанных действий. Потребуются диагностика, основная операция и контрольная проверка. Работы выполняются на действующем объекте.",ru,critical,medium,1_to_4h
"Требуется перенастроить адресное хранение зоны после изменения схемы стеллажей. Требуется немедленная реакция: текущая неисправность остановила ключевой процесс. Задача состоит из нескольких зависимых частей и требует выбора решения по результатам диагностики. Потребуются диагностика, основная операция и контрольная проверка. Доступ к месту работ заранее согласован.",ru,critical,complex,1_to_4h
"Required: Diagnose unstable operation of a laboratory centrifuge. The deadline is within four hours; a delay will affect the next operation. Several interacting factors must be considered and the result checked at multiple stages. This is multi-stage work covering preparation, implementation, verification, and documentation. Record the result in the request log.",en,high,complex,over_8h
"Задача: диагностировать повышенную вибрацию насосного агрегата. Есть близкий срок: выполнить в течение четырёх часов; задержка затронет следующую операцию. Нужно учесть несколько взаимосвязанных факторов и проверить результат на разных этапах. Предстоит многоэтапная работа с подготовкой, реализацией, проверками и оформлением результата. Результат нужно зафиксировать в журнале заявки.",ru,high,complex,over_8h
"Необходимо исправить ошибку авторизации пользователей в веб-приложении. Результат нужен до конца следующего рабочего дня, иначе задержится связанный процесс. Есть несколько последовательных шагов, но используются стандартные методы. Работа займёт значительную часть смены и включает подготовку, выполнение и тестирование. Исходные данные и доступы будут предоставлены исполнителю.",ru,high,medium,4_to_8h
"We need to perform scheduled calibration of a patient monitor. This is an emergency with a safety risk and mitigation must start now. One clear operation using a standard procedure is required. The work includes diagnosis, the main operation, and a verification step. Required source data and access will be provided.",en,critical,simple,1_to_4h
"Task: Update the PLC program and verify safety interlocks. This is an emergency with a safety risk and mitigation must start now. The task has several dependent parts and the solution depends on diagnostic findings. The task will take a substantial part of a shift including preparation, execution, and testing. Check the current state before starting the work.",en,critical,complex,4_to_8h
Необходимо разработать интеграцию CRM с внутренней системой через API. Ситуация аварийная и создаёт риск безопасности; начать устранение необходимо сейчас. Работа архитектурная/комплексная: несколько взаимозависимых этапов и вариантов решения. Задача включает несколько зависимых этапов и суммарно требует более одной рабочей смены. Доступ к месту работ заранее согласован.,ru,critical,very_complex,over_8h
"Необходимо согласовать график нескольких встреч между подразделениями. Критичный сервис недоступен, работа подразделения фактически остановлена. Задача состоит из нескольких зависимых частей и требует выбора решения по результатам диагностики. Задача включает несколько зависимых этапов и суммарно требует более одной рабочей смены. После завершения требуется контрольная проверка.",ru,critical,complex,over_8h
"Task: Diagnose pressure loss in the loop and replace the damaged section. This is preventive work and no process is currently stopped. There are several sequential steps, but standard methods are sufficient. This is localized work and should not require lengthy diagnostics. Check the current state before starting the work.",en,low,medium,up_to_1h
"Task: Stop a leak under the sink and replace the failed connector. Immediate response is required because the failure has stopped a key process. Routine technical diagnosis and several related actions are required. The task will take a substantial part of a shift including preparation, execution, and testing. Check the current state before starting the work.",en,critical,medium,4_to_8h
"Необходимо разработать проект перепланировки нескольких помещений с согласованием инженерных узлов. Нужно закончить сегодня до 18:00, чтобы не сорвать запланированные работы. Требуется координация нескольких подсистем или участников и проверка множества зависимостей. Работа займёт значительную часть смены и включает подготовку, выполнение и тестирование. После завершения требуется контрольная проверка.",ru,high,very_complex,4_to_8h
"Required: Diagnose insufficient heating in an office room. There is no hard deadline; this can be placed in the planned maintenance queue. There are several sequential steps, but standard methods are sufficient. Several sequential steps and a final verification are required. The work will be performed at an operating site.",en,low,medium,4_to_8h
"Задача: настроить резервное копирование базы данных и проверить восстановление. Срок не жёсткий; работу можно включить в плановый график. Есть несколько последовательных шагов, но используются стандартные методы. Потребуются диагностика, основная операция и контрольная проверка. Перед началом нужно проверить текущее состояние объекта.",ru,low,medium,1_to_4h
"Требуется согласовать график нескольких встреч между подразделениями. Выполнение допустимо в удобное окно в течение ближайших недель. Есть несколько последовательных шагов, но используются стандартные методы. Нужно выполнить несколько последовательных этапов с итоговой проверкой. После завершения требуется контрольная проверка.",ru,low,medium,4_to_8h
Task: Repair a crack in an internal partition and restore the finish. This is an emergency with a safety risk and mitigation must start now. Routine technical diagnosis and several related actions are required. This is localized work and should not require lengthy diagnostics. Adjacent systems must remain operational during the task.,en,critical,medium,up_to_1h
"We need to redirect a cargo batch between two warehouses and coordinate receiving windows. Immediate response is required because the failure has stopped a key process. This is architectural or cross-system work with several interdependent stages and solution options. This is multi-stage work covering preparation, implementation, verification, and documentation. Required source data and access will be provided.",en,critical,very_complex,over_8h
Требуется спроектировать размещение новой товарной группы с учётом оборачиваемости и ограничений совместного хранения. Выполнение допустимо в удобное окно в течение ближайших недель. Требуется координация нескольких подсистем или участников и проверка множества зависимостей. Нужно выполнить несколько последовательных этапов с итоговой проверкой. После выполнения требуется короткий отчёт о результате.,ru,low,very_complex,4_to_8h
"We need to design a multi-room refurbishment including coordination of engineering systems. A critical service is unavailable and the department cannot continue normal work. The task has several dependent parts and the solution depends on diagnostic findings. This is multi-stage work covering preparation, implementation, verification, and documentation. Required source data and access will be provided.",en,critical,complex,over_8h
"Просьба перепланировать маршрут нескольких отправлений из-за закрытия участка дороги. Результат нужен до конца следующего рабочего дня, иначе задержится связанный процесс. Есть несколько последовательных шагов, но используются стандартные методы. Объём включает несколько стандартных действий в пределах части смены. Перед началом нужно проверить текущее состояние объекта.",ru,high,medium,1_to_4h
"Необходимо разобраться с расхождением остатков по нескольким ячейкам. Нужно выполнить в стандартном рабочем порядке. Потребуется обычная техническая диагностика и несколько связанных действий. Работа займёт значительную часть смены и включает подготовку, выполнение и тестирование. Исходные данные и доступы будут предоставлены исполнителю.",ru,normal,medium,4_to_8h
Please clean up a localized flood and inspect affected building systems. The result is needed by the end of the next business day or a dependent activity will be delayed. Several interacting factors must be considered and the result checked at multiple stages. Several standard actions are required within part of a shift. A final verification is required after completion.,en,high,complex,1_to_4h
"Необходимо провести техническое обследование и подготовить варианты усиления конструкции. Особой срочности нет, требуется обычный срок исполнения. Задача состоит из нескольких зависимых частей и требует выбора решения по результатам диагностики. Работа займёт значительную часть смены и включает подготовку, выполнение и тестирование. После завершения требуется контрольная проверка.",ru,normal,complex,4_to_8h
Просьба подготовить план ввода нового диагностического комплекса с проверкой интерфейсов и обучением персонала. Срок не жёсткий; работу можно включить в плановый график. Нужно учесть несколько взаимосвязанных факторов и проверить результат на разных этапах. Задача включает несколько зависимых этапов и суммарно требует более одной рабочей смены. Перед началом нужно проверить текущее состояние объекта.,ru,low,complex,over_8h
"Required: Develop a unified request-handling procedure for multiple branches. Handle this through the standard work queue. This is architectural or cross-system work with several interdependent stages and solution options. This is multi-stage work covering preparation, implementation, verification, and documentation. The work will be performed at an operating site.",en,normal,very_complex,over_8h
"We need to inspect the door closer and adjust its closing action. Please process this as routine work. One clear operation using a standard procedure is required. The work includes diagnosis, the main operation, and a verification step. Access to the work area has already been arranged.",en,normal,simple,1_to_4h
"Задача: заменить датчик температуры и откалибровать показания. Просьба взять в работу по стандартной очереди. Потребуется обычная техническая диагностика и несколько связанных действий. Потребуются диагностика, основная операция и контрольная проверка. Работы выполняются на действующем объекте.",ru,normal,medium,1_to_4h
"We need to diagnose pressure loss in the loop and replace the damaged section. A critical service is unavailable and the department cannot continue normal work. The task has several dependent parts and the solution depends on diagnostic findings. The work includes diagnosis, the main operation, and a verification step. Provide a short completion note after the work.",en,critical,complex,1_to_4h
Требуется организовать перенаправление партии груза между двумя складами и согласовать окна приёмки. Ситуация аварийная и создаёт риск безопасности; начать устранение необходимо сейчас. Потребуется обычная техническая диагностика и несколько связанных действий. Ожидаемый объём — одна короткая операция с проверкой результата. Исходные данные и доступы будут предоставлены исполнителю.,ru,critical,medium,up_to_1h
"Required: Coordinate the schedule for several cross-team meetings. The deadline is within four hours; a delay will affect the next operation. There are several sequential steps, but standard methods are sufficient. Several sequential steps and a final verification are required. The work will be performed at an operating site.",en,high,medium,4_to_8h
"Task: Perform a spot inventory of one storage section. The result is needed by the end of the next business day or a dependent activity will be delayed. There are several sequential steps, but standard methods are sufficient. Several standard actions are required within part of a shift. Record the result in the request log.",en,high,medium,1_to_4h
"Просьба разобраться с расхождением остатков по нескольким ячейкам. Ситуация аварийная и создаёт риск безопасности; начать устранение необходимо сейчас. Потребуется обычная техническая диагностика и несколько связанных действий. Работа займёт значительную часть смены и включает подготовку, выполнение и тестирование. Результат нужно зафиксировать в журнале заявки.",ru,critical,medium,4_to_8h
"Просьба спроектировать размещение новой товарной группы с учётом оборачиваемости и ограничений совместного хранения. Особой срочности нет, требуется обычный срок исполнения. Работа архитектурная/комплексная: несколько взаимозависимых этапов и вариантов решения. Задача включает несколько зависимых этапов и суммарно требует более одной рабочей смены. Работы выполняются на действующем объекте.",ru,normal,very_complex,over_8h
"We need to restore a device whose failure has stopped a critical diagnostic procedure. Handle this through the standard work queue. The task has several dependent parts and the solution depends on diagnostic findings. The work includes diagnosis, the main operation, and a verification step. Provide a short completion note after the work.",en,normal,complex,1_to_4h
Required: Design a regional routing scheme with time-window and capacity constraints. The result is needed by the end of the next business day or a dependent activity will be delayed. Several systems or participants must be coordinated and multiple dependencies verified. Several sequential steps and a final verification are required. The work will be performed at an operating site.,en,high,very_complex,4_to_8h
"Please perform a spot inventory of one storage section. This is preventive work and no process is currently stopped. There are several sequential steps, but standard methods are sufficient. Several standard actions are required within part of a shift. A final verification is required after completion.",en,low,medium,1_to_4h
"Required: Check the status of one delayed shipment and update the record. Complete this by 18:00 today to avoid disrupting scheduled work. There are several sequential steps, but standard methods are sufficient. The expected scope is one short operation followed by a result check. Check the current state before starting the work.",en,high,medium,up_to_1h
"Просьба обновить сертификат TLS на тестовом сервере. Результат нужен до конца следующего рабочего дня, иначе задержится связанный процесс. Действие типовое, без нестандартных зависимостей. Работа локальная и не требует длительной диагностики. Результат нужно зафиксировать в журнале заявки.",ru,high,simple,up_to_1h
Please fix the user authentication failure in the web application. The deadline is within four hours; a delay will affect the next operation. The action is routine and has no unusual dependencies. This is localized work and should not require lengthy diagnostics. Access to the work area has already been arranged.,en,high,simple,up_to_1h
"Просьба провести техническое обследование и подготовить варианты усиления конструкции. Ситуация аварийная и создаёт риск безопасности; начать устранение необходимо сейчас. Задача состоит из нескольких зависимых частей и требует выбора решения по результатам диагностики. Работа займёт значительную часть смены и включает подготовку, выполнение и тестирование. Работы выполняются на действующем объекте.",ru,critical,complex,4_to_8h
"Задача: устранить последствия локального подтопления и проверить повреждённые инженерные узлы. Особой срочности нет, требуется обычный срок исполнения. Задача состоит из нескольких зависимых частей и требует выбора решения по результатам диагностики. Потребуются диагностика, основная операция и контрольная проверка. Результат нужно зафиксировать в журнале заявки.",ru,normal,complex,1_to_4h
Please redesign the room power distribution with load and protection calculations. The work may be completed in a convenient slot during the next few weeks. Several interacting factors must be considered and the result checked at multiple stages. Several dependent stages are involved and the total effort exceeds one work shift. Provide a short completion note after the work.,en,low,complex,over_8h
"Просьба выполнить плановую калибровку монитора пациента. Выполнение допустимо в удобное окно в течение ближайших недель. Действие типовое, без нестандартных зависимостей. Работа локальная и не требует длительной диагностики. Перед началом нужно проверить текущее состояние объекта.",ru,low,simple,up_to_1h
"Task: Diagnose excessive vibration in the pump unit. Handle this through the standard work queue. Routine technical diagnosis and several related actions are required. The task will take a substantial part of a shift including preparation, execution, and testing. Adjacent systems must remain operational during the task.",en,normal,medium,4_to_8h
"Required: Design a multi-room refurbishment including coordination of engineering systems. Handle this through the standard work queue. The task has several dependent parts and the solution depends on diagnostic findings. This is multi-stage work covering preparation, implementation, verification, and documentation. Record the result in the request log.",en,normal,complex,over_8h
"Please prepare a renovation plan for the entrance area and replace the flooring. The deadline is within four hours; a delay will affect the next operation. Several interacting factors must be considered and the result checked at multiple stages. The task will take a substantial part of a shift including preparation, execution, and testing. Access to the work area has already been arranged.",en,high,complex,4_to_8h
"Task: Reconfigure bin locations after the rack layout was changed. The work may be completed in a convenient slot during the next few weeks. Several systems or participants must be coordinated and multiple dependencies verified. The task will take a substantial part of a shift including preparation, execution, and testing. The work will be performed at an operating site.",en,low,very_complex,4_to_8h
Please redesign a document approval workflow with multiple roles and routes. There is no hard deadline; this can be placed in the planned maintenance queue. Several interacting factors must be considered and the result checked at multiple stages. Several standard actions are required within part of a shift. Provide a short completion note after the work.,en,low,complex,1_to_4h
We need to replace a burned-out corridor light. There is no hard deadline; this can be placed in the planned maintenance queue. The action is routine and has no unusual dependencies. The expected scope is one short operation followed by a result check. Required source data and access will be provided.,en,low,simple,up_to_1h
Необходимо обследовать протечку кровли и выполнить локальный ремонт. Срок не жёсткий; работу можно включить в плановый график. Нужно учесть несколько взаимосвязанных факторов и проверить результат на разных этапах. Объём включает несколько стандартных действий в пределах части смены. После выполнения требуется короткий отчёт о результате.,ru,low,complex,1_to_4h
"Required: Replace a temperature sensor and calibrate its readings. Please process this as routine work. Routine technical diagnosis and several related actions are required. The work includes diagnosis, the main operation, and a verification step. The work will be performed at an operating site.",en,normal,medium,1_to_4h
"Требуется перемаркировать одну паллету после исправления карточки товара. Задача профилактическая, остановки процессов сейчас нет. Есть несколько последовательных шагов, но используются стандартные методы. Ожидаемый объём — одна короткая операция с проверкой результата. Доступ к месту работ заранее согласован.",ru,low,medium,up_to_1h
"Required: Perform a spot inventory of one storage section. This is an emergency with a safety risk and mitigation must start now. Routine technical diagnosis and several related actions are required. The work includes diagnosis, the main operation, and a verification step. Record the result in the request log.",en,critical,medium,1_to_4h
Необходимо устранить последствия локального подтопления и проверить повреждённые инженерные узлы. Есть близкий срок: выполнить в течение четырёх часов; задержка затронет следующую операцию. Нужно учесть несколько взаимосвязанных факторов и проверить результат на разных этапах. Объём включает несколько стандартных действий в пределах части смены. Исходные данные и доступы будут предоставлены исполнителю.,ru,high,complex,1_to_4h
"Please reroute several deliveries because a road segment is closed. There is no hard deadline; this can be placed in the planned maintenance queue. Several interacting factors must be considered and the result checked at multiple stages. The task will take a substantial part of a shift including preparation, execution, and testing. A final verification is required after completion.",en,low,complex,4_to_8h
Необходимо уточнить статус одной задержанной поставки и обновить запись. Требуется немедленная реакция: текущая неисправность остановила ключевой процесс. Нужна одна понятная операция по стандартной процедуре. Объём включает несколько стандартных действий в пределах части смены. После завершения требуется контрольная проверка.,ru,critical,simple,1_to_4h
"Просьба разработать комплект рабочих чертежей для нового технического узла. Особой срочности нет, требуется обычный срок исполнения. Задача состоит из нескольких зависимых частей и требует выбора решения по результатам диагностики. Задача включает несколько зависимых этапов и суммарно требует более одной рабочей смены. Перед началом нужно проверить текущее состояние объекта.",ru,normal,complex,over_8h
Task: Relabel one pallet after the product record was corrected. There is no special urgency; use the normal completion window. Routine technical diagnosis and several related actions are required. This is localized work and should not require lengthy diagnostics. Adjacent systems must remain operational during the task.,en,normal,medium,up_to_1h
"Необходимо устранить течь под раковиной с заменой соединения. Особой срочности нет, требуется обычный срок исполнения. Нужна одна понятная операция по стандартной процедуре. Объём включает несколько стандартных действий в пределах части смены. После завершения требуется контрольная проверка.",ru,normal,simple,1_to_4h
"Необходимо диагностировать падение давления в контуре и заменить повреждённый участок. Результат нужен до конца следующего рабочего дня, иначе задержится связанный процесс. Есть несколько последовательных шагов, но используются стандартные методы. Работа локальная и не требует длительной диагностики. После выполнения требуется короткий отчёт о результате.",ru,high,medium,up_to_1h
We need to reroute several deliveries because a road segment is closed. Handle this through the standard work queue. The task has several dependent parts and the solution depends on diagnostic findings. Several sequential steps and a final verification are required. A final verification is required after completion.,en,normal,complex,4_to_8h
Задача: добавить экспорт отчёта в CSV с фильтрацией по периоду. Нужно выполнить в стандартном рабочем порядке. Потребуется обычная техническая диагностика и несколько связанных действий. Ожидаемый объём — одна короткая операция с проверкой результата. Перед началом нужно проверить текущее состояние объекта.,ru,normal,medium,up_to_1h
"Требуется подготовить комплект материалов для внутреннего аудита по нескольким подразделениям. Результат нужен до конца следующего рабочего дня, иначе задержится связанный процесс. Нужно учесть несколько взаимосвязанных факторов и проверить результат на разных этапах. Нужно выполнить несколько последовательных этапов с итоговой проверкой. После выполнения требуется короткий отчёт о результате.",ru,high,complex,4_to_8h
"Задача: заменить аккумулятор в переносном медицинском приборе и провести функциональный тест. Задача профилактическая, остановки процессов сейчас нет. Нужно учесть несколько взаимосвязанных факторов и проверить результат на разных этапах. Нужно выполнить несколько последовательных этапов с итоговой проверкой. Необходимо сохранить работоспособность соседних участков.",ru,low,complex,4_to_8h
"Требуется заменить датчик температуры и откалибровать показания. Требуется немедленная реакция: текущая неисправность остановила ключевой процесс. Потребуется обычная техническая диагностика и несколько связанных действий. Потребуются диагностика, основная операция и контрольная проверка. Исходные данные и доступы будут предоставлены исполнителю.",ru,critical,medium,1_to_4h
"Задача: обследовать протечку кровли и выполнить локальный ремонт. Требуется немедленная реакция: текущая неисправность остановила ключевой процесс. Задача состоит из нескольких зависимых частей и требует выбора решения по результатам диагностики. Потребуются диагностика, основная операция и контрольная проверка. Перед началом нужно проверить текущее состояние объекта.",ru,critical,complex,1_to_4h
"Required: Prepare a working drawing package for a new technical assembly. The result is needed by the end of the next business day or a dependent activity will be delayed. Several interacting factors must be considered and the result checked at multiple stages. This is multi-stage work covering preparation, implementation, verification, and documentation. The work will be performed at an operating site.",en,high,complex,over_8h
"Задача: диагностировать нестабильную работу лабораторной центрифуги. Нужно закончить сегодня до 18:00, чтобы не сорвать запланированные работы. Нужно учесть несколько взаимосвязанных факторов и проверить результат на разных этапах. Предстоит многоэтапная работа с подготовкой, реализацией, проверками и оформлением результата. Результат нужно зафиксировать в журнале заявки.",ru,high,complex,over_8h
"Требуется диагностировать причину недостаточного обогрева помещения. Результат нужен до конца следующего рабочего дня, иначе задержится связанный процесс. Есть несколько последовательных шагов, но используются стандартные методы. Нужно выполнить несколько последовательных этапов с итоговой проверкой. После выполнения требуется короткий отчёт о результате.",ru,high,medium,4_to_8h
Please check the status of one delayed shipment and update the record. This is an emergency with a safety risk and mitigation must start now. One clear operation using a standard procedure is required. Several standard actions are required within part of a shift. Provide a short completion note after the work.,en,critical,simple,1_to_4h
"Task: Perform a technical survey and prepare structural strengthening options. A critical service is unavailable and the department cannot continue normal work. The task has several dependent parts and the solution depends on diagnostic findings. The task will take a substantial part of a shift including preparation, execution, and testing. Adjacent systems must remain operational during the task.",en,critical,complex,4_to_8h
"Просьба разобраться с расхождением остатков по нескольким ячейкам. Критичный сервис недоступен, работа подразделения фактически остановлена. Работа архитектурная/комплексная: несколько взаимозависимых этапов и вариантов решения. Задача включает несколько зависимых этапов и суммарно требует более одной рабочей смены. Необходимо сохранить работоспособность соседних участков.",ru,critical,very_complex,over_8h
"Просьба сверить расхождения между накладной и фактическим количеством мест. Критичный сервис недоступен, работа подразделения фактически остановлена. Задача состоит из нескольких зависимых частей и требует выбора решения по результатам диагностики. Задача включает несколько зависимых этапов и суммарно требует более одной рабочей смены. Перед началом нужно проверить текущее состояние объекта.",ru,critical,complex,over_8h
"Task: Diagnose pressure loss in the loop and replace the damaged section. The work may be completed in a convenient slot during the next few weeks. There are several sequential steps, but standard methods are sufficient. This is localized work and should not require lengthy diagnostics. The work will be performed at an operating site.",en,low,medium,up_to_1h
"Task: Reconcile a mismatch between the manifest and the physical package count. This is an emergency with a safety risk and mitigation must start now. Routine technical diagnosis and several related actions are required. The task will take a substantial part of a shift including preparation, execution, and testing. Check the current state before starting the work.",en,critical,medium,4_to_8h
"Просьба восстановить работу аппарата, из-за отказа которого остановлена критичная диагностическая процедура. Результат нужен до конца следующего рабочего дня, иначе задержится связанный процесс. Требуется координация нескольких подсистем или участников и проверка множества зависимостей. Работа займёт значительную часть смены и включает подготовку, выполнение и тестирование. Результат нужно зафиксировать в журнале заявки.",ru,high,very_complex,4_to_8h
"Task: Fix the user authentication failure in the web application. There is no hard deadline; this can be placed in the planned maintenance queue. There are several sequential steps, but standard methods are sufficient. The task will take a substantial part of a shift including preparation, execution, and testing. The work will be performed at an operating site.",en,low,medium,4_to_8h
"Просьба выполнить плановую калибровку монитора пациента. Срок не жёсткий; работу можно включить в плановый график. Есть несколько последовательных шагов, но используются стандартные методы. Объём включает несколько стандартных действий в пределах части смены. Необходимо сохранить работоспособность соседних участков.",ru,low,medium,1_to_4h
"Требуется согласовать график нескольких встреч между подразделениями. Задача профилактическая, остановки процессов сейчас нет. Есть несколько последовательных шагов, но используются стандартные методы. Нужно выполнить несколько последовательных этапов с итоговой проверкой. Исходные данные и доступы будут предоставлены исполнителю.",ru,low,medium,4_to_8h
Please replace a burned-out corridor light. A critical service is unavailable and the department cannot continue normal work. Routine technical diagnosis and several related actions are required. This is localized work and should not require lengthy diagnostics. A final verification is required after completion.,en,critical,medium,up_to_1h
Please design a regional routing scheme with time-window and capacity constraints. A critical service is unavailable and the department cannot continue normal work. This is architectural or cross-system work with several interdependent stages and solution options. Several dependent stages are involved and the total effort exceeds one work shift. Access to the work area has already been arranged.,en,critical,very_complex,over_8h
"Просьба разработать проект перепланировки нескольких помещений с согласованием инженерных узлов. Выполнение допустимо в удобное окно в течение ближайших недель. Требуется координация нескольких подсистем или участников и проверка множества зависимостей. Работа займёт значительную часть смены и включает подготовку, выполнение и тестирование. Результат нужно зафиксировать в журнале заявки.",ru,low,very_complex,4_to_8h
"We need to prepare commissioning of a diagnostic system including interface checks and staff training. This is an emergency with a safety risk and mitigation must start now. The task has several dependent parts and the solution depends on diagnostic findings. This is multi-stage work covering preparation, implementation, verification, and documentation. Provide a short completion note after the work.",en,critical,complex,over_8h
"Требуется заменить аккумулятор в переносном медицинском приборе и провести функциональный тест. Результат нужен до конца следующего рабочего дня, иначе задержится связанный процесс. Есть несколько последовательных шагов, но используются стандартные методы. Потребуются диагностика, основная операция и контрольная проверка. После выполнения требуется короткий отчёт о результате.",ru,high,medium,1_to_4h
"Необходимо диагностировать причину недостаточного обогрева помещения. Нужно выполнить в стандартном рабочем порядке. Потребуется обычная техническая диагностика и несколько связанных действий. Работа займёт значительную часть смены и включает подготовку, выполнение и тестирование. Исходные данные и доступы будут предоставлены исполнителю.",ru,normal,medium,4_to_8h
Please redirect a cargo batch between two warehouses and coordinate receiving windows. The deadline is within four hours; a delay will affect the next operation. Several interacting factors must be considered and the result checked at multiple stages. Several standard actions are required within part of a shift. Required source data and access will be provided.,en,high,complex,1_to_4h
"Просьба спроектировать размещение новой товарной группы с учётом оборачиваемости и ограничений совместного хранения. Нужно выполнить в стандартном рабочем порядке. Задача состоит из нескольких зависимых частей и требует выбора решения по результатам диагностики. Работа займёт значительную часть смены и включает подготовку, выполнение и тестирование. Работы выполняются на действующем объекте.",ru,normal,complex,4_to_8h
"Задача: разобраться с расхождением остатков по нескольким ячейкам. Задача профилактическая, остановки процессов сейчас нет. Нужно учесть несколько взаимосвязанных факторов и проверить результат на разных этапах. Предстоит многоэтапная работа с подготовкой, реализацией, проверками и оформлением результата. Работы выполняются на действующем объекте.",ru,low,complex,over_8h
"We need to restore a device whose failure has stopped a critical diagnostic procedure. Please process this as routine work. This is architectural or cross-system work with several interdependent stages and solution options. This is multi-stage work covering preparation, implementation, verification, and documentation. Access to the work area has already been arranged.",en,normal,very_complex,over_8h
Task: Coordinate the schedule for several cross-team meetings. Please process this as routine work. One clear operation using a standard procedure is required. Several standard actions are required within part of a shift. Record the result in the request log.,en,normal,simple,1_to_4h
"Требуется обновить сертификат TLS на тестовом сервере. Просьба взять в работу по стандартной очереди. Потребуется обычная техническая диагностика и несколько связанных действий. Потребуются диагностика, основная операция и контрольная проверка. Доступ к месту работ заранее согласован.",ru,normal,medium,1_to_4h
"We need to redirect a cargo batch between two warehouses and coordinate receiving windows. Immediate response is required because the failure has stopped a key process. The task has several dependent parts and the solution depends on diagnostic findings. The work includes diagnosis, the main operation, and a verification step. Provide a short completion note after the work.",en,critical,complex,1_to_4h
Требуется добавить экспорт отчёта в CSV с фильтрацией по периоду. Ситуация аварийная и создаёт риск безопасности; начать устранение необходимо сейчас. Потребуется обычная техническая диагностика и несколько связанных действий. Ожидаемый объём — одна короткая операция с проверкой результата. Исходные данные и доступы будут предоставлены исполнителю.,ru,critical,medium,up_to_1h
"Required: Coordinate the schedule for several cross-team meetings. The result is needed by the end of the next business day or a dependent activity will be delayed. There are several sequential steps, but standard methods are sufficient. Several sequential steps and a final verification are required. Record the result in the request log.",en,high,medium,4_to_8h
"We need to configure database backups and verify a restore procedure. The result is needed by the end of the next business day or a dependent activity will be delayed. There are several sequential steps, but standard methods are sufficient. The work includes diagnosis, the main operation, and a verification step. Provide a short completion note after the work.",en,high,medium,1_to_4h
"Необходимо диагностировать нестабильную работу лабораторной центрифуги. Критичный сервис недоступен, работа подразделения фактически остановлена. Потребуется обычная техническая диагностика и несколько связанных действий. Работа займёт значительную часть смены и включает подготовку, выполнение и тестирование. Исходные данные и доступы будут предоставлены исполнителю.",ru,critical,medium,4_to_8h
"Просьба спроектировать размещение новой товарной группы с учётом оборачиваемости и ограничений совместного хранения. Особой срочности нет, требуется обычный срок исполнения. Работа архитектурная/комплексная: несколько взаимозависимых этапов и вариантов решения. Задача включает несколько зависимых этапов и суммарно требует более одной рабочей смены. Перед началом нужно проверить текущее состояние объекта.",ru,normal,very_complex,over_8h
"We need to inspect a roof leak and perform a localized repair. There is no special urgency; use the normal completion window. The task has several dependent parts and the solution depends on diagnostic findings. The work includes diagnosis, the main operation, and a verification step. A final verification is required after completion.",en,normal,complex,1_to_4h
"Please develop a unified request-handling procedure for multiple branches. The result is needed by the end of the next business day or a dependent activity will be delayed. Several systems or participants must be coordinated and multiple dependencies verified. The task will take a substantial part of a shift including preparation, execution, and testing. A final verification is required after completion.",en,high,very_complex,4_to_8h
"Please inspect the door closer and adjust its closing action. The work may be completed in a convenient slot during the next few weeks. There are several sequential steps, but standard methods are sufficient. Several standard actions are required within part of a shift. Provide a short completion note after the work.",en,low,medium,1_to_4h
"Please reconfigure bin locations after the rack layout was changed. The deadline is within four hours; a delay will affect the next operation. There are several sequential steps, but standard methods are sufficient. This is localized work and should not require lengthy diagnostics. Access to the work area has already been arranged.",en,high,medium,up_to_1h
"Задача: заменить неисправную розетку и проверить линию. Есть близкий срок: выполнить в течение четырёх часов; задержка затронет следующую операцию. Действие типовое, без нестандартных зависимостей. Ожидаемый объём — одна короткая операция с проверкой результата. Результат нужно зафиксировать в журнале заявки.",ru,high,simple,up_to_1h
We need to correct a typo in an internal notification template. The deadline is within four hours; a delay will affect the next operation. The action is routine and has no unusual dependencies. The expected scope is one short operation followed by a result check. Required source data and access will be provided.,en,high,simple,up_to_1h
Задача: перепланировать маршрут нескольких отправлений из-за закрытия участка дороги. Ситуация аварийная и создаёт риск безопасности; начать устранение необходимо сейчас. Задача состоит из нескольких зависимых частей и требует выбора решения по результатам диагностики. Нужно выполнить несколько последовательных этапов с итоговой проверкой. Необходимо сохранить работоспособность соседних участков.,ru,critical,complex,4_to_8h
"Требуется переработать процесс согласования документов с несколькими ролями и маршрутами. Особой срочности нет, требуется обычный срок исполнения. Задача состоит из нескольких зависимых частей и требует выбора решения по результатам диагностики. Потребуются диагностика, основная операция и контрольная проверка. После завершения требуется контрольная проверка.",ru,normal,complex,1_to_4h
"Required: Investigate stock discrepancies across several bin locations. This is preventive work and no process is currently stopped. Several interacting factors must be considered and the result checked at multiple stages. This is multi-stage work covering preparation, implementation, verification, and documentation. Record the result in the request log.",en,low,complex,over_8h
"Задача: сверить расхождения между накладной и фактическим количеством мест. Срок не жёсткий; работу можно включить в плановый график. Действие типовое, без нестандартных зависимостей. Ожидаемый объём — одна короткая операция с проверкой результата. Перед началом нужно проверить текущее состояние объекта.",ru,low,simple,up_to_1h
"Task: Coordinate the schedule for several cross-team meetings. Handle this through the standard work queue. Routine technical diagnosis and several related actions are required. The task will take a substantial part of a shift including preparation, execution, and testing. Check the current state before starting the work.",en,normal,medium,4_to_8h
Please investigate stock discrepancies across several bin locations. Please process this as routine work. The task has several dependent parts and the solution depends on diagnostic findings. Several dependent stages are involved and the total effort exceeds one work shift. Provide a short completion note after the work.,en,normal,complex,over_8h
We need to install a partition with a doorway using the approved drawing. The deadline is within four hours; a delay will affect the next operation. Several interacting factors must be considered and the result checked at multiple stages. Several sequential steps and a final verification are required. Access to the work area has already been arranged.,en,high,complex,4_to_8h
We need to design placement for a new product group considering turnover and storage compatibility. The work may be completed in a convenient slot during the next few weeks. Several systems or participants must be coordinated and multiple dependencies verified. Several sequential steps and a final verification are required. Provide a short completion note after the work.,en,low,very_complex,4_to_8h
Task: Redirect a cargo batch between two warehouses and coordinate receiving windows. This is preventive work and no process is currently stopped. Several interacting factors must be considered and the result checked at multiple stages. Several standard actions are required within part of a shift. Check the current state before starting the work.,en,low,complex,1_to_4h
We need to relabel one pallet after the product record was corrected. This is preventive work and no process is currently stopped. The action is routine and has no unusual dependencies. The expected scope is one short operation followed by a result check. Required source data and access will be provided.,en,low,simple,up_to_1h
Просьба диагностировать падение давления в контуре и заменить повреждённый участок. Срок не жёсткий; работу можно включить в плановый график. Нужно учесть несколько взаимосвязанных факторов и проверить результат на разных этапах. Объём включает несколько стандартных действий в пределах части смены. Необходимо сохранить работоспособность соседних участков.,ru,low,complex,1_to_4h
Please prepare an internal-audit evidence pack for several departments. Please process this as routine work. Routine technical diagnosis and several related actions are required. Several standard actions are required within part of a shift. Required source data and access will be provided.,en,normal,medium,1_to_4h
"Просьба добавить экспорт отчёта в CSV с фильтрацией по периоду. Выполнение допустимо в удобное окно в течение ближайших недель. Есть несколько последовательных шагов, но используются стандартные методы. Работа локальная и не требует длительной диагностики. Работы выполняются на действующем объекте.",ru,low,medium,up_to_1h
Task: Configure database backups and verify a restore procedure. This is an emergency with a safety risk and mitigation must start now. Routine technical diagnosis and several related actions are required. Several standard actions are required within part of a shift. Adjacent systems must remain operational during the task.,en,critical,medium,1_to_4h
"Необходимо организовать перенаправление партии груза между двумя складами и согласовать окна приёмки. Нужно закончить сегодня до 18:00, чтобы не сорвать запланированные работы. Нужно учесть несколько взаимосвязанных факторов и проверить результат на разных этапах. Объём включает несколько стандартных действий в пределах части смены. После завершения требуется контрольная проверка.",ru,high,complex,1_to_4h
Required: Perform a technical survey and prepare structural strengthening options. This is preventive work and no process is currently stopped. Several interacting factors must be considered and the result checked at multiple stages. Several sequential steps and a final verification are required. Adjacent systems must remain operational during the task.,en,low,complex,4_to_8h
"Необходимо перемаркировать одну паллету после исправления карточки товара. Критичный сервис недоступен, работа подразделения фактически остановлена. Нужна одна понятная операция по стандартной процедуре. Объём включает несколько стандартных действий в пределах части смены. После выполнения требуется короткий отчёт о результате.",ru,critical,simple,1_to_4h
Просьба разработать комплект рабочих чертежей для нового технического узла. Нужно выполнить в стандартном рабочем порядке. Задача состоит из нескольких зависимых частей и требует выбора решения по результатам диагностики. Задача включает несколько зависимых этапов и суммарно требует более одной рабочей смены. Работы выполняются на действующем объекте.,ru,normal,complex,over_8h
Please repair a crack in an internal partition and restore the finish. Handle this through the standard work queue. Routine technical diagnosis and several related actions are required. This is localized work and should not require lengthy diagnostics. Required source data and access will be provided.,en,normal,medium,up_to_1h
"Требуется провести выборочную инвентаризацию секции хранения. Просьба взять в работу по стандартной очереди. Нужна одна понятная операция по стандартной процедуре. Потребуются диагностика, основная операция и контрольная проверка. Исходные данные и доступы будут предоставлены исполнителю.",ru,normal,simple,1_to_4h
"Необходимо добавить экспорт отчёта в CSV с фильтрацией по периоду. Есть близкий срок: выполнить в течение четырёх часов; задержка затронет следующую операцию. Есть несколько последовательных шагов, но используются стандартные методы. Работа локальная и не требует длительной диагностики. Доступ к месту работ заранее согласован.",ru,high,medium,up_to_1h
"Please prepare an internal-audit evidence pack for several departments. Please process this as routine work. The task has several dependent parts and the solution depends on diagnostic findings. The task will take a substantial part of a shift including preparation, execution, and testing. A final verification is required after completion.",en,normal,complex,4_to_8h
"Необходимо заделать трещину в перегородке и восстановить отделку. Особой срочности нет, требуется обычный срок исполнения. Потребуется обычная техническая диагностика и несколько связанных действий. Работа локальная и не требует длительной диагностики. После выполнения требуется короткий отчёт о результате.",ru,normal,medium,up_to_1h
Задача: спроектировать новую схему маршрутизации для нескольких регионов с ограничениями по времени и вместимости. Есть близкий срок: выполнить в течение четырёх часов; задержка затронет следующую операцию. Нужно учесть несколько взаимосвязанных факторов и проверить результат на разных этапах. Нужно выполнить несколько последовательных этапов с итоговой проверкой. Необходимо сохранить работоспособность соседних участков.,ru,high,complex,4_to_8h
"Просьба подготовить план ремонта входной группы с заменой покрытия. Задача профилактическая, остановки процессов сейчас нет. Нужно учесть несколько взаимосвязанных факторов и проверить результат на разных этапах. Работа займёт значительную часть смены и включает подготовку, выполнение и тестирование. Перед началом нужно проверить текущее состояние объекта.",ru,low,complex,4_to_8h
Необходимо организовать восстановление доступа в здание после отказа системы контроля доступа. Требуется немедленная реакция: текущая неисправность остановила ключевой процесс. Потребуется обычная техническая диагностика и несколько связанных действий. Объём включает несколько стандартных действий в пределах части смены. Исходные данные и доступы будут предоставлены исполнителю.,ru,critical,medium,1_to_4h
"Требуется перенастроить адресное хранение зоны после изменения схемы стеллажей. Критичный сервис недоступен, работа подразделения фактически остановлена. Задача состоит из нескольких зависимых частей и требует выбора решения по результатам диагностики. Потребуются диагностика, основная операция и контрольная проверка. После завершения требуется контрольная проверка.",ru,critical,complex,1_to_4h
"We need to investigate stock discrepancies across several bin locations. The result is needed by the end of the next business day or a dependent activity will be delayed. Several interacting factors must be considered and the result checked at multiple stages. This is multi-stage work covering preparation, implementation, verification, and documentation. A final verification is required after completion.",en,high,complex,over_8h
"Требуется сверить расхождения между накладной и фактическим количеством мест. Результат нужен до конца следующего рабочего дня, иначе задержится связанный процесс. Нужно учесть несколько взаимосвязанных факторов и проверить результат на разных этапах. Предстоит многоэтапная работа с подготовкой, реализацией, проверками и оформлением результата. После выполнения требуется короткий отчёт о результате.",ru,high,complex,over_8h
"Требуется диагностировать причину недостаточного обогрева помещения. Результат нужен до конца следующего рабочего дня, иначе задержится связанный процесс. Есть несколько последовательных шагов, но используются стандартные методы. Нужно выполнить несколько последовательных этапов с итоговой проверкой. Исходные данные и доступы будут предоставлены исполнителю.",ru,high,medium,4_to_8h
"Required: Inspect the door closer and adjust its closing action. This is an emergency with a safety risk and mitigation must start now. One clear operation using a standard procedure is required. The work includes diagnosis, the main operation, and a verification step. Adjacent systems must remain operational during the task.",en,critical,simple,1_to_4h
"Task: Perform a technical survey and prepare structural strengthening options. Immediate response is required because the failure has stopped a key process. The task has several dependent parts and the solution depends on diagnostic findings. The task will take a substantial part of a shift including preparation, execution, and testing. Check the current state before starting the work.",en,critical,complex,4_to_8h
"Задача: восстановить работу аппарата, из-за отказа которого остановлена критичная диагностическая процедура. Требуется немедленная реакция: текущая неисправность остановила ключевой процесс. Работа архитектурная/комплексная: несколько взаимозависимых этапов и вариантов решения. Предстоит многоэтапная работа с подготовкой, реализацией, проверками и оформлением результата. Перед началом нужно проверить текущее состояние объекта.",ru,critical,very_complex,over_8h
Необходимо диагностировать повышенную вибрацию насосного агрегата. Ситуация аварийная и создаёт риск безопасности; начать устранение необходимо сейчас. Задача состоит из нескольких зависимых частей и требует выбора решения по результатам диагностики. Задача включает несколько зависимых этапов и суммарно требует более одной рабочей смены. После выполнения требуется короткий отчёт о результате.,ru,critical,complex,over_8h
"Required: Verify the readings of an electronic clinical thermometer. The work may be completed in a convenient slot during the next few weeks. There are several sequential steps, but standard methods are sufficient. The expected scope is one short operation followed by a result check. The work will be performed at an operating site.",en,low,medium,up_to_1h
We need to fix the user authentication failure in the web application. A critical service is unavailable and the department cannot continue normal work. Routine technical diagnosis and several related actions are required. Several sequential steps and a final verification are required. A final verification is required after completion.,en,critical,medium,4_to_8h
"Необходимо разработать проект перепланировки нескольких помещений с согласованием инженерных узлов. Есть близкий срок: выполнить в течение четырёх часов; задержка затронет следующую операцию. Требуется координация нескольких подсистем или участников и проверка множества зависимостей. Работа займёт значительную часть смены и включает подготовку, выполнение и тестирование. После выполнения требуется короткий отчёт о результате.",ru,high,very_complex,4_to_8h
"We need to prepare a working drawing package for a new technical assembly. There is no hard deadline; this can be placed in the planned maintenance queue. There are several sequential steps, but standard methods are sufficient. Several sequential steps and a final verification are required. Required source data and access will be provided.",en,low,medium,4_to_8h
"Просьба подготовить сводную таблицу по заявкам отдела за месяц. Срок не жёсткий; работу можно включить в плановый график. Есть несколько последовательных шагов, но используются стандартные методы. Объём включает несколько стандартных действий в пределах части смены. Работы выполняются на действующем объекте.",ru,low,medium,1_to_4h
"Просьба исправить ошибку авторизации пользователей в веб-приложении. Задача профилактическая, остановки процессов сейчас нет. Есть несколько последовательных шагов, но используются стандартные методы. Работа займёт значительную часть смены и включает подготовку, выполнение и тестирование. Работы выполняются на действующем объекте.",ru,low,medium,4_to_8h
We need to clean up a localized flood and inspect affected building systems. This is an emergency with a safety risk and mitigation must start now. Routine technical diagnosis and several related actions are required. The expected scope is one short operation followed by a result check. Access to the work area has already been arranged.,en,critical,medium,up_to_1h
"Required: Restore a device whose failure has stopped a critical diagnostic procedure. Immediate response is required because the failure has stopped a key process. This is architectural or cross-system work with several interdependent stages and solution options. This is multi-stage work covering preparation, implementation, verification, and documentation. Check the current state before starting the work.",en,critical,very_complex,over_8h
"Задача: разобраться с расхождением остатков по нескольким ячейкам. Задача профилактическая, остановки процессов сейчас нет. Требуется координация нескольких подсистем или участников и проверка множества зависимостей. Нужно выполнить несколько последовательных этапов с итоговой проверкой. Необходимо сохранить работоспособность соседних участков.",ru,low,very_complex,4_to_8h
Please prepare a working drawing package for a new technical assembly. Immediate response is required because the failure has stopped a key process. The task has several dependent parts and the solution depends on diagnostic findings. Several dependent stages are involved and the total effort exceeds one work shift. Provide a short completion note after the work.,en,critical,complex,over_8h
"Требуется смонтировать перегородку с дверным проёмом по готовому чертежу. Есть близкий срок: выполнить в течение четырёх часов; задержка затронет следующую операцию. Есть несколько последовательных шагов, но используются стандартные методы. Потребуются диагностика, основная операция и контрольная проверка. После завершения требуется контрольная проверка.",ru,high,medium,1_to_4h
"Задача: исправить ошибку авторизации пользователей в веб-приложении. Особой срочности нет, требуется обычный срок исполнения. Потребуется обычная техническая диагностика и несколько связанных действий. Нужно выполнить несколько последовательных этапов с итоговой проверкой. Результат нужно зафиксировать в журнале заявки.",ru,normal,medium,4_to_8h
Please reconfigure bin locations after the rack layout was changed. The result is needed by the end of the next business day or a dependent activity will be delayed. Several interacting factors must be considered and the result checked at multiple stages. Several standard actions are required within part of a shift. Access to the work area has already been arranged.,en,high,complex,1_to_4h
"Необходимо провести техническое обследование и подготовить варианты усиления конструкции. Просьба взять в работу по стандартной очереди. Задача состоит из нескольких зависимых частей и требует выбора решения по результатам диагностики. Работа займёт значительную часть смены и включает подготовку, выполнение и тестирование. Доступ к месту работ заранее согласован.",ru,normal,complex,4_to_8h
"Требуется согласовать график нескольких встреч между подразделениями. Выполнение допустимо в удобное окно в течение ближайших недель. Нужно учесть несколько взаимосвязанных факторов и проверить результат на разных этапах. Предстоит многоэтапная работа с подготовкой, реализацией, проверками и оформлением результата. Доступ к месту работ заранее согласован.",ru,low,complex,over_8h
"We need to restore a device whose failure has stopped a critical diagnostic procedure. Please process this as routine work. This is architectural or cross-system work with several interdependent stages and solution options. This is multi-stage work covering preparation, implementation, verification, and documentation. A final verification is required after completion.",en,normal,very_complex,over_8h
Please stop a leak under the sink and replace the failed connector. Please process this as routine work. One clear operation using a standard procedure is required. Several standard actions are required within part of a shift. A final verification is required after completion.,en,normal,simple,1_to_4h
Необходимо смонтировать перегородку с дверным проёмом по готовому чертежу. Просьба взять в работу по стандартной очереди. Потребуется обычная техническая диагностика и несколько связанных действий. Объём включает несколько стандартных действий в пределах части смены. После завершения требуется контрольная проверка.,ru,normal,medium,1_to_4h
Task: Repair a crack in an internal partition and restore the finish. Immediate response is required because the failure has stopped a key process. The task has several dependent parts and the solution depends on diagnostic findings. Several standard actions are required within part of a shift. The work will be performed at an operating site.,en,critical,complex,1_to_4h
Требуется перенастроить адресное хранение зоны после изменения схемы стеллажей. Ситуация аварийная и создаёт риск безопасности; начать устранение необходимо сейчас. Потребуется обычная техническая диагностика и несколько связанных действий. Ожидаемый объём — одна короткая операция с проверкой результата. После выполнения требуется короткий отчёт о результате.,ru,critical,medium,up_to_1h
"Required: Diagnose excessive vibration in the pump unit. The deadline is within four hours; a delay will affect the next operation. There are several sequential steps, but standard methods are sufficient. Several sequential steps and a final verification are required. Check the current state before starting the work.",en,high,medium,4_to_8h
"We need to replace the battery in a portable medical device and run a functional test. The result is needed by the end of the next business day or a dependent activity will be delayed. There are several sequential steps, but standard methods are sufficient. The work includes diagnosis, the main operation, and a verification step. Provide a short completion note after the work.",en,high,medium,1_to_4h
Требуется исправить ошибку авторизации пользователей в веб-приложении. Ситуация аварийная и создаёт риск безопасности; начать устранение необходимо сейчас. Потребуется обычная техническая диагностика и несколько связанных действий. Нужно выполнить несколько последовательных этапов с итоговой проверкой. Исходные данные и доступы будут предоставлены исполнителю.,ru,critical,medium,4_to_8h
"Необходимо подготовить комплект материалов для внутреннего аудита по нескольким подразделениям. Особой срочности нет, требуется обычный срок исполнения. Работа архитектурная/комплексная: несколько взаимозависимых этапов и вариантов решения. Задача включает несколько зависимых этапов и суммарно требует более одной рабочей смены. Исходные данные и доступы будут предоставлены исполнителю.",ru,normal,very_complex,over_8h
"Required: Diagnose pressure loss in the loop and replace the damaged section. Please process this as routine work. The task has several dependent parts and the solution depends on diagnostic findings. The work includes diagnosis, the main operation, and a verification step. The work will be performed at an operating site.",en,normal,complex,1_to_4h
"Please prepare a modernization concept for a facility with several dependent subsystems. The deadline is within four hours; a delay will affect the next operation. Several systems or participants must be coordinated and multiple dependencies verified. The task will take a substantial part of a shift including preparation, execution, and testing. Access to the work area has already been arranged.",en,high,very_complex,4_to_8h
"Please perform a spot inventory of one storage section. There is no hard deadline; this can be placed in the planned maintenance queue. There are several sequential steps, but standard methods are sufficient. Several standard actions are required within part of a shift. Required source data and access will be provided.",en,low,medium,1_to_4h
"Required: Relabel one pallet after the product record was corrected. The result is needed by the end of the next business day or a dependent activity will be delayed. There are several sequential steps, but standard methods are sufficient. The expected scope is one short operation followed by a result check. Check the current state before starting the work.",en,high,medium,up_to_1h
"Требуется устранить течь под раковиной с заменой соединения. Результат нужен до конца следующего рабочего дня, иначе задержится связанный процесс. Действие типовое, без нестандартных зависимостей. Ожидаемый объём — одна короткая операция с проверкой результата. После завершения требуется контрольная проверка.",ru,high,simple,up_to_1h
We need to stop a leak under the sink and replace the failed connector. The result is needed by the end of the next business day or a dependent activity will be delayed. The action is routine and has no unusual dependencies. The expected scope is one short operation followed by a result check. A final verification is required after completion.,en,high,simple,up_to_1h
"Необходимо организовать восстановление доступа в здание после отказа системы контроля доступа. Критичный сервис недоступен, работа подразделения фактически остановлена. Задача состоит из нескольких зависимых частей и требует выбора решения по результатам диагностики. Работа займёт значительную часть смены и включает подготовку, выполнение и тестирование. После выполнения требуется короткий отчёт о результате.",ru,critical,complex,4_to_8h
"Задача: перенастроить адресное хранение зоны после изменения схемы стеллажей. Особой срочности нет, требуется обычный срок исполнения. Задача состоит из нескольких зависимых частей и требует выбора решения по результатам диагностики. Потребуются диагностика, основная операция и контрольная проверка. Перед началом нужно проверить текущее состояние объекта.",ru,normal,complex,1_to_4h
"Required: Investigate stock discrepancies across several bin locations. This is preventive work and no process is currently stopped. Several interacting factors must be considered and the result checked at multiple stages. This is multi-stage work covering preparation, implementation, verification, and documentation. The work will be performed at an operating site.",en,low,complex,over_8h
"Задача: диагностировать причину недостаточного обогрева помещения. Срок не жёсткий; работу можно включить в плановый график. Действие типовое, без нестандартных зависимостей. Ожидаемый объём — одна короткая операция с проверкой результата. Результат нужно зафиксировать в журнале заявки.",ru,low,simple,up_to_1h
"Please investigate stock discrepancies across several bin locations. Handle this through the standard work queue. Routine technical diagnosis and several related actions are required. The task will take a substantial part of a shift including preparation, execution, and testing. Required source data and access will be provided.",en,normal,medium,4_to_8h
Task: Prepare a working drawing package for a new technical assembly. There is no special urgency; use the normal completion window. The task has several dependent parts and the solution depends on diagnostic findings. Several dependent stages are involved and the total effort exceeds one work shift. Adjacent systems must remain operational during the task.,en,normal,complex,over_8h
"Task: Reroute several deliveries because a road segment is closed. Complete this by 18:00 today to avoid disrupting scheduled work. Several interacting factors must be considered and the result checked at multiple stages. The task will take a substantial part of a shift including preparation, execution, and testing. Adjacent systems must remain operational during the task.",en,high,complex,4_to_8h
We need to prepare a working drawing package for a new technical assembly. There is no hard deadline; this can be placed in the planned maintenance queue. Several systems or participants must be coordinated and multiple dependencies verified. Several sequential steps and a final verification are required. Access to the work area has already been arranged.,en,low,very_complex,4_to_8h
Please redesign a document approval workflow with multiple roles and routes. This is preventive work and no process is currently stopped. Several interacting factors must be considered and the result checked at multiple stages. Several standard actions are required within part of a shift. Required source data and access will be provided.,en,low,complex,1_to_4h
We need to relabel one pallet after the product record was corrected. There is no hard deadline; this can be placed in the planned maintenance queue. The action is routine and has no unusual dependencies. The expected scope is one short operation followed by a result check. Access to the work area has already been arranged.,en,low,simple,up_to_1h
Просьба организовать перенаправление партии груза между двумя складами и согласовать окна приёмки. Срок не жёсткий; работу можно включить в плановый график. Нужно учесть несколько взаимосвязанных факторов и проверить результат на разных этапах. Объём включает несколько стандартных действий в пределах части смены. Результат нужно зафиксировать в журнале заявки.,ru,low,complex,1_to_4h
"We need to renew the TLS certificate on the staging server. There is no special urgency; use the normal completion window. Routine technical diagnosis and several related actions are required. The work includes diagnosis, the main operation, and a verification step. Provide a short completion note after the work.",en,normal,medium,1_to_4h
"Задача: заделать трещину в перегородке и восстановить отделку. Выполнение допустимо в удобное окно в течение ближайших недель. Есть несколько последовательных шагов, но используются стандартные методы. Ожидаемый объём — одна короткая операция с проверкой результата. Необходимо сохранить работоспособность соседних участков.",ru,low,medium,up_to_1h
Please relocate several electrical outlets and verify circuit load. This is an emergency with a safety risk and mitigation must start now. Routine technical diagnosis and several related actions are required. Several standard actions are required within part of a shift. Provide a short completion note after the work.,en,critical,medium,1_to_4h
"Необходимо диагностировать падение давления в контуре и заменить повреждённый участок. Нужно закончить сегодня до 18:00, чтобы не сорвать запланированные работы. Нужно учесть несколько взаимосвязанных факторов и проверить результат на разных этапах. Объём включает несколько стандартных действий в пределах части смены. После завершения требуется контрольная проверка.",ru,high,complex,1_to_4h
We need to design a regional routing scheme with time-window and capacity constraints. There is no hard deadline; this can be placed in the planned maintenance queue. Several interacting factors must be considered and the result checked at multiple stages. Several sequential steps and a final verification are required. Access to the work area has already been arranged.,en,low,complex,4_to_8h
"Требуется подготовить сводную таблицу по заявкам отдела за месяц. Ситуация аварийная и создаёт риск безопасности; начать устранение необходимо сейчас. Нужна одна понятная операция по стандартной процедуре. Потребуются диагностика, основная операция и контрольная проверка. После выполнения требуется короткий отчёт о результате.",ru,critical,simple,1_to_4h
"Требуется подготовить комплексный план модернизации вентиляции на нескольких этажах. Просьба взять в работу по стандартной очереди. Задача состоит из нескольких зависимых частей и требует выбора решения по результатам диагностики. Предстоит многоэтапная работа с подготовкой, реализацией, проверками и оформлением результата. Доступ к месту работ заранее согласован.",ru,normal,complex,over_8h
Required: Add CSV report export with date filtering. Handle this through the standard work queue. Routine technical diagnosis and several related actions are required. The expected scope is one short operation followed by a result check. Record the result in the request log.,en,normal,medium,up_to_1h
Просьба заменить неисправную розетку и проверить линию. Нужно выполнить в стандартном рабочем порядке. Нужна одна понятная операция по стандартной процедуре. Объём включает несколько стандартных действий в пределах части смены. Результат нужно зафиксировать в журнале заявки.,ru,normal,simple,1_to_4h
"Требуется проверить корректность показаний электронного термометра. Нужно закончить сегодня до 18:00, чтобы не сорвать запланированные работы. Есть несколько последовательных шагов, но используются стандартные методы. Ожидаемый объём — одна короткая операция с проверкой результата. Доступ к месту работ заранее согласован.",ru,high,medium,up_to_1h
"Task: Restore building access after an access-control system failure. There is no special urgency; use the normal completion window. The task has several dependent parts and the solution depends on diagnostic findings. The task will take a substantial part of a shift including preparation, execution, and testing. Adjacent systems must remain operational during the task.",en,normal,complex,4_to_8h
Просьба уточнить статус одной задержанной поставки и обновить запись. Просьба взять в работу по стандартной очереди. Потребуется обычная техническая диагностика и несколько связанных действий. Работа локальная и не требует длительной диагностики. Необходимо сохранить работоспособность соседних участков.,ru,normal,medium,up_to_1h
Задача: спроектировать размещение новой товарной группы с учётом оборачиваемости и ограничений совместного хранения. Есть близкий срок: выполнить в течение четырёх часов; задержка затронет следующую операцию. Нужно учесть несколько взаимосвязанных факторов и проверить результат на разных этапах. Нужно выполнить несколько последовательных этапов с итоговой проверкой. Результат нужно зафиксировать в журнале заявки.,ru,high,complex,4_to_8h
Задача: настроить резервное копирование базы данных и проверить восстановление. Срок не жёсткий; работу можно включить в плановый график. Нужно учесть несколько взаимосвязанных факторов и проверить результат на разных этапах. Нужно выполнить несколько последовательных этапов с итоговой проверкой. Результат нужно зафиксировать в журнале заявки.,ru,low,complex,4_to_8h
Просьба настроить резервное копирование базы данных и проверить восстановление. Ситуация аварийная и создаёт риск безопасности; начать устранение необходимо сейчас. Потребуется обычная техническая диагностика и несколько связанных действий. Объём включает несколько стандартных действий в пределах части смены. Необходимо сохранить работоспособность соседних участков.,ru,critical,medium,1_to_4h
Просьба заделать трещину в перегородке и восстановить отделку. Ситуация аварийная и создаёт риск безопасности; начать устранение необходимо сейчас. Задача состоит из нескольких зависимых частей и требует выбора решения по результатам диагностики. Объём включает несколько стандартных действий в пределах части смены. Перед началом нужно проверить текущее состояние объекта.,ru,critical,complex,1_to_4h
"Required: Diagnose excessive vibration in the pump unit. The deadline is within four hours; a delay will affect the next operation. Several interacting factors must be considered and the result checked at multiple stages. This is multi-stage work covering preparation, implementation, verification, and documentation. Record the result in the request log.",en,high,complex,over_8h
"Требуется разобраться с расхождением остатков по нескольким ячейкам. Результат нужен до конца следующего рабочего дня, иначе задержится связанный процесс. Нужно учесть несколько взаимосвязанных факторов и проверить результат на разных этапах. Предстоит многоэтапная работа с подготовкой, реализацией, проверками и оформлением результата. После завершения требуется контрольная проверка.",ru,high,complex,over_8h
"Задача: заменить повреждённую дверную ручку в служебном помещении. Есть близкий срок: выполнить в течение четырёх часов; задержка затронет следующую операцию. Есть несколько последовательных шагов, но используются стандартные методы. Нужно выполнить несколько последовательных этапов с итоговой проверкой. Перед началом нужно проверить текущее состояние объекта.",ru,high,medium,4_to_8h
Task: Correct a typo in an internal notification template. Immediate response is required because the failure has stopped a key process. One clear operation using a standard procedure is required. Several standard actions are required within part of a shift. Adjacent systems must remain operational during the task.,en,critical,simple,1_to_4h
We need to prepare a renovation plan for the entrance area and replace the flooring. A critical service is unavailable and the department cannot continue normal work. The task has several dependent parts and the solution depends on diagnostic findings. Several sequential steps and a final verification are required. Access to the work area has already been arranged.,en,critical,complex,4_to_8h
"Задача: подготовить комплексный план модернизации вентиляции на нескольких этажах. Требуется немедленная реакция: текущая неисправность остановила ключевой процесс. Работа архитектурная/комплексная: несколько взаимозависимых этапов и вариантов решения. Предстоит многоэтапная работа с подготовкой, реализацией, проверками и оформлением результата. Работы выполняются на действующем объекте.",ru,critical,very_complex,over_8h
"Просьба разобраться с расхождением остатков по нескольким ячейкам. Критичный сервис недоступен, работа подразделения фактически остановлена. Задача состоит из нескольких зависимых частей и требует выбора решения по результатам диагностики. Задача включает несколько зависимых этапов и суммарно требует более одной рабочей смены. Перед началом нужно проверить текущее состояние объекта.",ru,critical,complex,over_8h
"Required: Repair a crack in an internal partition and restore the finish. There is no hard deadline; this can be placed in the planned maintenance queue. There are several sequential steps, but standard methods are sufficient. The expected scope is one short operation followed by a result check. Record the result in the request log.",en,low,medium,up_to_1h
We need to fix the user authentication failure in the web application. Immediate response is required because the failure has stopped a key process. Routine technical diagnosis and several related actions are required. Several sequential steps and a final verification are required. Access to the work area has already been arranged.,en,critical,medium,4_to_8h
"Просьба подготовить комплексный план модернизации вентиляции на нескольких этажах. Нужно закончить сегодня до 18:00, чтобы не сорвать запланированные работы. Требуется координация нескольких подсистем или участников и проверка множества зависимостей. Работа займёт значительную часть смены и включает подготовку, выполнение и тестирование. Перед началом нужно проверить текущее состояние объекта.",ru,high,very_complex,4_to_8h
"We need to prepare a working drawing package for a new technical assembly. This is preventive work and no process is currently stopped. There are several sequential steps, but standard methods are sufficient. Several sequential steps and a final verification are required. A final verification is required after completion.",en,low,medium,4_to_8h
"Требуется перенести несколько электрических точек и проверить нагрузку на линию. Задача профилактическая, остановки процессов сейчас нет. Есть несколько последовательных шагов, но используются стандартные методы. Потребуются диагностика, основная операция и контрольная проверка. Исходные данные и доступы будут предоставлены исполнителю.",ru,low,medium,1_to_4h
"Задача: устранить течь под раковиной с заменой соединения. Срок не жёсткий; работу можно включить в плановый график. Есть несколько последовательных шагов, но используются стандартные методы. Нужно выполнить несколько последовательных этапов с итоговой проверкой. Перед началом нужно проверить текущее состояние объекта.",ru,low,medium,4_to_8h
Task: Correct a typo in an internal notification template. A critical service is unavailable and the department cannot continue normal work. Routine technical diagnosis and several related actions are required. This is localized work and should not require lengthy diagnostics. Adjacent systems must remain operational during the task.,en,critical,medium,up_to_1h
"We need to prepare commissioning of a diagnostic system including interface checks and staff training. This is an emergency with a safety risk and mitigation must start now. This is architectural or cross-system work with several interdependent stages and solution options. This is multi-stage work covering preparation, implementation, verification, and documentation. Access to the work area has already been arranged.",en,critical,very_complex,over_8h
"Просьба разработать проект перепланировки нескольких помещений с согласованием инженерных узлов. Выполнение допустимо в удобное окно в течение ближайших недель. Требуется координация нескольких подсистем или участников и проверка множества зависимостей. Работа займёт значительную часть смены и включает подготовку, выполнение и тестирование. Необходимо сохранить работоспособность соседних участков.",ru,low,very_complex,4_to_8h
Task: Diagnose insufficient heating in an office room. A critical service is unavailable and the department cannot continue normal work. The task has several dependent parts and the solution depends on diagnostic findings. Several dependent stages are involved and the total effort exceeds one work shift. Record the result in the request log.,en,critical,complex,over_8h
"Просьба обновить сертификат TLS на тестовом сервере. Результат нужен до конца следующего рабочего дня, иначе задержится связанный процесс. Есть несколько последовательных шагов, но используются стандартные методы. Объём включает несколько стандартных действий в пределах части смены. Перед началом нужно проверить текущее состояние объекта.",ru,high,medium,1_to_4h
"Необходимо диагностировать причину недостаточного обогрева помещения. Особой срочности нет, требуется обычный срок исполнения. Потребуется обычная техническая диагностика и несколько связанных действий. Работа займёт значительную часть смены и включает подготовку, выполнение и тестирование. Доступ к месту работ заранее согласован.",ru,normal,medium,4_to_8h
Task: Inspect a roof leak and perform a localized repair. The result is needed by the end of the next business day or a dependent activity will be delayed. Several interacting factors must be considered and the result checked at multiple stages. Several standard actions are required within part of a shift. Record the result in the request log.,en,high,complex,1_to_4h
"Требуется провести выборочную инвентаризацию секции хранения. Особой срочности нет, требуется обычный срок исполнения. Задача состоит из нескольких зависимых частей и требует выбора решения по результатам диагностики. Нужно выполнить несколько последовательных этапов с итоговой проверкой. Исходные данные и доступы будут предоставлены исполнителю.",ru,normal,complex,4_to_8h
"Просьба подготовить концепцию модернизации объекта с несколькими зависимыми подсистемами. Задача профилактическая, остановки процессов сейчас нет. Нужно учесть несколько взаимосвязанных факторов и проверить результат на разных этапах. Задача включает несколько зависимых этапов и суммарно требует более одной рабочей смены. Необходимо сохранить работоспособность соседних участков.",ru,low,complex,over_8h
"We need to restore a device whose failure has stopped a critical diagnostic procedure. There is no special urgency; use the normal completion window. This is architectural or cross-system work with several interdependent stages and solution options. This is multi-stage work covering preparation, implementation, verification, and documentation. Required source data and access will be provided.",en,normal,very_complex,over_8h
Task: Replace a burned-out corridor light. There is no special urgency; use the normal completion window. One clear operation using a standard procedure is required. Several standard actions are required within part of a shift. Check the current state before starting the work.,en,normal,simple,1_to_4h
"Необходимо заменить аккумулятор в переносном медицинском приборе и провести функциональный тест. Особой срочности нет, требуется обычный срок исполнения. Потребуется обычная техническая диагностика и несколько связанных действий. Объём включает несколько стандартных действий в пределах части смены. Доступ к месту работ заранее согласован.",ru,normal,medium,1_to_4h
"Required: Inspect a roof leak and perform a localized repair. This is an emergency with a safety risk and mitigation must start now. The task has several dependent parts and the solution depends on diagnostic findings. The work includes diagnosis, the main operation, and a verification step. The work will be performed at an operating site.",en,critical,complex,1_to_4h
"Просьба заделать трещину в перегородке и восстановить отделку. Критичный сервис недоступен, работа подразделения фактически остановлена. Потребуется обычная техническая диагностика и несколько связанных действий. Работа локальная и не требует длительной диагностики. Результат нужно зафиксировать в журнале заявки.",ru,critical,medium,up_to_1h
"We need to investigate stock discrepancies across several bin locations. The deadline is within four hours; a delay will affect the next operation. There are several sequential steps, but standard methods are sufficient. Several sequential steps and a final verification are required. A final verification is required after completion.",en,high,medium,4_to_8h
"Task: Inspect the door closer and adjust its closing action. The result is needed by the end of the next business day or a dependent activity will be delayed. There are several sequential steps, but standard methods are sufficient. Several standard actions are required within part of a shift. Check the current state before starting the work.",en,high,medium,1_to_4h
"Просьба диагностировать причину недостаточного обогрева помещения. Ситуация аварийная и создаёт риск безопасности; начать устранение необходимо сейчас. Потребуется обычная техническая диагностика и несколько связанных действий. Работа займёт значительную часть смены и включает подготовку, выполнение и тестирование. Перед началом нужно проверить текущее состояние объекта.",ru,critical,medium,4_to_8h
"Требуется подготовить комплексный план модернизации вентиляции на нескольких этажах. Нужно выполнить в стандартном рабочем порядке. Работа архитектурная/комплексная: несколько взаимозависимых этапов и вариантов решения. Предстоит многоэтапная работа с подготовкой, реализацией, проверками и оформлением результата. Доступ к месту работ заранее согласован.",ru,normal,very_complex,over_8h
"We need to inspect a roof leak and perform a localized repair. Handle this through the standard work queue. The task has several dependent parts and the solution depends on diagnostic findings. The work includes diagnosis, the main operation, and a verification step. Provide a short completion note after the work.",en,normal,complex,1_to_4h
"Please prepare commissioning of a diagnostic system including interface checks and staff training. The deadline is within four hours; a delay will affect the next operation. Several systems or participants must be coordinated and multiple dependencies verified. The task will take a substantial part of a shift including preparation, execution, and testing. A final verification is required after completion.",en,high,very_complex,4_to_8h
"We need to restore building access after an access-control system failure. This is preventive work and no process is currently stopped. There are several sequential steps, but standard methods are sufficient. The work includes diagnosis, the main operation, and a verification step. A final verification is required after completion.",en,low,medium,1_to_4h
"Required: Replace a burned-out corridor light. The result is needed by the end of the next business day or a dependent activity will be delayed. There are several sequential steps, but standard methods are sufficient. The expected scope is one short operation followed by a result check. Adjacent systems must remain operational during the task.",en,high,medium,up_to_1h
"Задача: перемаркировать одну паллету после исправления карточки товара. Есть близкий срок: выполнить в течение четырёх часов; задержка затронет следующую операцию. Действие типовое, без нестандартных зависимостей. Ожидаемый объём — одна короткая операция с проверкой результата. Необходимо сохранить работоспособность соседних участков.",ru,high,simple,up_to_1h
We need to stop a leak under the sink and replace the failed connector. Complete this by 18:00 today to avoid disrupting scheduled work. The action is routine and has no unusual dependencies. The expected scope is one short operation followed by a result check. Access to the work area has already been arranged.,en,high,simple,up_to_1h
Задача: перепланировать маршрут нескольких отправлений из-за закрытия участка дороги. Требуется немедленная реакция: текущая неисправность остановила ключевой процесс. Задача состоит из нескольких зависимых частей и требует выбора решения по результатам диагностики. Нужно выполнить несколько последовательных этапов с итоговой проверкой. Работы выполняются на действующем объекте.,ru,critical,complex,4_to_8h
"Требуется переработать процесс согласования документов с несколькими ролями и маршрутами. Просьба взять в работу по стандартной очереди. Задача состоит из нескольких зависимых частей и требует выбора решения по результатам диагностики. Потребуются диагностика, основная операция и контрольная проверка. Исходные данные и доступы будут предоставлены исполнителю.",ru,normal,complex,1_to_4h
"We need to prepare a working drawing package for a new technical assembly. The work may be completed in a convenient slot during the next few weeks. Several interacting factors must be considered and the result checked at multiple stages. This is multi-stage work covering preparation, implementation, verification, and documentation. Provide a short completion note after the work.",en,low,complex,over_8h
"Задача: исправить опечатку в шаблоне внутреннего уведомления. Срок не жёсткий; работу можно включить в плановый график. Действие типовое, без нестандартных зависимостей. Ожидаемый объём — одна короткая операция с проверкой результата. Необходимо сохранить работоспособность соседних участков.",ru,low,simple,up_to_1h
"Task: Replace a damaged door handle in a staff room. Please process this as routine work. Routine technical diagnosis and several related actions are required. The task will take a substantial part of a shift including preparation, execution, and testing. Check the current state before starting the work.",en,normal,medium,4_to_8h
Task: Diagnose unstable operation of a laboratory centrifuge. Please process this as routine work. The task has several dependent parts and the solution depends on diagnostic findings. Several dependent stages are involved and the total effort exceeds one work shift. The work will be performed at an operating site.,en,normal,complex,over_8h
We need to perform a technical survey and prepare structural strengthening options. Complete this by 18:00 today to avoid disrupting scheduled work. Several interacting factors must be considered and the result checked at multiple stages. Several sequential steps and a final verification are required. Provide a short completion note after the work.,en,high,complex,4_to_8h
We need to restore building access after an access-control system failure. The work may be completed in a convenient slot during the next few weeks. Several systems or participants must be coordinated and multiple dependencies verified. Several sequential steps and a final verification are required. A final verification is required after completion.,en,low,very_complex,4_to_8h
Please inspect a roof leak and perform a localized repair. The work may be completed in a convenient slot during the next few weeks. Several interacting factors must be considered and the result checked at multiple stages. Several standard actions are required within part of a shift. A final verification is required after completion.,en,low,complex,1_to_4h
We need to replace a damaged door handle in a staff room. The work may be completed in a convenient slot during the next few weeks. The action is routine and has no unusual dependencies. The expected scope is one short operation followed by a result check. Provide a short completion note after the work.,en,low,simple,up_to_1h
"Просьба устранить последствия локального подтопления и проверить повреждённые инженерные узлы. Задача профилактическая, остановки процессов сейчас нет. Нужно учесть несколько взаимосвязанных факторов и проверить результат на разных этапах. Объём включает несколько стандартных действий в пределах части смены. Результат нужно зафиксировать в журнале заявки.",ru,low,complex,1_to_4h
"Required: Perform scheduled calibration of a patient monitor. There is no special urgency; use the normal completion window. Routine technical diagnosis and several related actions are required. The work includes diagnosis, the main operation, and a verification step. The work will be performed at an operating site.",en,normal,medium,1_to_4h
"Просьба добавить экспорт отчёта в CSV с фильтрацией по периоду. Задача профилактическая, остановки процессов сейчас нет. Есть несколько последовательных шагов, но используются стандартные методы. Работа локальная и не требует длительной диагностики. Перед началом нужно проверить текущее состояние объекта.",ru,low,medium,up_to_1h
"Required: Renew the TLS certificate on the staging server. Immediate response is required because the failure has stopped a key process. Routine technical diagnosis and several related actions are required. The work includes diagnosis, the main operation, and a verification step. Check the current state before starting the work.",en,critical,medium,1_to_4h
"Требуется заделать трещину в перегородке и восстановить отделку. Нужно закончить сегодня до 18:00, чтобы не сорвать запланированные работы. Нужно учесть несколько взаимосвязанных факторов и проверить результат на разных этапах. Потребуются диагностика, основная операция и контрольная проверка. Исходные данные и доступы будут предоставлены исполнителю.",ru,high,complex,1_to_4h
Required: Configure database backups and verify a restore procedure. There is no hard deadline; this can be placed in the planned maintenance queue. Several interacting factors must be considered and the result checked at multiple stages. Several sequential steps and a final verification are required. Record the result in the request log.,en,low,complex,4_to_8h
Необходимо заменить перегоревшую лампу в коридоре. Требуется немедленная реакция: текущая неисправность остановила ключевой процесс. Нужна одна понятная операция по стандартной процедуре. Объём включает несколько стандартных действий в пределах части смены. После выполнения требуется короткий отчёт о результате.,ru,critical,simple,1_to_4h
Просьба согласовать график нескольких встреч между подразделениями. Нужно выполнить в стандартном рабочем порядке. Задача состоит из нескольких зависимых частей и требует выбора решения по результатам диагностики. Задача включает несколько зависимых этапов и суммарно требует более одной рабочей смены. Необходимо сохранить работоспособность соседних участков.,ru,normal,complex,over_8h
Required: Redirect a cargo batch between two warehouses and coordinate receiving windows. Handle this through the standard work queue. Routine technical diagnosis and several related actions are required. The expected scope is one short operation followed by a result check. The work will be performed at an operating site.,en,normal,medium,up_to_1h
"Требуется обновить сертификат TLS на тестовом сервере. Нужно выполнить в стандартном рабочем порядке. Нужна одна понятная операция по стандартной процедуре. Потребуются диагностика, основная операция и контрольная проверка. Доступ к месту работ заранее согласован.",ru,normal,simple,1_to_4h
"Задача: уточнить статус одной задержанной поставки и обновить запись. Нужно закончить сегодня до 18:00, чтобы не сорвать запланированные работы. Есть несколько последовательных шагов, но используются стандартные методы. Ожидаемый объём — одна короткая операция с проверкой результата. Перед началом нужно проверить текущее состояние объекта.",ru,high,medium,up_to_1h
"Please prepare an internal-audit evidence pack for several departments. Handle this through the standard work queue. The task has several dependent parts and the solution depends on diagnostic findings. The task will take a substantial part of a shift including preparation, execution, and testing. Access to the work area has already been arranged.",en,normal,complex,4_to_8h
Необходимо исправить опечатку в шаблоне внутреннего уведомления. Нужно выполнить в стандартном рабочем порядке. Потребуется обычная техническая диагностика и несколько связанных действий. Работа локальная и не требует длительной диагностики. Доступ к месту работ заранее согласован.,ru,normal,medium,up_to_1h
"Требуется смонтировать перегородку с дверным проёмом по готовому чертежу. Нужно закончить сегодня до 18:00, чтобы не сорвать запланированные работы. Нужно учесть несколько взаимосвязанных факторов и проверить результат на разных этапах. Нужно выполнить несколько последовательных этапов с итоговой проверкой. После выполнения требуется короткий отчёт о результате.",ru,high,complex,4_to_8h
"Требуется организовать восстановление доступа в здание после отказа системы контроля доступа. Задача профилактическая, остановки процессов сейчас нет. Нужно учесть несколько взаимосвязанных факторов и проверить результат на разных этапах. Нужно выполнить несколько последовательных этапов с итоговой проверкой. Доступ к месту работ заранее согласован.",ru,low,complex,4_to_8h
Необходимо перенести несколько электрических точек и проверить нагрузку на линию. Ситуация аварийная и создаёт риск безопасности; начать устранение необходимо сейчас. Потребуется обычная техническая диагностика и несколько связанных действий. Объём включает несколько стандартных действий в пределах части смены. Исходные данные и доступы будут предоставлены исполнителю.,ru,critical,medium,1_to_4h
"Требуется перенастроить адресное хранение зоны после изменения схемы стеллажей. Требуется немедленная реакция: текущая неисправность остановила ключевой процесс. Задача состоит из нескольких зависимых частей и требует выбора решения по результатам диагностики. Потребуются диагностика, основная операция и контрольная проверка. После завершения требуется контрольная проверка.",ru,critical,complex,1_to_4h
"Required: Prepare a working drawing package for a new technical assembly. The deadline is within four hours; a delay will affect the next operation. Several interacting factors must be considered and the result checked at multiple stages. This is multi-stage work covering preparation, implementation, verification, and documentation. Check the current state before starting the work.",en,high,complex,over_8h
"Задача: диагностировать нестабильную работу лабораторной центрифуги. Результат нужен до конца следующего рабочего дня, иначе задержится связанный процесс. Нужно учесть несколько взаимосвязанных факторов и проверить результат на разных этапах. Предстоит многоэтапная работа с подготовкой, реализацией, проверками и оформлением результата. Работы выполняются на действующем объекте.",ru,high,complex,over_8h
"Задача: разработать комплект рабочих чертежей для нового технического узла. Нужно закончить сегодня до 18:00, чтобы не сорвать запланированные работы. Есть несколько последовательных шагов, но используются стандартные методы. Нужно выполнить несколько последовательных этапов с итоговой проверкой. Результат нужно зафиксировать в журнале заявки.",ru,high,medium,4_to_8h
Please check the status of one delayed shipment and update the record. Immediate response is required because the failure has stopped a key process. One clear operation using a standard procedure is required. Several standard actions are required within part of a shift. Provide a short completion note after the work.,en,critical,simple,1_to_4h
"Please design placement for a new product group considering turnover and storage compatibility. This is an emergency with a safety risk and mitigation must start now. The task has several dependent parts and the solution depends on diagnostic findings. The task will take a substantial part of a shift including preparation, execution, and testing. Required source data and access will be provided.",en,critical,complex,4_to_8h
"Необходимо разработать комплект рабочих чертежей для нового технического узла. Критичный сервис недоступен, работа подразделения фактически остановлена. Работа архитектурная/комплексная: несколько взаимозависимых этапов и вариантов решения. Задача включает несколько зависимых этапов и суммарно требует более одной рабочей смены. Исходные данные и доступы будут предоставлены исполнителю.",ru,critical,very_complex,over_8h
Необходимо диагностировать повышенную вибрацию насосного агрегата. Ситуация аварийная и создаёт риск безопасности; начать устранение необходимо сейчас. Задача состоит из нескольких зависимых частей и требует выбора решения по результатам диагностики. Задача включает несколько зависимых этапов и суммарно требует более одной рабочей смены. Исходные данные и доступы будут предоставлены исполнителю.,ru,critical,complex,over_8h
"Task: Add CSV report export with date filtering. There is no hard deadline; this can be placed in the planned maintenance queue. There are several sequential steps, but standard methods are sufficient. This is localized work and should not require lengthy diagnostics. Check the current state before starting the work.",en,low,medium,up_to_1h
We need to fix the user authentication failure in the web application. A critical service is unavailable and the department cannot continue normal work. Routine technical diagnosis and several related actions are required. Several sequential steps and a final verification are required. Provide a short completion note after the work.,en,critical,medium,4_to_8h
"Задача: спроектировать новую схему маршрутизации для нескольких регионов с ограничениями по времени и вместимости. Нужно закончить сегодня до 18:00, чтобы не сорвать запланированные работы. Требуется координация нескольких подсистем или участников и проверка множества зависимостей. Нужно выполнить несколько последовательных этапов с итоговой проверкой. Необходимо сохранить работоспособность соседних участков.",ru,high,very_complex,4_to_8h
"We need to coordinate the schedule for several cross-team meetings. The work may be completed in a convenient slot during the next few weeks. There are several sequential steps, but standard methods are sufficient. Several sequential steps and a final verification are required. Provide a short completion note after the work.",en,low,medium,4_to_8h
"Задача: смонтировать перегородку с дверным проёмом по готовому чертежу. Выполнение допустимо в удобное окно в течение ближайших недель. Есть несколько последовательных шагов, но используются стандартные методы. Потребуются диагностика, основная операция и контрольная проверка. Результат нужно зафиксировать в журнале заявки.",ru,low,medium,1_to_4h
"Требуется диагностировать повышенную вибрацию насосного агрегата. Выполнение допустимо в удобное окно в течение ближайших недель. Есть несколько последовательных шагов, но используются стандартные методы. Нужно выполнить несколько последовательных этапов с итоговой проверкой. Доступ к месту работ заранее согласован.",ru,low,medium,4_to_8h
Task: Repair a crack in an internal partition and restore the finish. A critical service is unavailable and the department cannot continue normal work. Routine technical diagnosis and several related actions are required. This is localized work and should not require lengthy diagnostics. The work will be performed at an operating site.,en,critical,medium,up_to_1h
"Required: Restore a device whose failure has stopped a critical diagnostic procedure. Immediate response is required because the failure has stopped a key process. This is architectural or cross-system work with several interdependent stages and solution options. This is multi-stage work covering preparation, implementation, verification, and documentation. Adjacent systems must remain operational during the task.",en,critical,very_complex,over_8h
"Просьба разработать проект перепланировки нескольких помещений с согласованием инженерных узлов. Задача профилактическая, остановки процессов сейчас нет. Требуется координация нескольких подсистем или участников и проверка множества зависимостей. Работа займёт значительную часть смены и включает подготовку, выполнение и тестирование. Результат нужно зафиксировать в журнале заявки.",ru,low,very_complex,4_to_8h
Task: Investigate stock discrepancies across several bin locations. Immediate response is required because the failure has stopped a key process. The task has several dependent parts and the solution depends on diagnostic findings. Several dependent stages are involved and the total effort exceeds one work shift. The work will be performed at an operating site.,en,critical,complex,over_8h
"Необходимо выполнить плановую калибровку монитора пациента. Результат нужен до конца следующего рабочего дня, иначе задержится связанный процесс. Есть несколько последовательных шагов, но используются стандартные методы. Объём включает несколько стандартных действий в пределах части смены. После завершения требуется контрольная проверка.",ru,high,medium,1_to_4h
Задача: исправить ошибку авторизации пользователей в веб-приложении. Просьба взять в работу по стандартной очереди. Потребуется обычная техническая диагностика и несколько связанных действий. Нужно выполнить несколько последовательных этапов с итоговой проверкой. Необходимо сохранить работоспособность соседних участков.,ru,normal,medium,4_to_8h
Please diagnose pressure loss in the loop and replace the damaged section. The deadline is within four hours; a delay will affect the next operation. Several interacting factors must be considered and the result checked at multiple stages. Several standard actions are required within part of a shift. Access to the work area has already been arranged.,en,high,complex,1_to_4h
Задача: заменить датчик температуры и откалибровать показания. Просьба взять в работу по стандартной очереди. Задача состоит из нескольких зависимых частей и требует выбора решения по результатам диагностики. Нужно выполнить несколько последовательных этапов с итоговой проверкой. Результат нужно зафиксировать в журнале заявки.,ru,normal,complex,4_to_8h
"Задача: разобраться с расхождением остатков по нескольким ячейкам. Срок не жёсткий; работу можно включить в плановый график. Нужно учесть несколько взаимосвязанных факторов и проверить результат на разных этапах. Предстоит многоэтапная работа с подготовкой, реализацией, проверками и оформлением результата. Результат нужно зафиксировать в журнале заявки.",ru,low,complex,over_8h
Please update the PLC program and verify safety interlocks. Please process this as routine work. This is architectural or cross-system work with several interdependent stages and solution options. Several dependent stages are involved and the total effort exceeds one work shift. A final verification is required after completion.,en,normal,very_complex,over_8h
"Required: Fix the user authentication failure in the web application. Handle this through the standard work queue. One clear operation using a standard procedure is required. The work includes diagnosis, the main operation, and a verification step. Check the current state before starting the work.",en,normal,simple,1_to_4h
"Требуется провести выборочную инвентаризацию секции хранения. Нужно выполнить в стандартном рабочем порядке. Потребуется обычная техническая диагностика и несколько связанных действий. Потребуются диагностика, основная операция и контрольная проверка. Доступ к месту работ заранее согласован.",ru,normal,medium,1_to_4h
"We need to add CSV report export with date filtering. Immediate response is required because the failure has stopped a key process. The task has several dependent parts and the solution depends on diagnostic findings. The work includes diagnosis, the main operation, and a verification step. Access to the work area has already been arranged.",en,critical,complex,1_to_4h
"Просьба проверить корректность показаний электронного термометра. Критичный сервис недоступен, работа подразделения фактически остановлена. Потребуется обычная техническая диагностика и несколько связанных действий. Работа локальная и не требует длительной диагностики. Перед началом нужно проверить текущее состояние объекта.",ru,critical,medium,up_to_1h
"We need to diagnose insufficient heating in an office room. The result is needed by the end of the next business day or a dependent activity will be delayed. There are several sequential steps, but standard methods are sufficient. Several sequential steps and a final verification are required. Provide a short completion note after the work.",en,high,medium,4_to_8h
"Task: Renew the TLS certificate on the staging server. Complete this by 18:00 today to avoid disrupting scheduled work. There are several sequential steps, but standard methods are sufficient. Several standard actions are required within part of a shift. Adjacent systems must remain operational during the task.",en,high,medium,1_to_4h
"Просьба диагностировать причину недостаточного обогрева помещения. Критичный сервис недоступен, работа подразделения фактически остановлена. Потребуется обычная техническая диагностика и несколько связанных действий. Работа займёт значительную часть смены и включает подготовку, выполнение и тестирование. Работы выполняются на действующем объекте.",ru,critical,medium,4_to_8h
"Задача: подготовить концепцию модернизации объекта с несколькими зависимыми подсистемами. Просьба взять в работу по стандартной очереди. Работа архитектурная/комплексная: несколько взаимозависимых этапов и вариантов решения. Предстоит многоэтапная работа с подготовкой, реализацией, проверками и оформлением результата. Результат нужно зафиксировать в журнале заявки.",ru,normal,very_complex,over_8h
Please repair a crack in an internal partition and restore the finish. Please process this as routine work. The task has several dependent parts and the solution depends on diagnostic findings. Several standard actions are required within part of a shift. Provide a short completion note after the work.,en,normal,complex,1_to_4h
"Task: Prepare a multi-floor ventilation modernization plan. The deadline is within four hours; a delay will affect the next operation. Several systems or participants must be coordinated and multiple dependencies verified. The task will take a substantial part of a shift including preparation, execution, and testing. The work will be performed at an operating site.",en,high,very_complex,4_to_8h
"Please perform a spot inventory of one storage section. This is preventive work and no process is currently stopped. There are several sequential steps, but standard methods are sufficient. Several standard actions are required within part of a shift. Access to the work area has already been arranged.",en,low,medium,1_to_4h
"Task: Redesign a document approval workflow with multiple roles and routes. The deadline is within four hours; a delay will affect the next operation. There are several sequential steps, but standard methods are sufficient. This is localized work and should not require lengthy diagnostics. Adjacent systems must remain operational during the task.",en,high,medium,up_to_1h
"Требуется заделать трещину в перегородке и восстановить отделку. Нужно закончить сегодня до 18:00, чтобы не сорвать запланированные работы. Действие типовое, без нестандартных зависимостей. Ожидаемый объём — одна короткая операция с проверкой результата. Доступ к месту работ заранее согласован.",ru,high,simple,up_to_1h
We need to correct a typo in an internal notification template. Complete this by 18:00 today to avoid disrupting scheduled work. The action is routine and has no unusual dependencies. The expected scope is one short operation followed by a result check. Provide a short completion note after the work.,en,high,simple,up_to_1h
"Необходимо организовать восстановление доступа в здание после отказа системы контроля доступа. Ситуация аварийная и создаёт риск безопасности; начать устранение необходимо сейчас. Задача состоит из нескольких зависимых частей и требует выбора решения по результатам диагностики. Работа займёт значительную часть смены и включает подготовку, выполнение и тестирование. Доступ к месту работ заранее согласован.",ru,critical,complex,4_to_8h
"Задача: диагностировать падение давления в контуре и заменить повреждённый участок. Нужно выполнить в стандартном рабочем порядке. Задача состоит из нескольких зависимых частей и требует выбора решения по результатам диагностики. Потребуются диагностика, основная операция и контрольная проверка. Необходимо сохранить работоспособность соседних участков.",ru,normal,complex,1_to_4h
"Required: Diagnose insufficient heating in an office room. The work may be completed in a convenient slot during the next few weeks. Several interacting factors must be considered and the result checked at multiple stages. This is multi-stage work covering preparation, implementation, verification, and documentation. Adjacent systems must remain operational during the task.",en,low,complex,over_8h
"Необходимо проверить доводчик двери и отрегулировать закрывание. Срок не жёсткий; работу можно включить в плановый график. Действие типовое, без нестандартных зависимостей. Работа локальная и не требует длительной диагностики. После завершения требуется контрольная проверка.",ru,low,simple,up_to_1h
"Please diagnose insufficient heating in an office room. There is no special urgency; use the normal completion window. Routine technical diagnosis and several related actions are required. The task will take a substantial part of a shift including preparation, execution, and testing. Access to the work area has already been arranged.",en,normal,medium,4_to_8h
Task: Diagnose excessive vibration in the pump unit. There is no special urgency; use the normal completion window. The task has several dependent parts and the solution depends on diagnostic findings. Several dependent stages are involved and the total effort exceeds one work shift. The work will be performed at an operating site.,en,normal,complex,over_8h
Required: Design a regional routing scheme with time-window and capacity constraints. The deadline is within four hours; a delay will affect the next operation. Several interacting factors must be considered and the result checked at multiple stages. Several sequential steps and a final verification are required. Adjacent systems must remain operational during the task.,en,high,complex,4_to_8h
"Task: Prepare commissioning of a diagnostic system including interface checks and staff training. This is preventive work and no process is currently stopped. Several systems or participants must be coordinated and multiple dependencies verified. The task will take a substantial part of a shift including preparation, execution, and testing. Record the result in the request log.",en,low,very_complex,4_to_8h
Please redesign a document approval workflow with multiple roles and routes. The work may be completed in a convenient slot during the next few weeks. Several interacting factors must be considered and the result checked at multiple stages. Several standard actions are required within part of a shift. Access to the work area has already been arranged.,en,low,complex,1_to_4h
We need to relabel one pallet after the product record was corrected. The work may be completed in a convenient slot during the next few weeks. The action is routine and has no unusual dependencies. The expected scope is one short operation followed by a result check. A final verification is required after completion.,en,low,simple,up_to_1h
Необходимо переработать процесс согласования документов с несколькими ролями и маршрутами. Выполнение допустимо в удобное окно в течение ближайших недель. Нужно учесть несколько взаимосвязанных факторов и проверить результат на разных этапах. Объём включает несколько стандартных действий в пределах части смены. Исходные данные и доступы будут предоставлены исполнителю.,ru,low,complex,1_to_4h
"Required: Perform scheduled calibration of a patient monitor. Handle this through the standard work queue. Routine technical diagnosis and several related actions are required. The work includes diagnosis, the main operation, and a verification step. Check the current state before starting the work.",en,normal,medium,1_to_4h
"Задача: заделать трещину в перегородке и восстановить отделку. Задача профилактическая, остановки процессов сейчас нет. Есть несколько последовательных шагов, но используются стандартные методы. Ожидаемый объём — одна короткая операция с проверкой результата. Необходимо сохранить работоспособность соседних участков.",ru,low,medium,up_to_1h
"We need to replace a temperature sensor and calibrate its readings. A critical service is unavailable and the department cannot continue normal work. Routine technical diagnosis and several related actions are required. The work includes diagnosis, the main operation, and a verification step. A final verification is required after completion.",en,critical,medium,1_to_4h
"Просьба восстановить работу аппарата, из-за отказа которого остановлена критичная диагностическая процедура. Есть близкий срок: выполнить в течение четырёх часов; задержка затронет следующую операцию. Нужно учесть несколько взаимосвязанных факторов и проверить результат на разных этапах. Объём включает несколько стандартных действий в пределах части смены. Перед началом нужно проверить текущее состояние объекта.",ru,high,complex,1_to_4h
Required: Prepare an internal-audit evidence pack for several departments. The work may be completed in a convenient slot during the next few weeks. Several interacting factors must be considered and the result checked at multiple stages. Several sequential steps and a final verification are required. Record the result in the request log.,en,low,complex,4_to_8h
"Задача: проверить доводчик двери и отрегулировать закрывание. Критичный сервис недоступен, работа подразделения фактически остановлена. Нужна одна понятная операция по стандартной процедуре. Потребуются диагностика, основная операция и контрольная проверка. Перед началом нужно проверить текущее состояние объекта.",ru,critical,simple,1_to_4h
Просьба диагностировать повышенную вибрацию насосного агрегата. Просьба взять в работу по стандартной очереди. Задача состоит из нескольких зависимых частей и требует выбора решения по результатам диагностики. Задача включает несколько зависимых этапов и суммарно требует более одной рабочей смены. Результат нужно зафиксировать в журнале заявки.,ru,normal,complex,over_8h
Required: Diagnose pressure loss in the loop and replace the damaged section. There is no special urgency; use the normal completion window. Routine technical diagnosis and several related actions are required. The expected scope is one short operation followed by a result check. The work will be performed at an operating site.,en,normal,medium,up_to_1h
Просьба согласовать график нескольких встреч между подразделениями. Просьба взять в работу по стандартной очереди. Нужна одна понятная операция по стандартной процедуре. Объём включает несколько стандартных действий в пределах части смены. Результат нужно зафиксировать в журнале заявки.,ru,normal,simple,1_to_4h
"Необходимо перенастроить адресное хранение зоны после изменения схемы стеллажей. Нужно закончить сегодня до 18:00, чтобы не сорвать запланированные работы. Есть несколько последовательных шагов, но используются стандартные методы. Работа локальная и не требует длительной диагностики. После выполнения требуется короткий отчёт о результате.",ru,high,medium,up_to_1h
"Task: Restore building access after an access-control system failure. Handle this through the standard work queue. The task has several dependent parts and the solution depends on diagnostic findings. The task will take a substantial part of a shift including preparation, execution, and testing. The work will be performed at an operating site.",en,normal,complex,4_to_8h
Просьба заменить неисправную розетку и проверить линию. Просьба взять в работу по стандартной очереди. Потребуется обычная техническая диагностика и несколько связанных действий. Работа локальная и не требует длительной диагностики. Перед началом нужно проверить текущее состояние объекта.,ru,normal,medium,up_to_1h
"Необходимо выполнить плановую калибровку монитора пациента. Результат нужен до конца следующего рабочего дня, иначе задержится связанный процесс. Нужно учесть несколько взаимосвязанных факторов и проверить результат на разных этапах. Работа займёт значительную часть смены и включает подготовку, выполнение и тестирование. Исходные данные и доступы будут предоставлены исполнителю.",ru,high,complex,4_to_8h
"Задача: смонтировать перегородку с дверным проёмом по готовому чертежу. Задача профилактическая, остановки процессов сейчас нет. Нужно учесть несколько взаимосвязанных факторов и проверить результат на разных этапах. Нужно выполнить несколько последовательных этапов с итоговой проверкой. Работы выполняются на действующем объекте.",ru,low,complex,4_to_8h
"Требуется подготовить план ремонта входной группы с заменой покрытия. Требуется немедленная реакция: текущая неисправность остановила ключевой процесс. Потребуется обычная техническая диагностика и несколько связанных действий. Потребуются диагностика, основная операция и контрольная проверка. Исходные данные и доступы будут предоставлены исполнителю.",ru,critical,medium,1_to_4h
"Требуется диагностировать падение давления в контуре и заменить повреждённый участок. Ситуация аварийная и создаёт риск безопасности; начать устранение необходимо сейчас. Задача состоит из нескольких зависимых частей и требует выбора решения по результатам диагностики. Потребуются диагностика, основная операция и контрольная проверка. Доступ к месту работ заранее согласован.",ru,critical,complex,1_to_4h
"We need to investigate stock discrepancies across several bin locations. Complete this by 18:00 today to avoid disrupting scheduled work. Several interacting factors must be considered and the result checked at multiple stages. This is multi-stage work covering preparation, implementation, verification, and documentation. Required source data and access will be provided.",en,high,complex,over_8h
"Необходимо разработать проект перепланировки нескольких помещений с согласованием инженерных узлов. Результат нужен до конца следующего рабочего дня, иначе задержится связанный процесс. Нужно учесть несколько взаимосвязанных факторов и проверить результат на разных этапах. Задача включает несколько зависимых этапов и суммарно требует более одной рабочей смены. После выполнения требуется короткий отчёт о результате.",ru,high,complex,over_8h
"Задача: диагностировать нестабильную работу лабораторной центрифуги. Есть близкий срок: выполнить в течение четырёх часов; задержка затронет следующую операцию. Есть несколько последовательных шагов, но используются стандартные методы. Нужно выполнить несколько последовательных этапов с итоговой проверкой. Необходимо сохранить работоспособность соседних участков.",ru,high,medium,4_to_8h
Please relocate several electrical outlets and verify circuit load. A critical service is unavailable and the department cannot continue normal work. One clear operation using a standard procedure is required. Several standard actions are required within part of a shift. A final verification is required after completion.,en,critical,simple,1_to_4h
"Task: Configure database backups and verify a restore procedure. Immediate response is required because the failure has stopped a key process. The task has several dependent parts and the solution depends on diagnostic findings. The task will take a substantial part of a shift including preparation, execution, and testing. Record the result in the request log.",en,critical,complex,4_to_8h
Необходимо диагностировать нестабильную работу лабораторной центрифуги. Требуется немедленная реакция: текущая неисправность остановила ключевой процесс. Работа архитектурная/комплексная: несколько взаимозависимых этапов и вариантов решения. Задача включает несколько зависимых этапов и суммарно требует более одной рабочей смены. После завершения требуется контрольная проверка.,ru,critical,very_complex,over_8h
"Требуется разработать проект перепланировки нескольких помещений с согласованием инженерных узлов. Требуется немедленная реакция: текущая неисправность остановила ключевой процесс. Задача состоит из нескольких зависимых частей и требует выбора решения по результатам диагностики. Предстоит многоэтапная работа с подготовкой, реализацией, проверками и оформлением результата. После выполнения требуется короткий отчёт о результате.",ru,critical,complex,over_8h
"We need to check the status of one delayed shipment and update the record. This is preventive work and no process is currently stopped. There are several sequential steps, but standard methods are sufficient. The expected scope is one short operation followed by a result check. Provide a short completion note after the work.",en,low,medium,up_to_1h
"Task: Investigate stock discrepancies across several bin locations. This is an emergency with a safety risk and mitigation must start now. Routine technical diagnosis and several related actions are required. The task will take a substantial part of a shift including preparation, execution, and testing. Record the result in the request log.",en,critical,medium,4_to_8h
"Просьба переработать процесс согласования документов с несколькими ролями и маршрутами. Есть близкий срок: выполнить в течение четырёх часов; задержка затронет следующую операцию. Требуется координация нескольких подсистем или участников и проверка множества зависимостей. Работа займёт значительную часть смены и включает подготовку, выполнение и тестирование. Работы выполняются на действующем объекте.",ru,high,very_complex,4_to_8h
"Required: Reconcile a mismatch between the manifest and the physical package count. This is preventive work and no process is currently stopped. There are several sequential steps, but standard methods are sufficient. Several sequential steps and a final verification are required. The work will be performed at an operating site.",en,low,medium,4_to_8h
"Необходимо провести выборочную инвентаризацию секции хранения. Срок не жёсткий; работу можно включить в плановый график. Есть несколько последовательных шагов, но используются стандартные методы. Объём включает несколько стандартных действий в пределах части смены. Исходные данные и доступы будут предоставлены исполнителю.",ru,low,medium,1_to_4h
"Задача: диагностировать причину недостаточного обогрева помещения. Срок не жёсткий; работу можно включить в плановый график. Есть несколько последовательных шагов, но используются стандартные методы. Нужно выполнить несколько последовательных этапов с итоговой проверкой. Работы выполняются на действующем объекте.",ru,low,medium,4_to_8h
We need to add CSV report export with date filtering. This is an emergency with a safety risk and mitigation must start now. Routine technical diagnosis and several related actions are required. The expected scope is one short operation followed by a result check. Provide a short completion note after the work.,en,critical,medium,up_to_1h
"We need to design a multi-room refurbishment including coordination of engineering systems. Immediate response is required because the failure has stopped a key process. This is architectural or cross-system work with several interdependent stages and solution options. This is multi-stage work covering preparation, implementation, verification, and documentation. Access to the work area has already been arranged.",en,critical,very_complex,over_8h
"Задача: обновить программу ПЛК и проверить межблокировки. Задача профилактическая, остановки процессов сейчас нет. Требуется координация нескольких подсистем или участников и проверка множества зависимостей. Нужно выполнить несколько последовательных этапов с итоговой проверкой. Перед началом нужно проверить текущее состояние объекта.",ru,low,very_complex,4_to_8h
Please diagnose unstable operation of a laboratory centrifuge. Immediate response is required because the failure has stopped a key process. The task has several dependent parts and the solution depends on diagnostic findings. Several dependent stages are involved and the total effort exceeds one work shift. Required source data and access will be provided.,en,critical,complex,over_8h
"Необходимо заменить датчик температуры и откалибровать показания. Нужно закончить сегодня до 18:00, чтобы не сорвать запланированные работы. Есть несколько последовательных шагов, но используются стандартные методы. Объём включает несколько стандартных действий в пределах части смены. После выполнения требуется короткий отчёт о результате.",ru,high,medium,1_to_4h
"Просьба заменить повреждённую дверную ручку в служебном помещении. Просьба взять в работу по стандартной очереди. Потребуется обычная техническая диагностика и несколько связанных действий. Работа займёт значительную часть смены и включает подготовку, выполнение и тестирование. Перед началом нужно проверить текущее состояние объекта.",ru,normal,medium,4_to_8h
Task: Redesign a document approval workflow with multiple roles and routes. The deadline is within four hours; a delay will affect the next operation. Several interacting factors must be considered and the result checked at multiple stages. Several standard actions are required within part of a shift. Record the result in the request log.,en,high,complex,1_to_4h
"Необходимо провести техническое обследование и подготовить варианты усиления конструкции. Нужно выполнить в стандартном рабочем порядке. Задача состоит из нескольких зависимых частей и требует выбора решения по результатам диагностики. Работа займёт значительную часть смены и включает подготовку, выполнение и тестирование. После выполнения требуется короткий отчёт о результате.",ru,normal,complex,4_to_8h
"Требуется разработать комплект рабочих чертежей для нового технического узла. Срок не жёсткий; работу можно включить в плановый график. Нужно учесть несколько взаимосвязанных факторов и проверить результат на разных этапах. Предстоит многоэтапная работа с подготовкой, реализацией, проверками и оформлением результата. После выполнения требуется короткий отчёт о результате.",ru,low,complex,over_8h
Task: Build an API integration between the CRM and the internal system. There is no special urgency; use the normal completion window. This is architectural or cross-system work with several interdependent stages and solution options. Several dependent stages are involved and the total effort exceeds one work shift. Adjacent systems must remain operational during the task.,en,normal,very_complex,over_8h
"We need to inspect the door closer and adjust its closing action. Please process this as routine work. One clear operation using a standard procedure is required. The work includes diagnosis, the main operation, and a verification step. Provide a short completion note after the work.",en,normal,simple,1_to_4h
"Требуется провести выборочную инвентаризацию секции хранения. Просьба взять в работу по стандартной очереди. Потребуется обычная техническая диагностика и несколько связанных действий. Потребуются диагностика, основная операция и контрольная проверка. Доступ к месту работ заранее согласован.",ru,normal,medium,1_to_4h
"We need to reconfigure bin locations after the rack layout was changed. This is an emergency with a safety risk and mitigation must start now. The task has several dependent parts and the solution depends on diagnostic findings. The work includes diagnosis, the main operation, and a verification step. Access to the work area has already been arranged.",en,critical,complex,1_to_4h
"Требуется организовать перенаправление партии груза между двумя складами и согласовать окна приёмки. Критичный сервис недоступен, работа подразделения фактически остановлена. Потребуется обычная техническая диагностика и несколько связанных действий. Ожидаемый объём — одна короткая операция с проверкой результата. После выполнения требуется короткий отчёт о результате.",ru,critical,medium,up_to_1h
"Required: Replace a damaged door handle in a staff room. The deadline is within four hours; a delay will affect the next operation. There are several sequential steps, but standard methods are sufficient. Several sequential steps and a final verification are required. Check the current state before starting the work.",en,high,medium,4_to_8h
"Please prepare a monthly summary table for the department requests. The result is needed by the end of the next business day or a dependent activity will be delayed. There are several sequential steps, but standard methods are sufficient. Several standard actions are required within part of a shift. Access to the work area has already been arranged.",en,high,medium,1_to_4h
"Требуется исправить ошибку авторизации пользователей в веб-приложении. Критичный сервис недоступен, работа подразделения фактически остановлена. Потребуется обычная техническая диагностика и несколько связанных действий. Нужно выполнить несколько последовательных этапов с итоговой проверкой. После выполнения требуется короткий отчёт о результате.",ru,critical,medium,4_to_8h
"Требуется восстановить работу аппарата, из-за отказа которого остановлена критичная диагностическая процедура. Особой срочности нет, требуется обычный срок исполнения. Работа архитектурная/комплексная: несколько взаимозависимых этапов и вариантов решения. Предстоит многоэтапная работа с подготовкой, реализацией, проверками и оформлением результата. После выполнения требуется короткий отчёт о результате.",ru,normal,very_complex,over_8h
"We need to redesign a document approval workflow with multiple roles and routes. Please process this as routine work. The task has several dependent parts and the solution depends on diagnostic findings. The work includes diagnosis, the main operation, and a verification step. Access to the work area has already been arranged.",en,normal,complex,1_to_4h
"Please prepare commissioning of a diagnostic system including interface checks and staff training. The deadline is within four hours; a delay will affect the next operation. Several systems or participants must be coordinated and multiple dependencies verified. The task will take a substantial part of a shift including preparation, execution, and testing. Provide a short completion note after the work.",en,high,very_complex,4_to_8h
"Please perform a spot inventory of one storage section. The work may be completed in a convenient slot during the next few weeks. There are several sequential steps, but standard methods are sufficient. Several standard actions are required within part of a shift. A final verification is required after completion.",en,low,medium,1_to_4h
"We need to repair a crack in an internal partition and restore the finish. The deadline is within four hours; a delay will affect the next operation. There are several sequential steps, but standard methods are sufficient. The expected scope is one short operation followed by a result check. A final verification is required after completion.",en,high,medium,up_to_1h
"Требуется устранить течь под раковиной с заменой соединения. Есть близкий срок: выполнить в течение четырёх часов; задержка затронет следующую операцию. Действие типовое, без нестандартных зависимостей. Ожидаемый объём — одна короткая операция с проверкой результата. После завершения требуется контрольная проверка.",ru,high,simple,up_to_1h
Task: Renew the TLS certificate on the staging server. The deadline is within four hours; a delay will affect the next operation. The action is routine and has no unusual dependencies. This is localized work and should not require lengthy diagnostics. Adjacent systems must remain operational during the task.,en,high,simple,up_to_1h
"Просьба подготовить комплект материалов для внутреннего аудита по нескольким подразделениям. Требуется немедленная реакция: текущая неисправность остановила ключевой процесс. Задача состоит из нескольких зависимых частей и требует выбора решения по результатам диагностики. Работа займёт значительную часть смены и включает подготовку, выполнение и тестирование. Перед началом нужно проверить текущее состояние объекта.",ru,critical,complex,4_to_8h
"Требуется переработать процесс согласования документов с несколькими ролями и маршрутами. Просьба взять в работу по стандартной очереди. Задача состоит из нескольких зависимых частей и требует выбора решения по результатам диагностики. Потребуются диагностика, основная операция и контрольная проверка. Доступ к месту работ заранее согласован.",ru,normal,complex,1_to_4h
"We need to diagnose excessive vibration in the pump unit. There is no hard deadline; this can be placed in the planned maintenance queue. Several interacting factors must be considered and the result checked at multiple stages. This is multi-stage work covering preparation, implementation, verification, and documentation. A final verification is required after completion.",en,low,complex,over_8h
"Задача: заменить аккумулятор в переносном медицинском приборе и провести функциональный тест. Срок не жёсткий; работу можно включить в плановый график. Действие типовое, без нестандартных зависимостей. Ожидаемый объём — одна короткая операция с проверкой результата. Необходимо сохранить работоспособность соседних участков.",ru,low,simple,up_to_1h
Required: Fix the user authentication failure in the web application. There is no special urgency; use the normal completion window. Routine technical diagnosis and several related actions are required. Several sequential steps and a final verification are required. Record the result in the request log.,en,normal,medium,4_to_8h
"We need to prepare a multi-floor ventilation modernization plan. There is no special urgency; use the normal completion window. The task has several dependent parts and the solution depends on diagnostic findings. This is multi-stage work covering preparation, implementation, verification, and documentation. Provide a short completion note after the work.",en,normal,complex,over_8h
Required: Design placement for a new product group considering turnover and storage compatibility. The deadline is within four hours; a delay will affect the next operation. Several interacting factors must be considered and the result checked at multiple stages. Several sequential steps and a final verification are required. Record the result in the request log.,en,high,complex,4_to_8h
"Please restore a device whose failure has stopped a critical diagnostic procedure. There is no hard deadline; this can be placed in the planned maintenance queue. Several systems or participants must be coordinated and multiple dependencies verified. The task will take a substantial part of a shift including preparation, execution, and testing. Required source data and access will be provided.",en,low,very_complex,4_to_8h
Task: Diagnose pressure loss in the loop and replace the damaged section. There is no hard deadline; this can be placed in the planned maintenance queue. Several interacting factors must be considered and the result checked at multiple stages. Several standard actions are required within part of a shift. Adjacent systems must remain operational during the task.,en,low,complex,1_to_4h
We need to relocate several electrical outlets and verify circuit load. The work may be completed in a convenient slot during the next few weeks. The action is routine and has no unusual dependencies. The expected scope is one short operation followed by a result check. Access to the work area has already been arranged.,en,low,simple,up_to_1h
"Просьба перенастроить адресное хранение зоны после изменения схемы стеллажей. Задача профилактическая, остановки процессов сейчас нет. Нужно учесть несколько взаимосвязанных факторов и проверить результат на разных этапах. Объём включает несколько стандартных действий в пределах части смены. Результат нужно зафиксировать в журнале заявки.",ru,low,complex,1_to_4h
"Required: Replace a temperature sensor and calibrate its readings. There is no special urgency; use the normal completion window. Routine technical diagnosis and several related actions are required. The work includes diagnosis, the main operation, and a verification step. Check the current state before starting the work.",en,normal,medium,1_to_4h
"Просьба устранить последствия локального подтопления и проверить повреждённые инженерные узлы. Срок не жёсткий; работу можно включить в плановый график. Есть несколько последовательных шагов, но используются стандартные методы. Работа локальная и не требует длительной диагностики. Необходимо сохранить работоспособность соседних участков.",ru,low,medium,up_to_1h
Task: Replace the battery in a portable medical device and run a functional test. Immediate response is required because the failure has stopped a key process. Routine technical diagnosis and several related actions are required. Several standard actions are required within part of a shift. Check the current state before starting the work.,en,critical,medium,1_to_4h
Необходимо диагностировать падение давления в контуре и заменить повреждённый участок. Есть близкий срок: выполнить в течение четырёх часов; задержка затронет следующую операцию. Нужно учесть несколько взаимосвязанных факторов и проверить результат на разных этапах. Объём включает несколько стандартных действий в пределах части смены. Доступ к месту работ заранее согласован.,ru,high,complex,1_to_4h
Required: Update the PLC program and verify safety interlocks. This is preventive work and no process is currently stopped. Several interacting factors must be considered and the result checked at multiple stages. Several sequential steps and a final verification are required. The work will be performed at an operating site.,en,low,complex,4_to_8h
"Необходимо уточнить статус одной задержанной поставки и обновить запись. Критичный сервис недоступен, работа подразделения фактически остановлена. Нужна одна понятная операция по стандартной процедуре. Объём включает несколько стандартных действий в пределах части смены. Исходные данные и доступы будут предоставлены исполнителю.",ru,critical,simple,1_to_4h
"Задача: подготовить концепцию модернизации объекта с несколькими зависимыми подсистемами. Особой срочности нет, требуется обычный срок исполнения. Задача состоит из нескольких зависимых частей и требует выбора решения по результатам диагностики. Предстоит многоэтапная работа с подготовкой, реализацией, проверками и оформлением результата. Перед началом нужно проверить текущее состояние объекта.",ru,normal,complex,over_8h
Required: Reconfigure bin locations after the rack layout was changed. Please process this as routine work. Routine technical diagnosis and several related actions are required. The expected scope is one short operation followed by a result check. The work will be performed at an operating site.,en,normal,medium,up_to_1h
"Требуется проверить доводчик двери и отрегулировать закрывание. Нужно выполнить в стандартном рабочем порядке. Нужна одна понятная операция по стандартной процедуре. Потребуются диагностика, основная операция и контрольная проверка. После завершения требуется контрольная проверка.",ru,normal,simple,1_to_4h
"Необходимо добавить экспорт отчёта в CSV с фильтрацией по периоду. Результат нужен до конца следующего рабочего дня, иначе задержится связанный процесс. Есть несколько последовательных шагов, но используются стандартные методы. Работа локальная и не требует длительной диагностики. После выполнения требуется короткий отчёт о результате.",ru,high,medium,up_to_1h
"Task: Design a regional routing scheme with time-window and capacity constraints. Handle this through the standard work queue. The task has several dependent parts and the solution depends on diagnostic findings. The task will take a substantial part of a shift including preparation, execution, and testing. Record the result in the request log.",en,normal,complex,4_to_8h
"Просьба перемаркировать одну паллету после исправления карточки товара. Особой срочности нет, требуется обычный срок исполнения. Потребуется обычная техническая диагностика и несколько связанных действий. Работа локальная и не требует длительной диагностики. Необходимо сохранить работоспособность соседних участков.",ru,normal,medium,up_to_1h
"Необходимо подготовить сводную таблицу по заявкам отдела за месяц. Результат нужен до конца следующего рабочего дня, иначе задержится связанный процесс. Нужно учесть несколько взаимосвязанных факторов и проверить результат на разных этапах. Работа займёт значительную часть смены и включает подготовку, выполнение и тестирование. После выполнения требуется короткий отчёт о результате.",ru,high,complex,4_to_8h
Требуется перенести несколько электрических точек и проверить нагрузку на линию. Срок не жёсткий; работу можно включить в плановый график. Нужно учесть несколько взаимосвязанных факторов и проверить результат на разных этапах. Нужно выполнить несколько последовательных этапов с итоговой проверкой. Доступ к месту работ заранее согласован.,ru,low,complex,4_to_8h
"Требуется подготовить план ремонта входной группы с заменой покрытия. Критичный сервис недоступен, работа подразделения фактически остановлена. Потребуется обычная техническая диагностика и несколько связанных действий. Потребуются диагностика, основная операция и контрольная проверка. После завершения требуется контрольная проверка.",ru,critical,medium,1_to_4h
Просьба заделать трещину в перегородке и восстановить отделку. Требуется немедленная реакция: текущая неисправность остановила ключевой процесс. Задача состоит из нескольких зависимых частей и требует выбора решения по результатам диагностики. Объём включает несколько стандартных действий в пределах части смены. Работы выполняются на действующем объекте.,ru,critical,complex,1_to_4h
Please develop a unified request-handling procedure for multiple branches. Complete this by 18:00 today to avoid disrupting scheduled work. Several interacting factors must be considered and the result checked at multiple stages. Several dependent stages are involved and the total effort exceeds one work shift. Access to the work area has already been arranged.,en,high,complex,over_8h
"Задача: диагностировать повышенную вибрацию насосного агрегата. Есть близкий срок: выполнить в течение четырёх часов; задержка затронет следующую операцию. Нужно учесть несколько взаимосвязанных факторов и проверить результат на разных этапах. Предстоит многоэтапная работа с подготовкой, реализацией, проверками и оформлением результата. Работы выполняются на действующем объекте.",ru,high,complex,over_8h
"Требуется устранить течь под раковиной с заменой соединения. Нужно закончить сегодня до 18:00, чтобы не сорвать запланированные работы. Есть несколько последовательных шагов, но используются стандартные методы. Нужно выполнить несколько последовательных этапов с итоговой проверкой. После выполнения требуется короткий отчёт о результате.",ru,high,medium,4_to_8h
Please check the status of one delayed shipment and update the record. A critical service is unavailable and the department cannot continue normal work. One clear operation using a standard procedure is required. Several standard actions are required within part of a shift. Required source data and access will be provided.,en,critical,simple,1_to_4h
"Please restore building access after an access-control system failure. A critical service is unavailable and the department cannot continue normal work. The task has several dependent parts and the solution depends on diagnostic findings. The task will take a substantial part of a shift including preparation, execution, and testing. Provide a short completion note after the work.",en,critical,complex,4_to_8h
"Необходимо спроектировать новую схему маршрутизации для нескольких регионов с ограничениями по времени и вместимости. Критичный сервис недоступен, работа подразделения фактически остановлена. Работа архитектурная/комплексная: несколько взаимозависимых этапов и вариантов решения. Задача включает несколько зависимых этапов и суммарно требует более одной рабочей смены. После выполнения требуется короткий отчёт о результате.",ru,critical,very_complex,over_8h
Необходимо диагностировать нестабильную работу лабораторной центрифуги. Требуется немедленная реакция: текущая неисправность остановила ключевой процесс. Задача состоит из нескольких зависимых частей и требует выбора решения по результатам диагностики. Задача включает несколько зависимых этапов и суммарно требует более одной рабочей смены. Исходные данные и доступы будут предоставлены исполнителю.,ru,critical,complex,over_8h
"Task: Clean up a localized flood and inspect affected building systems. There is no hard deadline; this can be placed in the planned maintenance queue. There are several sequential steps, but standard methods are sufficient. This is localized work and should not require lengthy diagnostics. Adjacent systems must remain operational during the task.",en,low,medium,up_to_1h
"Task: Reconcile a mismatch between the manifest and the physical package count. A critical service is unavailable and the department cannot continue normal work. Routine technical diagnosis and several related actions are required. The task will take a substantial part of a shift including preparation, execution, and testing. The work will be performed at an operating site.",en,critical,medium,4_to_8h
"Необходимо подготовить план ввода нового диагностического комплекса с проверкой интерфейсов и обучением персонала. Есть близкий срок: выполнить в течение четырёх часов; задержка затронет следующую операцию. Требуется координация нескольких подсистем или участников и проверка множества зависимостей. Работа займёт значительную часть смены и включает подготовку, выполнение и тестирование. После завершения требуется контрольная проверка.",ru,high,very_complex,4_to_8h
"Required: Reconcile a mismatch between the manifest and the physical package count. There is no hard deadline; this can be placed in the planned maintenance queue. There are several sequential steps, but standard methods are sufficient. Several sequential steps and a final verification are required. The work will be performed at an operating site.",en,low,medium,4_to_8h
"Задача: смонтировать перегородку с дверным проёмом по готовому чертежу. Задача профилактическая, остановки процессов сейчас нет. Есть несколько последовательных шагов, но используются стандартные методы. Потребуются диагностика, основная операция и контрольная проверка. Результат нужно зафиксировать в журнале заявки.",ru,low,medium,1_to_4h
"Задача: устранить течь под раковиной с заменой соединения. Задача профилактическая, остановки процессов сейчас нет. Есть несколько последовательных шагов, но используются стандартные методы. Нужно выполнить несколько последовательных этапов с итоговой проверкой. Работы выполняются на действующем объекте.",ru,low,medium,4_to_8h
Required: Redesign a document approval workflow with multiple roles and routes. Immediate response is required because the failure has stopped a key process. Routine technical diagnosis and several related actions are required. The expected scope is one short operation followed by a result check. The work will be performed at an operating site.,en,critical,medium,up_to_1h
"We need to prepare commissioning of a diagnostic system including interface checks and staff training. Immediate response is required because the failure has stopped a key process. This is architectural or cross-system work with several interdependent stages and solution options. This is multi-stage work covering preparation, implementation, verification, and documentation. A final verification is required after completion.",en,critical,very_complex,over_8h
Требуется разработать комплект рабочих чертежей для нового технического узла. Срок не жёсткий; работу можно включить в плановый график. Требуется координация нескольких подсистем или участников и проверка множества зависимостей. Нужно выполнить несколько последовательных этапов с итоговой проверкой. Доступ к месту работ заранее согласован.,ru,low,very_complex,4_to_8h
"We need to prepare a modernization concept for a facility with several dependent subsystems. Immediate response is required because the failure has stopped a key process. The task has several dependent parts and the solution depends on diagnostic findings. This is multi-stage work covering preparation, implementation, verification, and documentation. Access to the work area has already been arranged.",en,critical,complex,over_8h
"Необходимо выполнить плановую калибровку монитора пациента. Есть близкий срок: выполнить в течение четырёх часов; задержка затронет следующую операцию. Есть несколько последовательных шагов, но используются стандартные методы. Объём включает несколько стандартных действий в пределах части смены. Исходные данные и доступы будут предоставлены исполнителю.",ru,high,medium,1_to_4h
"Просьба диагностировать повышенную вибрацию насосного агрегата. Особой срочности нет, требуется обычный срок исполнения. Потребуется обычная техническая диагностика и несколько связанных действий. Работа займёт значительную часть смены и включает подготовку, выполнение и тестирование. Результат нужно зафиксировать в журнале заявки.",ru,normal,medium,4_to_8h
Please add CSV report export with date filtering. The result is needed by the end of the next business day or a dependent activity will be delayed. Several interacting factors must be considered and the result checked at multiple stages. Several standard actions are required within part of a shift. Access to the work area has already been arranged.,en,high,complex,1_to_4h
"Просьба организовать восстановление доступа в здание после отказа системы контроля доступа. Нужно выполнить в стандартном рабочем порядке. Задача состоит из нескольких зависимых частей и требует выбора решения по результатам диагностики. Работа займёт значительную часть смены и включает подготовку, выполнение и тестирование. Работы выполняются на действующем объекте.",ru,normal,complex,4_to_8h
"Задача: разобраться с расхождением остатков по нескольким ячейкам. Срок не жёсткий; работу можно включить в плановый график. Нужно учесть несколько взаимосвязанных факторов и проверить результат на разных этапах. Предстоит многоэтапная работа с подготовкой, реализацией, проверками и оформлением результата. Перед началом нужно проверить текущее состояние объекта.",ru,low,complex,over_8h
"Required: Redirect a cargo batch between two warehouses and coordinate receiving windows. There is no special urgency; use the normal completion window. This is architectural or cross-system work with several interdependent stages and solution options. This is multi-stage work covering preparation, implementation, verification, and documentation. Record the result in the request log.",en,normal,very_complex,over_8h
Please verify the readings of an electronic clinical thermometer. Handle this through the standard work queue. One clear operation using a standard procedure is required. Several standard actions are required within part of a shift. Required source data and access will be provided.,en,normal,simple,1_to_4h
"Необходимо смонтировать перегородку с дверным проёмом по готовому чертежу. Особой срочности нет, требуется обычный срок исполнения. Потребуется обычная техническая диагностика и несколько связанных действий. Объём включает несколько стандартных действий в пределах части смены. Доступ к месту работ заранее согласован.",ru,normal,medium,1_to_4h
"We need to diagnose pressure loss in the loop and replace the damaged section. A critical service is unavailable and the department cannot continue normal work. The task has several dependent parts and the solution depends on diagnostic findings. The work includes diagnosis, the main operation, and a verification step. A final verification is required after completion.",en,critical,complex,1_to_4h
Задача: переработать процесс согласования документов с несколькими ролями и маршрутами. Ситуация аварийная и создаёт риск безопасности; начать устранение необходимо сейчас. Потребуется обычная техническая диагностика и несколько связанных действий. Ожидаемый объём — одна короткая операция с проверкой результата. Перед началом нужно проверить текущее состояние объекта.,ru,critical,medium,up_to_1h
"Required: Diagnose unstable operation of a laboratory centrifuge. The deadline is within four hours; a delay will affect the next operation. There are several sequential steps, but standard methods are sufficient. Several sequential steps and a final verification are required. Adjacent systems must remain operational during the task.",en,high,medium,4_to_8h
"Please perform scheduled calibration of a patient monitor. The deadline is within four hours; a delay will affect the next operation. There are several sequential steps, but standard methods are sufficient. Several standard actions are required within part of a shift. Access to the work area has already been arranged.",en,high,medium,1_to_4h
"Необходимо согласовать график нескольких встреч между подразделениями. Требуется немедленная реакция: текущая неисправность остановила ключевой процесс. Потребуется обычная техническая диагностика и несколько связанных действий. Работа займёт значительную часть смены и включает подготовку, выполнение и тестирование. После выполнения требуется короткий отчёт о результате.",ru,critical,medium,4_to_8h
Просьба разработать интеграцию CRM с внутренней системой через API. Нужно выполнить в стандартном рабочем порядке. Работа архитектурная/комплексная: несколько взаимозависимых этапов и вариантов решения. Задача включает несколько зависимых этапов и суммарно требует более одной рабочей смены. Результат нужно зафиксировать в журнале заявки.,ru,normal,very_complex,over_8h
"We need to restore a device whose failure has stopped a critical diagnostic procedure. Please process this as routine work. The task has several dependent parts and the solution depends on diagnostic findings. The work includes diagnosis, the main operation, and a verification step. Required source data and access will be provided.",en,normal,complex,1_to_4h
Required: Design placement for a new product group considering turnover and storage compatibility. Complete this by 18:00 today to avoid disrupting scheduled work. Several systems or participants must be coordinated and multiple dependencies verified. Several sequential steps and a final verification are required. Check the current state before starting the work.,en,high,very_complex,4_to_8h
"Required: Configure database backups and verify a restore procedure. The work may be completed in a convenient slot during the next few weeks. There are several sequential steps, but standard methods are sufficient. The work includes diagnosis, the main operation, and a verification step. The work will be performed at an operating site.",en,low,medium,1_to_4h
"Please add CSV report export with date filtering. The deadline is within four hours; a delay will affect the next operation. There are several sequential steps, but standard methods are sufficient. This is localized work and should not require lengthy diagnostics. Provide a short completion note after the work.",en,high,medium,up_to_1h
"Требуется исправить опечатку в шаблоне внутреннего уведомления. Нужно закончить сегодня до 18:00, чтобы не сорвать запланированные работы. Действие типовое, без нестандартных зависимостей. Ожидаемый объём — одна короткая операция с проверкой результата. Исходные данные и доступы будут предоставлены исполнителю.",ru,high,simple,up_to_1h
Required: Replace a burned-out corridor light. Complete this by 18:00 today to avoid disrupting scheduled work. The action is routine and has no unusual dependencies. The expected scope is one short operation followed by a result check. Record the result in the request log.,en,high,simple,up_to_1h
"Просьба провести техническое обследование и подготовить варианты усиления конструкции. Критичный сервис недоступен, работа подразделения фактически остановлена. Задача состоит из нескольких зависимых частей и требует выбора решения по результатам диагностики. Работа займёт значительную часть смены и включает подготовку, выполнение и тестирование. Необходимо сохранить работоспособность соседних участков.",ru,critical,complex,4_to_8h
"Задача: устранить последствия локального подтопления и проверить повреждённые инженерные узлы. Просьба взять в работу по стандартной очереди. Задача состоит из нескольких зависимых частей и требует выбора решения по результатам диагностики. Потребуются диагностика, основная операция и контрольная проверка. Необходимо сохранить работоспособность соседних участков.",ru,normal,complex,1_to_4h
"We need to prepare a working drawing package for a new technical assembly. This is preventive work and no process is currently stopped. Several interacting factors must be considered and the result checked at multiple stages. This is multi-stage work covering preparation, implementation, verification, and documentation. Access to the work area has already been arranged.",en,low,complex,over_8h
"Задача: заделать трещину в перегородке и восстановить отделку. Задача профилактическая, остановки процессов сейчас нет. Действие типовое, без нестандартных зависимостей. Ожидаемый объём — одна короткая операция с проверкой результата. Перед началом нужно проверить текущее состояние объекта.",ru,low,simple,up_to_1h
"Please diagnose insufficient heating in an office room. Handle this through the standard work queue. Routine technical diagnosis and several related actions are required. The task will take a substantial part of a shift including preparation, execution, and testing. Access to the work area has already been arranged.",en,normal,medium,4_to_8h
Please investigate stock discrepancies across several bin locations. Please process this as routine work. The task has several dependent parts and the solution depends on diagnostic findings. Several dependent stages are involved and the total effort exceeds one work shift. Access to the work area has already been arranged.,en,normal,complex,over_8h
"Please perform scheduled calibration of a patient monitor. Complete this by 18:00 today to avoid disrupting scheduled work. Several interacting factors must be considered and the result checked at multiple stages. The task will take a substantial part of a shift including preparation, execution, and testing. Provide a short completion note after the work.",en,high,complex,4_to_8h
We need to design a regional routing scheme with time-window and capacity constraints. This is preventive work and no process is currently stopped. Several systems or participants must be coordinated and multiple dependencies verified. Several sequential steps and a final verification are required. Provide a short completion note after the work.,en,low,very_complex,4_to_8h
"We need to build an API integration between the CRM and the internal system. The work may be completed in a convenient slot during the next few weeks. Several interacting factors must be considered and the result checked at multiple stages. The work includes diagnosis, the main operation, and a verification step. Required source data and access will be provided.",en,low,complex,1_to_4h
We need to replace a faulty wall outlet and test the circuit. The work may be completed in a convenient slot during the next few weeks. The action is routine and has no unusual dependencies. The expected scope is one short operation followed by a result check. Provide a short completion note after the work.,en,low,simple,up_to_1h
"Необходимо восстановить работу аппарата, из-за отказа которого остановлена критичная диагностическая процедура. Выполнение допустимо в удобное окно в течение ближайших недель. Нужно учесть несколько взаимосвязанных факторов и проверить результат на разных этапах. Объём включает несколько стандартных действий в пределах части смены. Доступ к месту работ заранее согласован.",ru,low,complex,1_to_4h
Please install a partition with a doorway using the approved drawing. Please process this as routine work. Routine technical diagnosis and several related actions are required. Several standard actions are required within part of a shift. Provide a short completion note after the work.,en,normal,medium,1_to_4h
"Просьба перенастроить адресное хранение зоны после изменения схемы стеллажей. Срок не жёсткий; работу можно включить в плановый график. Есть несколько последовательных шагов, но используются стандартные методы. Работа локальная и не требует длительной диагностики. Перед началом нужно проверить текущее состояние объекта.",ru,low,medium,up_to_1h
"We need to perform scheduled calibration of a patient monitor. Immediate response is required because the failure has stopped a key process. Routine technical diagnosis and several related actions are required. The work includes diagnosis, the main operation, and a verification step. Access to the work area has already been arranged.",en,critical,medium,1_to_4h
"Необходимо устранить последствия локального подтопления и проверить повреждённые инженерные узлы. Результат нужен до конца следующего рабочего дня, иначе задержится связанный процесс. Нужно учесть несколько взаимосвязанных факторов и проверить результат на разных этапах. Объём включает несколько стандартных действий в пределах части смены. После завершения требуется контрольная проверка.",ru,high,complex,1_to_4h
"Please reroute several deliveries because a road segment is closed. The work may be completed in a convenient slot during the next few weeks. Several interacting factors must be considered and the result checked at multiple stages. The task will take a substantial part of a shift including preparation, execution, and testing. Access to the work area has already been arranged.",en,low,complex,4_to_8h
Необходимо перемаркировать одну паллету после исправления карточки товара. Ситуация аварийная и создаёт риск безопасности; начать устранение необходимо сейчас. Нужна одна понятная операция по стандартной процедуре. Объём включает несколько стандартных действий в пределах части смены. Исходные данные и доступы будут предоставлены исполнителю.,ru,critical,simple,1_to_4h
"Требуется подготовить комплексный план модернизации вентиляции на нескольких этажах. Особой срочности нет, требуется обычный срок исполнения. Задача состоит из нескольких зависимых частей и требует выбора решения по результатам диагностики. Предстоит многоэтапная работа с подготовкой, реализацией, проверками и оформлением результата. После выполнения требуется короткий отчёт о результате.",ru,normal,complex,over_8h
Please correct a typo in an internal notification template. There is no special urgency; use the normal completion window. Routine technical diagnosis and several related actions are required. This is localized work and should not require lengthy diagnostics. A final verification is required after completion.,en,normal,medium,up_to_1h
"Необходимо проверить корректность показаний электронного термометра. Особой срочности нет, требуется обычный срок исполнения. Нужна одна понятная операция по стандартной процедуре. Объём включает несколько стандартных действий в пределах части смены. После завершения требуется контрольная проверка.",ru,normal,simple,1_to_4h
"Необходимо организовать перенаправление партии груза между двумя складами и согласовать окна приёмки. Есть близкий срок: выполнить в течение четырёх часов; задержка затронет следующую операцию. Есть несколько последовательных шагов, но используются стандартные методы. Работа локальная и не требует длительной диагностики. После выполнения требуется короткий отчёт о результате.",ru,high,medium,up_to_1h
"Please update the PLC program and verify safety interlocks. Please process this as routine work. The task has several dependent parts and the solution depends on diagnostic findings. The task will take a substantial part of a shift including preparation, execution, and testing. Required source data and access will be provided.",en,normal,complex,4_to_8h
Просьба заменить перегоревшую лампу в коридоре. Нужно выполнить в стандартном рабочем порядке. Потребуется обычная техническая диагностика и несколько связанных действий. Работа локальная и не требует длительной диагностики. Необходимо сохранить работоспособность соседних участков.,ru,normal,medium,up_to_1h
Требуется провести техническое обследование и подготовить варианты усиления конструкции. Есть близкий срок: выполнить в течение четырёх часов; задержка затронет следующую операцию. Нужно учесть несколько взаимосвязанных факторов и проверить результат на разных этапах. Нужно выполнить несколько последовательных этапов с итоговой проверкой. Доступ к месту работ заранее согласован.,ru,high,complex,4_to_8h
Требуется спроектировать размещение новой товарной группы с учётом оборачиваемости и ограничений совместного хранения. Срок не жёсткий; работу можно включить в плановый график. Нужно учесть несколько взаимосвязанных факторов и проверить результат на разных этапах. Нужно выполнить несколько последовательных этапов с итоговой проверкой. После завершения требуется контрольная проверка.,ru,low,complex,4_to_8h
"Требуется подготовить сводную таблицу по заявкам отдела за месяц. Критичный сервис недоступен, работа подразделения фактически остановлена. Потребуется обычная техническая диагностика и несколько связанных действий. Потребуются диагностика, основная операция и контрольная проверка. После завершения требуется контрольная проверка.",ru,critical,medium,1_to_4h
"Требуется диагностировать падение давления в контуре и заменить повреждённый участок. Критичный сервис недоступен, работа подразделения фактически остановлена. Задача состоит из нескольких зависимых частей и требует выбора решения по результатам диагностики. Потребуются диагностика, основная операция и контрольная проверка. После завершения требуется контрольная проверка.",ru,critical,complex,1_to_4h
"We need to diagnose insufficient heating in an office room. The result is needed by the end of the next business day or a dependent activity will be delayed. Several interacting factors must be considered and the result checked at multiple stages. This is multi-stage work covering preparation, implementation, verification, and documentation. A final verification is required after completion.",en,high,complex,over_8h
"Просьба переработать схему электроснабжения помещения с расчётом нагрузки и защит. Результат нужен до конца следующего рабочего дня, иначе задержится связанный процесс. Нужно учесть несколько взаимосвязанных факторов и проверить результат на разных этапах. Задача включает несколько зависимых этапов и суммарно требует более одной рабочей смены. Перед началом нужно проверить текущее состояние объекта.",ru,high,complex,over_8h
"Задача: диагностировать повышенную вибрацию насосного агрегата. Результат нужен до конца следующего рабочего дня, иначе задержится связанный процесс. Есть несколько последовательных шагов, но используются стандартные методы. Нужно выполнить несколько последовательных этапов с итоговой проверкой. Необходимо сохранить работоспособность соседних участков.",ru,high,medium,4_to_8h
"Required: Inspect the door closer and adjust its closing action. A critical service is unavailable and the department cannot continue normal work. One clear operation using a standard procedure is required. The work includes diagnosis, the main operation, and a verification step. Check the current state before starting the work.",en,critical,simple,1_to_4h
We need to prepare a renovation plan for the entrance area and replace the flooring. Immediate response is required because the failure has stopped a key process. The task has several dependent parts and the solution depends on diagnostic findings. Several sequential steps and a final verification are required. Provide a short completion note after the work.,en,critical,complex,4_to_8h
"Требуется подготовить план ввода нового диагностического комплекса с проверкой интерфейсов и обучением персонала. Критичный сервис недоступен, работа подразделения фактически остановлена. Работа архитектурная/комплексная: несколько взаимозависимых этапов и вариантов решения. Предстоит многоэтапная работа с подготовкой, реализацией, проверками и оформлением результата. Исходные данные и доступы будут предоставлены исполнителю.",ru,critical,very_complex,over_8h
"Задача: переработать схему электроснабжения помещения с расчётом нагрузки и защит. Критичный сервис недоступен, работа подразделения фактически остановлена. Задача состоит из нескольких зависимых частей и требует выбора решения по результатам диагностики. Предстоит многоэтапная работа с подготовкой, реализацией, проверками и оформлением результата. Работы выполняются на действующем объекте.",ru,critical,complex,over_8h
"Please inspect a roof leak and perform a localized repair. This is preventive work and no process is currently stopped. There are several sequential steps, but standard methods are sufficient. This is localized work and should not require lengthy diagnostics. Provide a short completion note after the work.",en,low,medium,up_to_1h
"Please diagnose excessive vibration in the pump unit. A critical service is unavailable and the department cannot continue normal work. Routine technical diagnosis and several related actions are required. The task will take a substantial part of a shift including preparation, execution, and testing. A final verification is required after completion.",en,critical,medium,4_to_8h
"Задача: разработать интеграцию CRM с внутренней системой через API. Результат нужен до конца следующего рабочего дня, иначе задержится связанный процесс. Требуется координация нескольких подсистем или участников и проверка множества зависимостей. Нужно выполнить несколько последовательных этапов с итоговой проверкой. Перед началом нужно проверить текущее состояние объекта.",ru,high,very_complex,4_to_8h
"Required: Reconcile a mismatch between the manifest and the physical package count. This is preventive work and no process is currently stopped. There are several sequential steps, but standard methods are sufficient. Several sequential steps and a final verification are required. Adjacent systems must remain operational during the task.",en,low,medium,4_to_8h
"Необходимо проверить доводчик двери и отрегулировать закрывание. Выполнение допустимо в удобное окно в течение ближайших недель. Есть несколько последовательных шагов, но используются стандартные методы. Объём включает несколько стандартных действий в пределах части смены. После выполнения требуется короткий отчёт о результате.",ru,low,medium,1_to_4h
"Требуется согласовать график нескольких встреч между подразделениями. Срок не жёсткий; работу можно включить в плановый график. Есть несколько последовательных шагов, но используются стандартные методы. Нужно выполнить несколько последовательных этапов с итоговой проверкой. Доступ к месту работ заранее согласован.",ru,low,medium,4_to_8h
We need to redirect a cargo batch between two warehouses and coordinate receiving windows. A critical service is unavailable and the department cannot continue normal work. Routine technical diagnosis and several related actions are required. The expected scope is one short operation followed by a result check. Provide a short completion note after the work.,en,critical,medium,up_to_1h
"We need to redirect a cargo batch between two warehouses and coordinate receiving windows. A critical service is unavailable and the department cannot continue normal work. This is architectural or cross-system work with several interdependent stages and solution options. This is multi-stage work covering preparation, implementation, verification, and documentation. A final verification is required after completion.",en,critical,very_complex,over_8h
"Просьба разработать единый регламент обработки обращений для нескольких филиалов. Задача профилактическая, остановки процессов сейчас нет. Требуется координация нескольких подсистем или участников и проверка множества зависимостей. Работа займёт значительную часть смены и включает подготовку, выполнение и тестирование. Результат нужно зафиксировать в журнале заявки.",ru,low,very_complex,4_to_8h
Please prepare a working drawing package for a new technical assembly. A critical service is unavailable and the department cannot continue normal work. The task has several dependent parts and the solution depends on diagnostic findings. Several dependent stages are involved and the total effort exceeds one work shift. Access to the work area has already been arranged.,en,critical,complex,over_8h
"Необходимо подготовить план ремонта входной группы с заменой покрытия. Результат нужен до конца следующего рабочего дня, иначе задержится связанный процесс. Есть несколько последовательных шагов, но используются стандартные методы. Объём включает несколько стандартных действий в пределах части смены. Исходные данные и доступы будут предоставлены исполнителю.",ru,high,medium,1_to_4h
Задача: исправить ошибку авторизации пользователей в веб-приложении. Нужно выполнить в стандартном рабочем порядке. Потребуется обычная техническая диагностика и несколько связанных действий. Нужно выполнить несколько последовательных этапов с итоговой проверкой. Работы выполняются на действующем объекте.,ru,normal,medium,4_to_8h
Task: Inspect a roof leak and perform a localized repair. The result is needed by the end of the next business day or a dependent activity will be delayed. Several interacting factors must be considered and the result checked at multiple stages. Several standard actions are required within part of a shift. Check the current state before starting the work.,en,high,complex,1_to_4h
Требуется перепланировать маршрут нескольких отправлений из-за закрытия участка дороги. Нужно выполнить в стандартном рабочем порядке. Задача состоит из нескольких зависимых частей и требует выбора решения по результатам диагностики. Нужно выполнить несколько последовательных этапов с итоговой проверкой. После завершения требуется контрольная проверка.,ru,normal,complex,4_to_8h
"Требуется диагностировать нестабильную работу лабораторной центрифуги. Задача профилактическая, остановки процессов сейчас нет. Нужно учесть несколько взаимосвязанных факторов и проверить результат на разных этапах. Предстоит многоэтапная работа с подготовкой, реализацией, проверками и оформлением результата. После завершения требуется контрольная проверка.",ru,low,complex,over_8h
"Required: Develop a unified request-handling procedure for multiple branches. Handle this through the standard work queue. This is architectural or cross-system work with several interdependent stages and solution options. This is multi-stage work covering preparation, implementation, verification, and documentation. Record the result in the request log.",en,normal,very_complex,over_8h
Please verify the readings of an electronic clinical thermometer. There is no special urgency; use the normal completion window. One clear operation using a standard procedure is required. Several standard actions are required within part of a shift. A final verification is required after completion.,en,normal,simple,1_to_4h
Необходимо настроить резервное копирование базы данных и проверить восстановление. Нужно выполнить в стандартном рабочем порядке. Потребуется обычная техническая диагностика и несколько связанных действий. Объём включает несколько стандартных действий в пределах части смены. После завершения требуется контрольная проверка.,ru,normal,medium,1_to_4h
"Required: Inspect a roof leak and perform a localized repair. This is an emergency with a safety risk and mitigation must start now. The task has several dependent parts and the solution depends on diagnostic findings. The work includes diagnosis, the main operation, and a verification step. Check the current state before starting the work.",en,critical,complex,1_to_4h
"Необходимо перемаркировать одну паллету после исправления карточки товара. Критичный сервис недоступен, работа подразделения фактически остановлена. Потребуется обычная техническая диагностика и несколько связанных действий. Работа локальная и не требует длительной диагностики. Доступ к месту работ заранее согласован.",ru,critical,medium,up_to_1h
"Required: Prepare a working drawing package for a new technical assembly. Complete this by 18:00 today to avoid disrupting scheduled work. There are several sequential steps, but standard methods are sufficient. Several sequential steps and a final verification are required. Record the result in the request log.",en,high,medium,4_to_8h
"Please replace a temperature sensor and calibrate its readings. The result is needed by the end of the next business day or a dependent activity will be delayed. There are several sequential steps, but standard methods are sufficient. Several standard actions are required within part of a shift. Access to the work area has already been arranged.",en,high,medium,1_to_4h
"Необходимо согласовать график нескольких встреч между подразделениями. Критичный сервис недоступен, работа подразделения фактически остановлена. Потребуется обычная техническая диагностика и несколько связанных действий. Работа займёт значительную часть смены и включает подготовку, выполнение и тестирование. Доступ к месту работ заранее согласован.",ru,critical,medium,4_to_8h
"Требуется подготовить комплексный план модернизации вентиляции на нескольких этажах. Нужно выполнить в стандартном рабочем порядке. Работа архитектурная/комплексная: несколько взаимозависимых этапов и вариантов решения. Предстоит многоэтапная работа с подготовкой, реализацией, проверками и оформлением результата. Исходные данные и доступы будут предоставлены исполнителю.",ru,normal,very_complex,over_8h
"Required: Add CSV report export with date filtering. Please process this as routine work. The task has several dependent parts and the solution depends on diagnostic findings. The work includes diagnosis, the main operation, and a verification step. Adjacent systems must remain operational during the task.",en,normal,complex,1_to_4h
"Task: Redesign the room power distribution with load and protection calculations. The result is needed by the end of the next business day or a dependent activity will be delayed. Several systems or participants must be coordinated and multiple dependencies verified. The task will take a substantial part of a shift including preparation, execution, and testing. Adjacent systems must remain operational during the task.",en,high,very_complex,4_to_8h
"Required: Configure database backups and verify a restore procedure. The work may be completed in a convenient slot during the next few weeks. There are several sequential steps, but standard methods are sufficient. The work includes diagnosis, the main operation, and a verification step. Adjacent systems must remain operational during the task.",en,low,medium,1_to_4h
"Required: Check the status of one delayed shipment and update the record. The result is needed by the end of the next business day or a dependent activity will be delayed. There are several sequential steps, but standard methods are sufficient. The expected scope is one short operation followed by a result check. The work will be performed at an operating site.",en,high,medium,up_to_1h
"Просьба проверить доводчик двери и отрегулировать закрывание. Нужно закончить сегодня до 18:00, чтобы не сорвать запланированные работы. Действие типовое, без нестандартных зависимостей. Работа локальная и не требует длительной диагностики. Необходимо сохранить работоспособность соседних участков.",ru,high,simple,up_to_1h
We need to repair a crack in an internal partition and restore the finish. Complete this by 18:00 today to avoid disrupting scheduled work. The action is routine and has no unusual dependencies. The expected scope is one short operation followed by a result check. Access to the work area has already been arranged.,en,high,simple,up_to_1h
Требуется подготовить план ремонта входной группы с заменой покрытия. Ситуация аварийная и создаёт риск безопасности; начать устранение необходимо сейчас. Задача состоит из нескольких зависимых частей и требует выбора решения по результатам диагностики. Нужно выполнить несколько последовательных этапов с итоговой проверкой. Исходные данные и доступы будут предоставлены исполнителю.,ru,critical,complex,4_to_8h
"Задача: организовать перенаправление партии груза между двумя складами и согласовать окна приёмки. Просьба взять в работу по стандартной очереди. Задача состоит из нескольких зависимых частей и требует выбора решения по результатам диагностики. Потребуются диагностика, основная операция и контрольная проверка. Необходимо сохранить работоспособность соседних участков.",ru,normal,complex,1_to_4h
"We need to diagnose unstable operation of a laboratory centrifuge. The work may be completed in a convenient slot during the next few weeks. Several interacting factors must be considered and the result checked at multiple stages. This is multi-stage work covering preparation, implementation, verification, and documentation. Required source data and access will be provided.",en,low,complex,over_8h
"Задача: проверить корректность показаний электронного термометра. Срок не жёсткий; работу можно включить в плановый график. Действие типовое, без нестандартных зависимостей. Ожидаемый объём — одна короткая операция с проверкой результата. Работы выполняются на действующем объекте.",ru,low,simple,up_to_1h
"Please reconcile a mismatch between the manifest and the physical package count. There is no special urgency; use the normal completion window. Routine technical diagnosis and several related actions are required. The task will take a substantial part of a shift including preparation, execution, and testing. Provide a short completion note after the work.",en,normal,medium,4_to_8h
Task: Prepare a working drawing package for a new technical assembly. Please process this as routine work. The task has several dependent parts and the solution depends on diagnostic findings. Several dependent stages are involved and the total effort exceeds one work shift. Check the current state before starting the work.,en,normal,complex,over_8h
We need to replace the battery in a portable medical device and run a functional test. The result is needed by the end of the next business day or a dependent activity will be delayed. Several interacting factors must be considered and the result checked at multiple stages. Several sequential steps and a final verification are required. Access to the work area has already been arranged.,en,high,complex,4_to_8h
"Task: Prepare a modernization concept for a facility with several dependent subsystems. The work may be completed in a convenient slot during the next few weeks. Several systems or participants must be coordinated and multiple dependencies verified. The task will take a substantial part of a shift including preparation, execution, and testing. Adjacent systems must remain operational during the task.",en,low,very_complex,4_to_8h
Please inspect a roof leak and perform a localized repair. This is preventive work and no process is currently stopped. Several interacting factors must be considered and the result checked at multiple stages. Several standard actions are required within part of a shift. Access to the work area has already been arranged.,en,low,complex,1_to_4h
Required: Verify the readings of an electronic clinical thermometer. The work may be completed in a convenient slot during the next few weeks. The action is routine and has no unusual dependencies. The expected scope is one short operation followed by a result check. Adjacent systems must remain operational during the task.,en,low,simple,up_to_1h
Необходимо переработать процесс согласования документов с несколькими ролями и маршрутами. Срок не жёсткий; работу можно включить в плановый график. Нужно учесть несколько взаимосвязанных факторов и проверить результат на разных этапах. Объём включает несколько стандартных действий в пределах части смены. После выполнения требуется короткий отчёт о результате.,ru,low,complex,1_to_4h
Please configure database backups and verify a restore procedure. Please process this as routine work. Routine technical diagnosis and several related actions are required. Several standard actions are required within part of a shift. Provide a short completion note after the work.,en,normal,medium,1_to_4h
"Просьба добавить экспорт отчёта в CSV с фильтрацией по периоду. Срок не жёсткий; работу можно включить в плановый график. Есть несколько последовательных шагов, но используются стандартные методы. Работа локальная и не требует длительной диагностики. Работы выполняются на действующем объекте.",ru,low,medium,up_to_1h
Task: Prepare an internal-audit evidence pack for several departments. Immediate response is required because the failure has stopped a key process. Routine technical diagnosis and several related actions are required. Several standard actions are required within part of a shift. Record the result in the request log.,en,critical,medium,1_to_4h
"Необходимо перенастроить адресное хранение зоны после изменения схемы стеллажей. Результат нужен до конца следующего рабочего дня, иначе задержится связанный процесс. Нужно учесть несколько взаимосвязанных факторов и проверить результат на разных этапах. Объём включает несколько стандартных действий в пределах части смены. Доступ к месту работ заранее согласован.",ru,high,complex,1_to_4h
Required: Update the PLC program and verify safety interlocks. There is no hard deadline; this can be placed in the planned maintenance queue. Several interacting factors must be considered and the result checked at multiple stages. Several sequential steps and a final verification are required. Record the result in the request log.,en,low,complex,4_to_8h
Просьба диагностировать причину недостаточного обогрева помещения. Требуется немедленная реакция: текущая неисправность остановила ключевой процесс. Нужна одна понятная операция по стандартной процедуре. Объём включает несколько стандартных действий в пределах части смены. Результат нужно зафиксировать в журнале заявки.,ru,critical,simple,1_to_4h
"Просьба диагностировать повышенную вибрацию насосного агрегата. Особой срочности нет, требуется обычный срок исполнения. Задача состоит из нескольких зависимых частей и требует выбора решения по результатам диагностики. Задача включает несколько зависимых этапов и суммарно требует более одной рабочей смены. Работы выполняются на действующем объекте.",ru,normal,complex,over_8h
We need to redesign a document approval workflow with multiple roles and routes. Please process this as routine work. Routine technical diagnosis and several related actions are required. The expected scope is one short operation followed by a result check. Provide a short completion note after the work.,en,normal,medium,up_to_1h
Просьба заменить повреждённую дверную ручку в служебном помещении. Нужно выполнить в стандартном рабочем порядке. Нужна одна понятная операция по стандартной процедуре. Объём включает несколько стандартных действий в пределах части смены. Результат нужно зафиксировать в журнале заявки.,ru,normal,simple,1_to_4h
"Необходимо добавить экспорт отчёта в CSV с фильтрацией по периоду. Нужно закончить сегодня до 18:00, чтобы не сорвать запланированные работы. Есть несколько последовательных шагов, но используются стандартные методы. Работа локальная и не требует длительной диагностики. Исходные данные и доступы будут предоставлены исполнителю.",ru,high,medium,up_to_1h
"Please update the PLC program and verify safety interlocks. Handle this through the standard work queue. The task has several dependent parts and the solution depends on diagnostic findings. The task will take a substantial part of a shift including preparation, execution, and testing. Access to the work area has already been arranged.",en,normal,complex,4_to_8h
Необходимо заделать трещину в перегородке и восстановить отделку. Нужно выполнить в стандартном рабочем порядке. Потребуется обычная техническая диагностика и несколько связанных действий. Работа локальная и не требует длительной диагностики. После завершения требуется контрольная проверка.,ru,normal,medium,up_to_1h
"Просьба перепланировать маршрут нескольких отправлений из-за закрытия участка дороги. Нужно закончить сегодня до 18:00, чтобы не сорвать запланированные работы. Нужно учесть несколько взаимосвязанных факторов и проверить результат на разных этапах. Работа займёт значительную часть смены и включает подготовку, выполнение и тестирование. Перед началом нужно проверить текущее состояние объекта.",ru,high,complex,4_to_8h
Задача: обновить программу ПЛК и проверить межблокировки. Срок не жёсткий; работу можно включить в плановый график. Нужно учесть несколько взаимосвязанных факторов и проверить результат на разных этапах. Нужно выполнить несколько последовательных этапов с итоговой проверкой. Работы выполняются на действующем объекте.,ru,low,complex,4_to_8h
Просьба настроить резервное копирование базы данных и проверить восстановление. Ситуация аварийная и создаёт риск безопасности; начать устранение необходимо сейчас. Потребуется обычная техническая диагностика и несколько связанных действий. Объём включает несколько стандартных действий в пределах части смены. Перед началом нужно проверить текущее состояние объекта.,ru,critical,medium,1_to_4h
"Требуется организовать перенаправление партии груза между двумя складами и согласовать окна приёмки. Требуется немедленная реакция: текущая неисправность остановила ключевой процесс. Задача состоит из нескольких зависимых частей и требует выбора решения по результатам диагностики. Потребуются диагностика, основная операция и контрольная проверка. После выполнения требуется короткий отчёт о результате.",ru,critical,complex,1_to_4h
Please prepare a modernization concept for a facility with several dependent subsystems. The result is needed by the end of the next business day or a dependent activity will be delayed. Several interacting factors must be considered and the result checked at multiple stages. Several dependent stages are involved and the total effort exceeds one work shift. Access to the work area has already been arranged.,en,high,complex,over_8h
"Требуется диагностировать причину недостаточного обогрева помещения. Результат нужен до конца следующего рабочего дня, иначе задержится связанный процесс. Нужно учесть несколько взаимосвязанных факторов и проверить результат на разных этапах. Предстоит многоэтапная работа с подготовкой, реализацией, проверками и оформлением результата. После завершения требуется контрольная проверка.",ru,high,complex,over_8h
"Требуется диагностировать причину недостаточного обогрева помещения. Нужно закончить сегодня до 18:00, чтобы не сорвать запланированные работы. Есть несколько последовательных шагов, но используются стандартные методы. Нужно выполнить несколько последовательных этапов с итоговой проверкой. Доступ к месту работ заранее согласован.",ru,high,medium,4_to_8h
Please replace a burned-out corridor light. Immediate response is required because the failure has stopped a key process. One clear operation using a standard procedure is required. Several standard actions are required within part of a shift. A final verification is required after completion.,en,critical,simple,1_to_4h
"Task: Replace the battery in a portable medical device and run a functional test. A critical service is unavailable and the department cannot continue normal work. The task has several dependent parts and the solution depends on diagnostic findings. The task will take a substantial part of a shift including preparation, execution, and testing. Adjacent systems must remain operational during the task.",en,critical,complex,4_to_8h
"Необходимо разработать интеграцию CRM с внутренней системой через API. Критичный сервис недоступен, работа подразделения фактически остановлена. Работа архитектурная/комплексная: несколько взаимозависимых этапов и вариантов решения. Задача включает несколько зависимых этапов и суммарно требует более одной рабочей смены. Доступ к месту работ заранее согласован.",ru,critical,very_complex,over_8h
Необходимо диагностировать повышенную вибрацию насосного агрегата. Требуется немедленная реакция: текущая неисправность остановила ключевой процесс. Задача состоит из нескольких зависимых частей и требует выбора решения по результатам диагностики. Задача включает несколько зависимых этапов и суммарно требует более одной рабочей смены. После завершения требуется контрольная проверка.,ru,critical,complex,over_8h
"Required: Repair a crack in an internal partition and restore the finish. The work may be completed in a convenient slot during the next few weeks. There are several sequential steps, but standard methods are sufficient. The expected scope is one short operation followed by a result check. Adjacent systems must remain operational during the task.",en,low,medium,up_to_1h
We need to fix the user authentication failure in the web application. This is an emergency with a safety risk and mitigation must start now. Routine technical diagnosis and several related actions are required. Several sequential steps and a final verification are required. A final verification is required after completion.,en,critical,medium,4_to_8h
Требуется провести техническое обследование и подготовить варианты усиления конструкции. Есть близкий срок: выполнить в течение четырёх часов; задержка затронет следующую операцию. Требуется координация нескольких подсистем или участников и проверка множества зависимостей. Нужно выполнить несколько последовательных этапов с итоговой проверкой. После завершения требуется контрольная проверка.,ru,high,very_complex,4_to_8h
"Task: Fix the user authentication failure in the web application. This is preventive work and no process is currently stopped. There are several sequential steps, but standard methods are sufficient. The task will take a substantial part of a shift including preparation, execution, and testing. The work will be performed at an operating site.",en,low,medium,4_to_8h
"Просьба заменить датчик температуры и откалибровать показания. Срок не жёсткий; работу можно включить в плановый график. Есть несколько последовательных шагов, но используются стандартные методы. Объём включает несколько стандартных действий в пределах части смены. Необходимо сохранить работоспособность соседних участков.",ru,low,medium,1_to_4h
"Требуется заменить повреждённую дверную ручку в служебном помещении. Срок не жёсткий; работу можно включить в плановый график. Есть несколько последовательных шагов, но используются стандартные методы. Нужно выполнить несколько последовательных этапов с итоговой проверкой. После выполнения требуется короткий отчёт о результате.",ru,low,medium,4_to_8h
We need to diagnose pressure loss in the loop and replace the damaged section. A critical service is unavailable and the department cannot continue normal work. Routine technical diagnosis and several related actions are required. The expected scope is one short operation followed by a result check. Required source data and access will be provided.,en,critical,medium,up_to_1h
"Required: Prepare a multi-floor ventilation modernization plan. Immediate response is required because the failure has stopped a key process. This is architectural or cross-system work with several interdependent stages and solution options. This is multi-stage work covering preparation, implementation, verification, and documentation. Adjacent systems must remain operational during the task.",en,critical,very_complex,over_8h
Требуется диагностировать нестабильную работу лабораторной центрифуги. Выполнение допустимо в удобное окно в течение ближайших недель. Требуется координация нескольких подсистем или участников и проверка множества зависимостей. Нужно выполнить несколько последовательных этапов с итоговой проверкой. После выполнения требуется короткий отчёт о результате.,ru,low,very_complex,4_to_8h
Task: Investigate stock discrepancies across several bin locations. A critical service is unavailable and the department cannot continue normal work. The task has several dependent parts and the solution depends on diagnostic findings. Several dependent stages are involved and the total effort exceeds one work shift. Record the result in the request log.,en,critical,complex,over_8h
"Требуется настроить резервное копирование базы данных и проверить восстановление. Нужно закончить сегодня до 18:00, чтобы не сорвать запланированные работы. Есть несколько последовательных шагов, но используются стандартные методы. Потребуются диагностика, основная операция и контрольная проверка. Исходные данные и доступы будут предоставлены исполнителю.",ru,high,medium,1_to_4h
Задача: исправить ошибку авторизации пользователей в веб-приложении. Просьба взять в работу по стандартной очереди. Потребуется обычная техническая диагностика и несколько связанных действий. Нужно выполнить несколько последовательных этапов с итоговой проверкой. Результат нужно зафиксировать в журнале заявки.,ru,normal,medium,4_to_8h
Please redirect a cargo batch between two warehouses and coordinate receiving windows. The result is needed by the end of the next business day or a dependent activity will be delayed. Several interacting factors must be considered and the result checked at multiple stages. Several standard actions are required within part of a shift. A final verification is required after completion.,en,high,complex,1_to_4h
"Задача: подготовить план ремонта входной группы с заменой покрытия. Особой срочности нет, требуется обычный срок исполнения. Задача состоит из нескольких зависимых частей и требует выбора решения по результатам диагностики. Нужно выполнить несколько последовательных этапов с итоговой проверкой. Работы выполняются на действующем объекте.",ru,normal,complex,4_to_8h
"Просьба разработать единый регламент обработки обращений для нескольких филиалов. Задача профилактическая, остановки процессов сейчас нет. Нужно учесть несколько взаимосвязанных факторов и проверить результат на разных этапах. Задача включает несколько зависимых этапов и суммарно требует более одной рабочей смены. Перед началом нужно проверить текущее состояние объекта.",ru,low,complex,over_8h
"We need to redesign the room power distribution with load and protection calculations. Please process this as routine work. This is architectural or cross-system work with several interdependent stages and solution options. This is multi-stage work covering preparation, implementation, verification, and documentation. Required source data and access will be provided.",en,normal,very_complex,over_8h
"Required: Prepare a monthly summary table for the department requests. Please process this as routine work. One clear operation using a standard procedure is required. The work includes diagnosis, the main operation, and a verification step. The work will be performed at an operating site.",en,normal,simple,1_to_4h
Необходимо заменить аккумулятор в переносном медицинском приборе и провести функциональный тест. Нужно выполнить в стандартном рабочем порядке. Потребуется обычная техническая диагностика и несколько связанных действий. Объём включает несколько стандартных действий в пределах части смены. После выполнения требуется короткий отчёт о результате.,ru,normal,medium,1_to_4h
"We need to diagnose pressure loss in the loop and replace the damaged section. This is an emergency with a safety risk and mitigation must start now. The task has several dependent parts and the solution depends on diagnostic findings. The work includes diagnosis, the main operation, and a verification step. Provide a short completion note after the work.",en,critical,complex,1_to_4h
"Требуется диагностировать падение давления в контуре и заменить повреждённый участок. Критичный сервис недоступен, работа подразделения фактически остановлена. Потребуется обычная техническая диагностика и несколько связанных действий. Ожидаемый объём — одна короткая операция с проверкой результата. Исходные данные и доступы будут предоставлены исполнителю.",ru,critical,medium,up_to_1h
"We need to reconcile a mismatch between the manifest and the physical package count. The deadline is within four hours; a delay will affect the next operation. There are several sequential steps, but standard methods are sufficient. Several sequential steps and a final verification are required. Provide a short completion note after the work.",en,high,medium,4_to_8h
"Please replace a temperature sensor and calibrate its readings. Complete this by 18:00 today to avoid disrupting scheduled work. There are several sequential steps, but standard methods are sufficient. Several standard actions are required within part of a shift. Provide a short completion note after the work.",en,high,medium,1_to_4h
"Просьба диагностировать причину недостаточного обогрева помещения. Критичный сервис недоступен, работа подразделения фактически остановлена. Потребуется обычная техническая диагностика и несколько связанных действий. Работа займёт значительную часть смены и включает подготовку, выполнение и тестирование. Перед началом нужно проверить текущее состояние объекта.",ru,critical,medium,4_to_8h
Просьба диагностировать повышенную вибрацию насосного агрегата. Просьба взять в работу по стандартной очереди. Работа архитектурная/комплексная: несколько взаимозависимых этапов и вариантов решения. Задача включает несколько зависимых этапов и суммарно требует более одной рабочей смены. Необходимо сохранить работоспособность соседних участков.,ru,normal,very_complex,over_8h
"Required: Diagnose pressure loss in the loop and replace the damaged section. There is no special urgency; use the normal completion window. The task has several dependent parts and the solution depends on diagnostic findings. The work includes diagnosis, the main operation, and a verification step. Check the current state before starting the work.",en,normal,complex,1_to_4h
We need to update the PLC program and verify safety interlocks. The result is needed by the end of the next business day or a dependent activity will be delayed. Several systems or participants must be coordinated and multiple dependencies verified. Several sequential steps and a final verification are required. Provide a short completion note after the work.,en,high,very_complex,4_to_8h
"We need to relocate several electrical outlets and verify circuit load. This is preventive work and no process is currently stopped. There are several sequential steps, but standard methods are sufficient. The work includes diagnosis, the main operation, and a verification step. Required source data and access will be provided.",en,low,medium,1_to_4h
"We need to repair a crack in an internal partition and restore the finish. Complete this by 18:00 today to avoid disrupting scheduled work. There are several sequential steps, but standard methods are sufficient. The expected scope is one short operation followed by a result check. A final verification is required after completion.",en,high,medium,up_to_1h
"Необходимо исправить ошибку авторизации пользователей в веб-приложении. Результат нужен до конца следующего рабочего дня, иначе задержится связанный процесс. Действие типовое, без нестандартных зависимостей. Работа локальная и не требует длительной диагностики. После завершения требуется контрольная проверка.",ru,high,simple,up_to_1h
Required: Replace a damaged door handle in a staff room. The deadline is within four hours; a delay will affect the next operation. The action is routine and has no unusual dependencies. The expected scope is one short operation followed by a result check. Record the result in the request log.,en,high,simple,up_to_1h
"Просьба провести техническое обследование и подготовить варианты усиления конструкции. Требуется немедленная реакция: текущая неисправность остановила ключевой процесс. Задача состоит из нескольких зависимых частей и требует выбора решения по результатам диагностики. Работа займёт значительную часть смены и включает подготовку, выполнение и тестирование. Результат нужно зафиксировать в журнале заявки.",ru,critical,complex,4_to_8h
"Задача: организовать перенаправление партии груза между двумя складами и согласовать окна приёмки. Особой срочности нет, требуется обычный срок исполнения. Задача состоит из нескольких зависимых частей и требует выбора решения по результатам диагностики. Потребуются диагностика, основная операция и контрольная проверка. Необходимо сохранить работоспособность соседних участков.",ru,normal,complex,1_to_4h
Task: Design a multi-room refurbishment including coordination of engineering systems. This is preventive work and no process is currently stopped. Several interacting factors must be considered and the result checked at multiple stages. Several dependent stages are involved and the total effort exceeds one work shift. Check the current state before starting the work.,en,low,complex,over_8h
"Требуется перемаркировать одну паллету после исправления карточки товара. Выполнение допустимо в удобное окно в течение ближайших недель. Действие типовое, без нестандартных зависимостей. Ожидаемый объём — одна короткая операция с проверкой результата. После завершения требуется контрольная проверка.",ru,low,simple,up_to_1h
"Task: Coordinate the schedule for several cross-team meetings. Please process this as routine work. Routine technical diagnosis and several related actions are required. The task will take a substantial part of a shift including preparation, execution, and testing. The work will be performed at an operating site.",en,normal,medium,4_to_8h
"Required: Fix the user authentication failure in the web application. There is no special urgency; use the normal completion window. The task has several dependent parts and the solution depends on diagnostic findings. This is multi-stage work covering preparation, implementation, verification, and documentation. The work will be performed at an operating site.",en,normal,complex,over_8h
Required: Restore building access after an access-control system failure. The deadline is within four hours; a delay will affect the next operation. Several interacting factors must be considered and the result checked at multiple stages. Several sequential steps and a final verification are required. Record the result in the request log.,en,high,complex,4_to_8h
"Please prepare a multi-floor ventilation modernization plan. This is preventive work and no process is currently stopped. Several systems or participants must be coordinated and multiple dependencies verified. The task will take a substantial part of a shift including preparation, execution, and testing. Provide a short completion note after the work.",en,low,very_complex,4_to_8h
Task: Reconfigure bin locations after the rack layout was changed. This is preventive work and no process is currently stopped. Several interacting factors must be considered and the result checked at multiple stages. Several standard actions are required within part of a shift. Adjacent systems must remain operational during the task.,en,low,complex,1_to_4h
Please renew the TLS certificate on the staging server. The work may be completed in a convenient slot during the next few weeks. The action is routine and has no unusual dependencies. This is localized work and should not require lengthy diagnostics. Required source data and access will be provided.,en,low,simple,up_to_1h
"Необходимо обследовать протечку кровли и выполнить локальный ремонт. Задача профилактическая, остановки процессов сейчас нет. Нужно учесть несколько взаимосвязанных факторов и проверить результат на разных этапах. Объём включает несколько стандартных действий в пределах части смены. Доступ к месту работ заранее согласован.",ru,low,complex,1_to_4h
Please configure database backups and verify a restore procedure. There is no special urgency; use the normal completion window. Routine technical diagnosis and several related actions are required. Several standard actions are required within part of a shift. Access to the work area has already been arranged.,en,normal,medium,1_to_4h
"Требуется перемаркировать одну паллету после исправления карточки товара. Выполнение допустимо в удобное окно в течение ближайших недель. Есть несколько последовательных шагов, но используются стандартные методы. Ожидаемый объём — одна короткая операция с проверкой результата. После выполнения требуется короткий отчёт о результате.",ru,low,medium,up_to_1h
"We need to perform scheduled calibration of a patient monitor. This is an emergency with a safety risk and mitigation must start now. Routine technical diagnosis and several related actions are required. The work includes diagnosis, the main operation, and a verification step. A final verification is required after completion.",en,critical,medium,1_to_4h
Необходимо организовать перенаправление партии груза между двумя складами и согласовать окна приёмки. Есть близкий срок: выполнить в течение четырёх часов; задержка затронет следующую операцию. Нужно учесть несколько взаимосвязанных факторов и проверить результат на разных этапах. Объём включает несколько стандартных действий в пределах части смены. Исходные данные и доступы будут предоставлены исполнителю.,ru,high,complex,1_to_4h
"Task: Prepare a renovation plan for the entrance area and replace the flooring. This is preventive work and no process is currently stopped. Several interacting factors must be considered and the result checked at multiple stages. The task will take a substantial part of a shift including preparation, execution, and testing. Check the current state before starting the work.",en,low,complex,4_to_8h
Просьба сверить расхождения между накладной и фактическим количеством мест. Ситуация аварийная и создаёт риск безопасности; начать устранение необходимо сейчас. Нужна одна понятная операция по стандартной процедуре. Объём включает несколько стандартных действий в пределах части смены. Необходимо сохранить работоспособность соседних участков.,ru,critical,simple,1_to_4h
Необходимо разобраться с расхождением остатков по нескольким ячейкам. Просьба взять в работу по стандартной очереди. Задача состоит из нескольких зависимых частей и требует выбора решения по результатам диагностики. Задача включает несколько зависимых этапов и суммарно требует более одной рабочей смены. Доступ к месту работ заранее согласован.,ru,normal,complex,over_8h
Required: Clean up a localized flood and inspect affected building systems. There is no special urgency; use the normal completion window. Routine technical diagnosis and several related actions are required. The expected scope is one short operation followed by a result check. The work will be performed at an operating site.,en,normal,medium,up_to_1h
Просьба уточнить статус одной задержанной поставки и обновить запись. Нужно выполнить в стандартном рабочем порядке. Нужна одна понятная операция по стандартной процедуре. Объём включает несколько стандартных действий в пределах части смены. Перед началом нужно проверить текущее состояние объекта.,ru,normal,simple,1_to_4h
"Задача: заменить неисправную розетку и проверить линию. Нужно закончить сегодня до 18:00, чтобы не сорвать запланированные работы. Есть несколько последовательных шагов, но используются стандартные методы. Ожидаемый объём — одна короткая операция с проверкой результата. Работы выполняются на действующем объекте.",ru,high,medium,up_to_1h
"Please configure database backups and verify a restore procedure. There is no special urgency; use the normal completion window. The task has several dependent parts and the solution depends on diagnostic findings. The task will take a substantial part of a shift including preparation, execution, and testing. A final verification is required after completion.",en,normal,complex,4_to_8h
Требуется переработать процесс согласования документов с несколькими ролями и маршрутами. Просьба взять в работу по стандартной очереди. Потребуется обычная техническая диагностика и несколько связанных действий. Ожидаемый объём — одна короткая операция с проверкой результата. После выполнения требуется короткий отчёт о результате.,ru,normal,medium,up_to_1h
"Требуется настроить резервное копирование базы данных и проверить восстановление. Нужно закончить сегодня до 18:00, чтобы не сорвать запланированные работы. Нужно учесть несколько взаимосвязанных факторов и проверить результат на разных этапах. Нужно выполнить несколько последовательных этапов с итоговой проверкой. После завершения требуется контрольная проверка.",ru,high,complex,4_to_8h
"Просьба подготовить план ремонта входной группы с заменой покрытия. Срок не жёсткий; работу можно включить в плановый график. Нужно учесть несколько взаимосвязанных факторов и проверить результат на разных этапах. Работа займёт значительную часть смены и включает подготовку, выполнение и тестирование. Работы выполняются на действующем объекте.",ru,low,complex,4_to_8h
"Требуется подготовить сводную таблицу по заявкам отдела за месяц. Критичный сервис недоступен, работа подразделения фактически остановлена. Потребуется обычная техническая диагностика и несколько связанных действий. Потребуются диагностика, основная операция и контрольная проверка. После выполнения требуется короткий отчёт о результате.",ru,critical,medium,1_to_4h
"Требуется диагностировать падение давления в контуре и заменить повреждённый участок. Требуется немедленная реакция: текущая неисправность остановила ключевой процесс. Задача состоит из нескольких зависимых частей и требует выбора решения по результатам диагностики. Потребуются диагностика, основная операция и контрольная проверка. Доступ к месту работ заранее согласован.",ru,critical,complex,1_to_4h
Task: Redesign the room power distribution with load and protection calculations. The deadline is within four hours; a delay will affect the next operation. Several interacting factors must be considered and the result checked at multiple stages. Several dependent stages are involved and the total effort exceeds one work shift. The work will be performed at an operating site.,en,high,complex,over_8h
Необходимо разработать единый регламент обработки обращений для нескольких филиалов. Есть близкий срок: выполнить в течение четырёх часов; задержка затронет следующую операцию. Нужно учесть несколько взаимосвязанных факторов и проверить результат на разных этапах. Задача включает несколько зависимых этапов и суммарно требует более одной рабочей смены. После завершения требуется контрольная проверка.,ru,high,complex,over_8h
"Необходимо исправить ошибку авторизации пользователей в веб-приложении. Нужно закончить сегодня до 18:00, чтобы не сорвать запланированные работы. Есть несколько последовательных шагов, но используются стандартные методы. Работа займёт значительную часть смены и включает подготовку, выполнение и тестирование. После выполнения требуется короткий отчёт о результате.",ru,high,medium,4_to_8h
Task: Verify the readings of an electronic clinical thermometer. A critical service is unavailable and the department cannot continue normal work. One clear operation using a standard procedure is required. Several standard actions are required within part of a shift. The work will be performed at an operating site.,en,critical,simple,1_to_4h
"Task: Prepare an internal-audit evidence pack for several departments. Immediate response is required because the failure has stopped a key process. The task has several dependent parts and the solution depends on diagnostic findings. The task will take a substantial part of a shift including preparation, execution, and testing. Check the current state before starting the work.",en,critical,complex,4_to_8h
"Требуется разработать проект перепланировки нескольких помещений с согласованием инженерных узлов. Ситуация аварийная и создаёт риск безопасности; начать устранение необходимо сейчас. Работа архитектурная/комплексная: несколько взаимозависимых этапов и вариантов решения. Предстоит многоэтапная работа с подготовкой, реализацией, проверками и оформлением результата. Исходные данные и доступы будут предоставлены исполнителю.",ru,critical,very_complex,over_8h
"Задача: подготовить комплексный план модернизации вентиляции на нескольких этажах. Требуется немедленная реакция: текущая неисправность остановила ключевой процесс. Задача состоит из нескольких зависимых частей и требует выбора решения по результатам диагностики. Предстоит многоэтапная работа с подготовкой, реализацией, проверками и оформлением результата. Перед началом нужно проверить текущее состояние объекта.",ru,critical,complex,over_8h
"Task: Add CSV report export with date filtering. This is preventive work and no process is currently stopped. There are several sequential steps, but standard methods are sufficient. This is localized work and should not require lengthy diagnostics. Record the result in the request log.",en,low,medium,up_to_1h
"Please diagnose unstable operation of a laboratory centrifuge. This is an emergency with a safety risk and mitigation must start now. Routine technical diagnosis and several related actions are required. The task will take a substantial part of a shift including preparation, execution, and testing. A final verification is required after completion.",en,critical,medium,4_to_8h
"Просьба восстановить работу аппарата, из-за отказа которого остановлена критичная диагностическая процедура. Есть близкий срок: выполнить в течение четырёх часов; задержка затронет следующую операцию. Требуется координация нескольких подсистем или участников и проверка множества зависимостей. Работа займёт значительную часть смены и включает подготовку, выполнение и тестирование. Необходимо сохранить работоспособность соседних участков.",ru,high,very_complex,4_to_8h
"We need to coordinate the schedule for several cross-team meetings. There is no hard deadline; this can be placed in the planned maintenance queue. There are several sequential steps, but standard methods are sufficient. Several sequential steps and a final verification are required. Access to the work area has already been arranged.",en,low,medium,4_to_8h
"Просьба заменить датчик температуры и откалибровать показания. Срок не жёсткий; работу можно включить в плановый график. Есть несколько последовательных шагов, но используются стандартные методы. Объём включает несколько стандартных действий в пределах части смены. Перед началом нужно проверить текущее состояние объекта.",ru,low,medium,1_to_4h
"Задача: сверить расхождения между накладной и фактическим количеством мест. Срок не жёсткий; работу можно включить в плановый график. Есть несколько последовательных шагов, но используются стандартные методы. Нужно выполнить несколько последовательных этапов с итоговой проверкой. Работы выполняются на действующем объекте.",ru,low,medium,4_to_8h
We need to redirect a cargo batch between two warehouses and coordinate receiving windows. This is an emergency with a safety risk and mitigation must start now. Routine technical diagnosis and several related actions are required. The expected scope is one short operation followed by a result check. Required source data and access will be provided.,en,critical,medium,up_to_1h
"We need to design a multi-room refurbishment including coordination of engineering systems. This is an emergency with a safety risk and mitigation must start now. This is architectural or cross-system work with several interdependent stages and solution options. This is multi-stage work covering preparation, implementation, verification, and documentation. Provide a short completion note after the work.",en,critical,very_complex,over_8h
"Просьба подготовить концепцию модернизации объекта с несколькими зависимыми подсистемами. Срок не жёсткий; работу можно включить в плановый график. Требуется координация нескольких подсистем или участников и проверка множества зависимостей. Работа займёт значительную часть смены и включает подготовку, выполнение и тестирование. Перед началом нужно проверить текущее состояние объекта.",ru,low,very_complex,4_to_8h
Please diagnose unstable operation of a laboratory centrifuge. This is an emergency with a safety risk and mitigation must start now. The task has several dependent parts and the solution depends on diagnostic findings. Several dependent stages are involved and the total effort exceeds one work shift. Access to the work area has already been arranged.,en,critical,complex,over_8h
"Требуется провести техническое обследование и подготовить варианты усиления конструкции. Результат нужен до конца следующего рабочего дня, иначе задержится связанный процесс. Есть несколько последовательных шагов, но используются стандартные методы. Потребуются диагностика, основная операция и контрольная проверка. После завершения требуется контрольная проверка.",ru,high,medium,1_to_4h
"Просьба диагностировать нестабильную работу лабораторной центрифуги. Нужно выполнить в стандартном рабочем порядке. Потребуется обычная техническая диагностика и несколько связанных действий. Работа займёт значительную часть смены и включает подготовку, выполнение и тестирование. Результат нужно зафиксировать в журнале заявки.",ru,normal,medium,4_to_8h
Please reconfigure bin locations after the rack layout was changed. The result is needed by the end of the next business day or a dependent activity will be delayed. Several interacting factors must be considered and the result checked at multiple stages. Several standard actions are required within part of a shift. Required source data and access will be provided.,en,high,complex,1_to_4h
"Необходимо обновить программу ПЛК и проверить межблокировки. Просьба взять в работу по стандартной очереди. Задача состоит из нескольких зависимых частей и требует выбора решения по результатам диагностики. Работа займёт значительную часть смены и включает подготовку, выполнение и тестирование. Исходные данные и доступы будут предоставлены исполнителю.",ru,normal,complex,4_to_8h
"Требуется диагностировать повышенную вибрацию насосного агрегата. Выполнение допустимо в удобное окно в течение ближайших недель. Нужно учесть несколько взаимосвязанных факторов и проверить результат на разных этапах. Предстоит многоэтапная работа с подготовкой, реализацией, проверками и оформлением результата. После выполнения требуется короткий отчёт о результате.",ru,low,complex,over_8h
Task: Design placement for a new product group considering turnover and storage compatibility. There is no special urgency; use the normal completion window. This is architectural or cross-system work with several interdependent stages and solution options. Several dependent stages are involved and the total effort exceeds one work shift. The work will be performed at an operating site.,en,normal,very_complex,over_8h
Task: Relocate several electrical outlets and verify circuit load. There is no special urgency; use the normal completion window. One clear operation using a standard procedure is required. Several standard actions are required within part of a shift. Record the result in the request log.,en,normal,simple,1_to_4h
"Требуется проверить доводчик двери и отрегулировать закрывание. Нужно выполнить в стандартном рабочем порядке. Потребуется обычная техническая диагностика и несколько связанных действий. Потребуются диагностика, основная операция и контрольная проверка. Исходные данные и доступы будут предоставлены исполнителю.",ru,normal,medium,1_to_4h
"We need to diagnose pressure loss in the loop and replace the damaged section. Immediate response is required because the failure has stopped a key process. The task has several dependent parts and the solution depends on diagnostic findings. The work includes diagnosis, the main operation, and a verification step. Access to the work area has already been arranged.",en,critical,complex,1_to_4h
"Необходимо заменить перегоревшую лампу в коридоре. Критичный сервис недоступен, работа подразделения фактически остановлена. Потребуется обычная техническая диагностика и несколько связанных действий. Работа локальная и не требует длительной диагностики. После завершения требуется контрольная проверка.",ru,critical,medium,up_to_1h
"Required: Replace a damaged door handle in a staff room. Complete this by 18:00 today to avoid disrupting scheduled work. There are several sequential steps, but standard methods are sufficient. Several sequential steps and a final verification are required. The work will be performed at an operating site.",en,high,medium,4_to_8h
"Required: Restore building access after an access-control system failure. Complete this by 18:00 today to avoid disrupting scheduled work. There are several sequential steps, but standard methods are sufficient. The work includes diagnosis, the main operation, and a verification step. Record the result in the request log.",en,high,medium,1_to_4h
"Просьба устранить течь под раковиной с заменой соединения. Ситуация аварийная и создаёт риск безопасности; начать устранение необходимо сейчас. Потребуется обычная техническая диагностика и несколько связанных действий. Работа займёт значительную часть смены и включает подготовку, выполнение и тестирование. Необходимо сохранить работоспособность соседних участков.",ru,critical,medium,4_to_8h
"Требуется подготовить комплексный план модернизации вентиляции на нескольких этажах. Особой срочности нет, требуется обычный срок исполнения. Работа архитектурная/комплексная: несколько взаимозависимых этапов и вариантов решения. Предстоит многоэтапная работа с подготовкой, реализацией, проверками и оформлением результата. После завершения требуется контрольная проверка.",ru,normal,very_complex,over_8h
"Required: Clean up a localized flood and inspect affected building systems. Handle this through the standard work queue. The task has several dependent parts and the solution depends on diagnostic findings. The work includes diagnosis, the main operation, and a verification step. Check the current state before starting the work.",en,normal,complex,1_to_4h
Required: Restore building access after an access-control system failure. The deadline is within four hours; a delay will affect the next operation. Several systems or participants must be coordinated and multiple dependencies verified. Several sequential steps and a final verification are required. Adjacent systems must remain operational during the task.,en,high,very_complex,4_to_8h
"Required: Configure database backups and verify a restore procedure. There is no hard deadline; this can be placed in the planned maintenance queue. There are several sequential steps, but standard methods are sufficient. The work includes diagnosis, the main operation, and a verification step. Check the current state before starting the work.",en,low,medium,1_to_4h
"Required: Replace a faulty wall outlet and test the circuit. Complete this by 18:00 today to avoid disrupting scheduled work. There are several sequential steps, but standard methods are sufficient. The expected scope is one short operation followed by a result check. The work will be performed at an operating site.",en,high,medium,up_to_1h
"Просьба проверить доводчик двери и отрегулировать закрывание. Результат нужен до конца следующего рабочего дня, иначе задержится связанный процесс. Действие типовое, без нестандартных зависимостей. Работа локальная и не требует длительной диагностики. Результат нужно зафиксировать в журнале заявки.",ru,high,simple,up_to_1h
Required: Replace a faulty wall outlet and test the circuit. Complete this by 18:00 today to avoid disrupting scheduled work. The action is routine and has no unusual dependencies. The expected scope is one short operation followed by a result check. Record the result in the request log.,en,high,simple,up_to_1h
"Просьба смонтировать перегородку с дверным проёмом по готовому чертежу. Требуется немедленная реакция: текущая неисправность остановила ключевой процесс. Задача состоит из нескольких зависимых частей и требует выбора решения по результатам диагностики. Работа займёт значительную часть смены и включает подготовку, выполнение и тестирование. Перед началом нужно проверить текущее состояние объекта.",ru,critical,complex,4_to_8h
"Требуется обследовать протечку кровли и выполнить локальный ремонт. Особой срочности нет, требуется обычный срок исполнения. Задача состоит из нескольких зависимых частей и требует выбора решения по результатам диагностики. Потребуются диагностика, основная операция и контрольная проверка. После завершения требуется контрольная проверка.",ru,normal,complex,1_to_4h
Task: Design a multi-room refurbishment including coordination of engineering systems. The work may be completed in a convenient slot during the next few weeks. Several interacting factors must be considered and the result checked at multiple stages. Several dependent stages are involved and the total effort exceeds one work shift. The work will be performed at an operating site.,en,low,complex,over_8h
"Задача: заделать трещину в перегородке и восстановить отделку. Выполнение допустимо в удобное окно в течение ближайших недель. Действие типовое, без нестандартных зависимостей. Ожидаемый объём — одна короткая операция с проверкой результата. Работы выполняются на действующем объекте.",ru,low,simple,up_to_1h
"Please diagnose insufficient heating in an office room. Please process this as routine work. Routine technical diagnosis and several related actions are required. The task will take a substantial part of a shift including preparation, execution, and testing. Provide a short completion note after the work.",en,normal,medium,4_to_8h
"We need to redesign the room power distribution with load and protection calculations. Handle this through the standard work queue. The task has several dependent parts and the solution depends on diagnostic findings. This is multi-stage work covering preparation, implementation, verification, and documentation. Required source data and access will be provided.",en,normal,complex,over_8h
"Please prepare a renovation plan for the entrance area and replace the flooring. The deadline is within four hours; a delay will affect the next operation. Several interacting factors must be considered and the result checked at multiple stages. The task will take a substantial part of a shift including preparation, execution, and testing. Provide a short completion note after the work.",en,high,complex,4_to_8h
We need to build an API integration between the CRM and the internal system. There is no hard deadline; this can be placed in the planned maintenance queue. Several systems or participants must be coordinated and multiple dependencies verified. Several sequential steps and a final verification are required. Provide a short completion note after the work.,en,low,very_complex,4_to_8h
Task: Clean up a localized flood and inspect affected building systems. This is preventive work and no process is currently stopped. Several interacting factors must be considered and the result checked at multiple stages. Several standard actions are required within part of a shift. The work will be performed at an operating site.,en,low,complex,1_to_4h
Task: Replace a temperature sensor and calibrate its readings. The work may be completed in a convenient slot during the next few weeks. The action is routine and has no unusual dependencies. This is localized work and should not require lengthy diagnostics. The work will be performed at an operating site.,en,low,simple,up_to_1h
Необходимо обследовать протечку кровли и выполнить локальный ремонт. Выполнение допустимо в удобное окно в течение ближайших недель. Нужно учесть несколько взаимосвязанных факторов и проверить результат на разных этапах. Объём включает несколько стандартных действий в пределах части смены. Доступ к месту работ заранее согласован.,ru,low,complex,1_to_4h
Please replace the battery in a portable medical device and run a functional test. Handle this through the standard work queue. Routine technical diagnosis and several related actions are required. Several standard actions are required within part of a shift. Provide a short completion note after the work.,en,normal,medium,1_to_4h
"Просьба добавить экспорт отчёта в CSV с фильтрацией по периоду. Выполнение допустимо в удобное окно в течение ближайших недель. Есть несколько последовательных шагов, но используются стандартные методы. Работа локальная и не требует длительной диагностики. Необходимо сохранить работоспособность соседних участков.",ru,low,medium,up_to_1h
"Required: Perform a spot inventory of one storage section. Immediate response is required because the failure has stopped a key process. Routine technical diagnosis and several related actions are required. The work includes diagnosis, the main operation, and a verification step. Adjacent systems must remain operational during the task.",en,critical,medium,1_to_4h
"Необходимо перенастроить адресное хранение зоны после изменения схемы стеллажей. Нужно закончить сегодня до 18:00, чтобы не сорвать запланированные работы. Нужно учесть несколько взаимосвязанных факторов и проверить результат на разных этапах. Объём включает несколько стандартных действий в пределах части смены. Исходные данные и доступы будут предоставлены исполнителю.",ru,high,complex,1_to_4h
"Please reroute several deliveries because a road segment is closed. The work may be completed in a convenient slot during the next few weeks. Several interacting factors must be considered and the result checked at multiple stages. The task will take a substantial part of a shift including preparation, execution, and testing. Required source data and access will be provided.",en,low,complex,4_to_8h
Просьба исправить опечатку в шаблоне внутреннего уведомления. Требуется немедленная реакция: текущая неисправность остановила ключевой процесс. Нужна одна понятная операция по стандартной процедуре. Объём включает несколько стандартных действий в пределах части смены. Работы выполняются на действующем объекте.,ru,critical,simple,1_to_4h
"Задача: подготовить план ввода нового диагностического комплекса с проверкой интерфейсов и обучением персонала. Нужно выполнить в стандартном рабочем порядке. Задача состоит из нескольких зависимых частей и требует выбора решения по результатам диагностики. Предстоит многоэтапная работа с подготовкой, реализацией, проверками и оформлением результата. Перед началом нужно проверить текущее состояние объекта.",ru,normal,complex,over_8h
We need to inspect a roof leak and perform a localized repair. There is no special urgency; use the normal completion window. Routine technical diagnosis and several related actions are required. The expected scope is one short operation followed by a result check. Required source data and access will be provided.,en,normal,medium,up_to_1h
"Задача: заменить датчик температуры и откалибровать показания. Особой срочности нет, требуется обычный срок исполнения. Нужна одна понятная операция по стандартной процедуре. Потребуются диагностика, основная операция и контрольная проверка. Работы выполняются на действующем объекте.",ru,normal,simple,1_to_4h
"Требуется исправить опечатку в шаблоне внутреннего уведомления. Результат нужен до конца следующего рабочего дня, иначе задержится связанный процесс. Есть несколько последовательных шагов, но используются стандартные методы. Ожидаемый объём — одна короткая операция с проверкой результата. Доступ к месту работ заранее согласован.",ru,high,medium,up_to_1h
"Please prepare an internal-audit evidence pack for several departments. There is no special urgency; use the normal completion window. The task has several dependent parts and the solution depends on diagnostic findings. The task will take a substantial part of a shift including preparation, execution, and testing. Access to the work area has already been arranged.",en,normal,complex,4_to_8h
"Необходимо заделать трещину в перегородке и восстановить отделку. Особой срочности нет, требуется обычный срок исполнения. Потребуется обычная техническая диагностика и несколько связанных действий. Работа локальная и не требует длительной диагностики. После завершения требуется контрольная проверка.",ru,normal,medium,up_to_1h
Требуется обновить программу ПЛК и проверить межблокировки. Есть близкий срок: выполнить в течение четырёх часов; задержка затронет следующую операцию. Нужно учесть несколько взаимосвязанных факторов и проверить результат на разных этапах. Нужно выполнить несколько последовательных этапов с итоговой проверкой. Исходные данные и доступы будут предоставлены исполнителю.,ru,high,complex,4_to_8h
Задача: обновить программу ПЛК и проверить межблокировки. Выполнение допустимо в удобное окно в течение ближайших недель. Нужно учесть несколько взаимосвязанных факторов и проверить результат на разных этапах. Нужно выполнить несколько последовательных этапов с итоговой проверкой. Результат нужно зафиксировать в журнале заявки.,ru,low,complex,4_to_8h
"Необходимо перенести несколько электрических точек и проверить нагрузку на линию. Критичный сервис недоступен, работа подразделения фактически остановлена. Потребуется обычная техническая диагностика и несколько связанных действий. Объём включает несколько стандартных действий в пределах части смены. Доступ к месту работ заранее согласован.",ru,critical,medium,1_to_4h
"Задача: переработать процесс согласования документов с несколькими ролями и маршрутами. Критичный сервис недоступен, работа подразделения фактически остановлена. Задача состоит из нескольких зависимых частей и требует выбора решения по результатам диагностики. Потребуются диагностика, основная операция и контрольная проверка. Перед началом нужно проверить текущее состояние объекта.",ru,critical,complex,1_to_4h
"Required: Diagnose excessive vibration in the pump unit. The deadline is within four hours; a delay will affect the next operation. Several interacting factors must be considered and the result checked at multiple stages. This is multi-stage work covering preparation, implementation, verification, and documentation. The work will be performed at an operating site.",en,high,complex,over_8h
"Задача: диагностировать повышенную вибрацию насосного агрегата. Нужно закончить сегодня до 18:00, чтобы не сорвать запланированные работы. Нужно учесть несколько взаимосвязанных факторов и проверить результат на разных этапах. Предстоит многоэтапная работа с подготовкой, реализацией, проверками и оформлением результата. Необходимо сохранить работоспособность соседних участков.",ru,high,complex,over_8h
"Требуется сверить расхождения между накладной и фактическим количеством мест. Результат нужен до конца следующего рабочего дня, иначе задержится связанный процесс. Есть несколько последовательных шагов, но используются стандартные методы. Нужно выполнить несколько последовательных этапов с итоговой проверкой. Исходные данные и доступы будут предоставлены исполнителю.",ru,high,medium,4_to_8h
"We need to replace a temperature sensor and calibrate its readings. A critical service is unavailable and the department cannot continue normal work. One clear operation using a standard procedure is required. The work includes diagnosis, the main operation, and a verification step. Required source data and access will be provided.",en,critical,simple,1_to_4h
We need to replace a temperature sensor and calibrate its readings. Immediate response is required because the failure has stopped a key process. The task has several dependent parts and the solution depends on diagnostic findings. Several sequential steps and a final verification are required. A final verification is required after completion.,en,critical,complex,4_to_8h
"Задача: переработать схему электроснабжения помещения с расчётом нагрузки и защит. Критичный сервис недоступен, работа подразделения фактически остановлена. Работа архитектурная/комплексная: несколько взаимозависимых этапов и вариантов решения. Предстоит многоэтапная работа с подготовкой, реализацией, проверками и оформлением результата. Результат нужно зафиксировать в журнале заявки.",ru,critical,very_complex,over_8h
Просьба разобраться с расхождением остатков по нескольким ячейкам. Требуется немедленная реакция: текущая неисправность остановила ключевой процесс. Задача состоит из нескольких зависимых частей и требует выбора решения по результатам диагностики. Задача включает несколько зависимых этапов и суммарно требует более одной рабочей смены. Перед началом нужно проверить текущее состояние объекта.,ru,critical,complex,over_8h
"Required: Repair a crack in an internal partition and restore the finish. There is no hard deadline; this can be placed in the planned maintenance queue. There are several sequential steps, but standard methods are sufficient. The expected scope is one short operation followed by a result check. Check the current state before starting the work.",en,low,medium,up_to_1h
"Please replace a damaged door handle in a staff room. This is an emergency with a safety risk and mitigation must start now. Routine technical diagnosis and several related actions are required. The task will take a substantial part of a shift including preparation, execution, and testing. Access to the work area has already been arranged.",en,critical,medium,4_to_8h
Задача: спроектировать размещение новой товарной группы с учётом оборачиваемости и ограничений совместного хранения. Есть близкий срок: выполнить в течение четырёх часов; задержка затронет следующую операцию. Требуется координация нескольких подсистем или участников и проверка множества зависимостей. Нужно выполнить несколько последовательных этапов с итоговой проверкой. Перед началом нужно проверить текущее состояние объекта.,ru,high,very_complex,4_to_8h
"We need to diagnose unstable operation of a laboratory centrifuge. There is no hard deadline; this can be placed in the planned maintenance queue. There are several sequential steps, but standard methods are sufficient. Several sequential steps and a final verification are required. Access to the work area has already been arranged.",en,low,medium,4_to_8h
"Требуется организовать восстановление доступа в здание после отказа системы контроля доступа. Задача профилактическая, остановки процессов сейчас нет. Есть несколько последовательных шагов, но используются стандартные методы. Потребуются диагностика, основная операция и контрольная проверка. После завершения требуется контрольная проверка.",ru,low,medium,1_to_4h
"Задача: разобраться с расхождением остатков по нескольким ячейкам. Срок не жёсткий; работу можно включить в плановый график. Есть несколько последовательных шагов, но используются стандартные методы. Нужно выполнить несколько последовательных этапов с итоговой проверкой. Необходимо сохранить работоспособность соседних участков.",ru,low,medium,4_to_8h
Task: Repair a crack in an internal partition and restore the finish. Immediate response is required because the failure has stopped a key process. Routine technical diagnosis and several related actions are required. This is localized work and should not require lengthy diagnostics. Record the result in the request log.,en,critical,medium,up_to_1h
"Required: Restore a device whose failure has stopped a critical diagnostic procedure. A critical service is unavailable and the department cannot continue normal work. This is architectural or cross-system work with several interdependent stages and solution options. This is multi-stage work covering preparation, implementation, verification, and documentation. Adjacent systems must remain operational during the task.",en,critical,very_complex,over_8h
"Требуется спроектировать новую схему маршрутизации для нескольких регионов с ограничениями по времени и вместимости. Задача профилактическая, остановки процессов сейчас нет. Требуется координация нескольких подсистем или участников и проверка множества зависимостей. Нужно выполнить несколько последовательных этапов с итоговой проверкой. После завершения требуется контрольная проверка.",ru,low,very_complex,4_to_8h
Task: Investigate stock discrepancies across several bin locations. A critical service is unavailable and the department cannot continue normal work. The task has several dependent parts and the solution depends on diagnostic findings. Several dependent stages are involved and the total effort exceeds one work shift. Check the current state before starting the work.,en,critical,complex,over_8h
"Требуется заменить аккумулятор в переносном медицинском приборе и провести функциональный тест. Результат нужен до конца следующего рабочего дня, иначе задержится связанный процесс. Есть несколько последовательных шагов, но используются стандартные методы. Потребуются диагностика, основная операция и контрольная проверка. После завершения требуется контрольная проверка.",ru,high,medium,1_to_4h
"Просьба разработать комплект рабочих чертежей для нового технического узла. Особой срочности нет, требуется обычный срок исполнения. Потребуется обычная техническая диагностика и несколько связанных действий. Работа займёт значительную часть смены и включает подготовку, выполнение и тестирование. Результат нужно зафиксировать в журнале заявки.",ru,normal,medium,4_to_8h
Task: Inspect a roof leak and perform a localized repair. The deadline is within four hours; a delay will affect the next operation. Several interacting factors must be considered and the result checked at multiple stages. Several standard actions are required within part of a shift. Check the current state before starting the work.,en,high,complex,1_to_4h
"Просьба перенести несколько электрических точек и проверить нагрузку на линию. Особой срочности нет, требуется обычный срок исполнения. Задача состоит из нескольких зависимых частей и требует выбора решения по результатам диагностики. Работа займёт значительную часть смены и включает подготовку, выполнение и тестирование. Перед началом нужно проверить текущее состояние объекта.",ru,normal,complex,4_to_8h
"Требуется диагностировать повышенную вибрацию насосного агрегата. Выполнение допустимо в удобное окно в течение ближайших недель. Нужно учесть несколько взаимосвязанных факторов и проверить результат на разных этапах. Предстоит многоэтапная работа с подготовкой, реализацией, проверками и оформлением результата. После завершения требуется контрольная проверка.",ru,low,complex,over_8h
"We need to reroute several deliveries because a road segment is closed. There is no special urgency; use the normal completion window. This is architectural or cross-system work with several interdependent stages and solution options. This is multi-stage work covering preparation, implementation, verification, and documentation. A final verification is required after completion.",en,normal,very_complex,over_8h
Please correct a typo in an internal notification template. Please process this as routine work. One clear operation using a standard procedure is required. Several standard actions are required within part of a shift. A final verification is required after completion.,en,normal,simple,1_to_4h
"Просьба перенести несколько электрических точек и проверить нагрузку на линию. Особой срочности нет, требуется обычный срок исполнения. Потребуется обычная техническая диагностика и несколько связанных действий. Объём включает несколько стандартных действий в пределах части смены. Работы выполняются на действующем объекте.",ru,normal,medium,1_to_4h
"We need to reconfigure bin locations after the rack layout was changed. This is an emergency with a safety risk and mitigation must start now. The task has several dependent parts and the solution depends on diagnostic findings. The work includes diagnosis, the main operation, and a verification step. Required source data and access will be provided.",en,critical,complex,1_to_4h
Требуется устранить последствия локального подтопления и проверить повреждённые инженерные узлы. Требуется немедленная реакция: текущая неисправность остановила ключевой процесс. Потребуется обычная техническая диагностика и несколько связанных действий. Ожидаемый объём — одна короткая операция с проверкой результата. После выполнения требуется короткий отчёт о результате.,ru,critical,medium,up_to_1h
"We need to reconcile a mismatch between the manifest and the physical package count. Complete this by 18:00 today to avoid disrupting scheduled work. There are several sequential steps, but standard methods are sufficient. Several sequential steps and a final verification are required. Required source data and access will be provided.",en,high,medium,4_to_8h
"We need to configure database backups and verify a restore procedure. The deadline is within four hours; a delay will affect the next operation. There are several sequential steps, but standard methods are sufficient. The work includes diagnosis, the main operation, and a verification step. Provide a short completion note after the work.",en,high,medium,1_to_4h
"Необходимо разработать комплект рабочих чертежей для нового технического узла. Требуется немедленная реакция: текущая неисправность остановила ключевой процесс. Потребуется обычная техническая диагностика и несколько связанных действий. Работа займёт значительную часть смены и включает подготовку, выполнение и тестирование. Исходные данные и доступы будут предоставлены исполнителю.",ru,critical,medium,4_to_8h
Просьба спроектировать новую схему маршрутизации для нескольких регионов с ограничениями по времени и вместимости. Просьба взять в работу по стандартной очереди. Работа архитектурная/комплексная: несколько взаимозависимых этапов и вариантов решения. Задача включает несколько зависимых этапов и суммарно требует более одной рабочей смены. Работы выполняются на действующем объекте.,ru,normal,very_complex,over_8h
"Required: Reconfigure bin locations after the rack layout was changed. Please process this as routine work. The task has several dependent parts and the solution depends on diagnostic findings. The work includes diagnosis, the main operation, and a verification step. Record the result in the request log.",en,normal,complex,1_to_4h
"Task: Reroute several deliveries because a road segment is closed. Complete this by 18:00 today to avoid disrupting scheduled work. Several systems or participants must be coordinated and multiple dependencies verified. The task will take a substantial part of a shift including preparation, execution, and testing. The work will be performed at an operating site.",en,high,very_complex,4_to_8h
"Required: Replace the battery in a portable medical device and run a functional test. This is preventive work and no process is currently stopped. There are several sequential steps, but standard methods are sufficient. The work includes diagnosis, the main operation, and a verification step. The work will be performed at an operating site.",en,low,medium,1_to_4h
"Please add CSV report export with date filtering. Complete this by 18:00 today to avoid disrupting scheduled work. There are several sequential steps, but standard methods are sufficient. This is localized work and should not require lengthy diagnostics. Required source data and access will be provided.",en,high,medium,up_to_1h
"Требуется сверить расхождения между накладной и фактическим количеством мест. Результат нужен до конца следующего рабочего дня, иначе задержится связанный процесс. Действие типовое, без нестандартных зависимостей. Ожидаемый объём — одна короткая операция с проверкой результата. После завершения требуется контрольная проверка.",ru,high,simple,up_to_1h
Required: Replace a damaged door handle in a staff room. The deadline is within four hours; a delay will affect the next operation. The action is routine and has no unusual dependencies. The expected scope is one short operation followed by a result check. Adjacent systems must remain operational during the task.,en,high,simple,up_to_1h
"Просьба настроить резервное копирование базы данных и проверить восстановление. Требуется немедленная реакция: текущая неисправность остановила ключевой процесс. Задача состоит из нескольких зависимых частей и требует выбора решения по результатам диагностики. Работа займёт значительную часть смены и включает подготовку, выполнение и тестирование. Результат нужно зафиксировать в журнале заявки.",ru,critical,complex,4_to_8h
"Задача: устранить последствия локального подтопления и проверить повреждённые инженерные узлы. Особой срочности нет, требуется обычный срок исполнения. Задача состоит из нескольких зависимых частей и требует выбора решения по результатам диагностики. Потребуются диагностика, основная операция и контрольная проверка. Необходимо сохранить работоспособность соседних участков.",ru,normal,complex,1_to_4h
"Required: Reconcile a mismatch between the manifest and the physical package count. This is preventive work and no process is currently stopped. Several interacting factors must be considered and the result checked at multiple stages. This is multi-stage work covering preparation, implementation, verification, and documentation. Check the current state before starting the work.",en,low,complex,over_8h
"Задача: устранить течь под раковиной с заменой соединения. Выполнение допустимо в удобное окно в течение ближайших недель. Действие типовое, без нестандартных зависимостей. Ожидаемый объём — одна короткая операция с проверкой результата. Работы выполняются на действующем объекте.",ru,low,simple,up_to_1h
"Please reconcile a mismatch between the manifest and the physical package count. Please process this as routine work. Routine technical diagnosis and several related actions are required. The task will take a substantial part of a shift including preparation, execution, and testing. Required source data and access will be provided.",en,normal,medium,4_to_8h
Task: Prepare a working drawing package for a new technical assembly. There is no special urgency; use the normal completion window. The task has several dependent parts and the solution depends on diagnostic findings. Several dependent stages are involved and the total effort exceeds one work shift. Check the current state before starting the work.,en,normal,complex,over_8h
Required: Restore building access after an access-control system failure. The result is needed by the end of the next business day or a dependent activity will be delayed. Several interacting factors must be considered and the result checked at multiple stages. Several sequential steps and a final verification are required. The work will be performed at an operating site.,en,high,complex,4_to_8h
"Task: Prepare a modernization concept for a facility with several dependent subsystems. There is no hard deadline; this can be placed in the planned maintenance queue. Several systems or participants must be coordinated and multiple dependencies verified. The task will take a substantial part of a shift including preparation, execution, and testing. Check the current state before starting the work.",en,low,very_complex,4_to_8h
Task: Redirect a cargo batch between two warehouses and coordinate receiving windows. This is preventive work and no process is currently stopped. Several interacting factors must be considered and the result checked at multiple stages. Several standard actions are required within part of a shift. Record the result in the request log.,en,low,complex,1_to_4h
Required: Stop a leak under the sink and replace the failed connector. The work may be completed in a convenient slot during the next few weeks. The action is routine and has no unusual dependencies. The expected scope is one short operation followed by a result check. The work will be performed at an operating site.,en,low,simple,up_to_1h
"Просьба диагностировать падение давления в контуре и заменить повреждённый участок. Задача профилактическая, остановки процессов сейчас нет. Нужно учесть несколько взаимосвязанных факторов и проверить результат на разных этапах. Объём включает несколько стандартных действий в пределах части смены. Необходимо сохранить работоспособность соседних участков.",ru,low,complex,1_to_4h
"Required: Perform scheduled calibration of a patient monitor. Please process this as routine work. Routine technical diagnosis and several related actions are required. The work includes diagnosis, the main operation, and a verification step. Adjacent systems must remain operational during the task.",en,normal,medium,1_to_4h
"Задача: проверить корректность показаний электронного термометра. Выполнение допустимо в удобное окно в течение ближайших недель. Есть несколько последовательных шагов, но используются стандартные методы. Ожидаемый объём — одна короткая операция с проверкой результата. Работы выполняются на действующем объекте.",ru,low,medium,up_to_1h
Task: Replace the battery in a portable medical device and run a functional test. This is an emergency with a safety risk and mitigation must start now. Routine technical diagnosis and several related actions are required. Several standard actions are required within part of a shift. Adjacent systems must remain operational during the task.,en,critical,medium,1_to_4h
"Необходимо устранить последствия локального подтопления и проверить повреждённые инженерные узлы. Результат нужен до конца следующего рабочего дня, иначе задержится связанный процесс. Нужно учесть несколько взаимосвязанных факторов и проверить результат на разных этапах. Объём включает несколько стандартных действий в пределах части смены. Исходные данные и доступы будут предоставлены исполнителю.",ru,high,complex,1_to_4h
Required: Update the PLC program and verify safety interlocks. There is no hard deadline; this can be placed in the planned maintenance queue. Several interacting factors must be considered and the result checked at multiple stages. Several sequential steps and a final verification are required. The work will be performed at an operating site.,en,low,complex,4_to_8h
"Просьба настроить резервное копирование базы данных и проверить восстановление. Критичный сервис недоступен, работа подразделения фактически остановлена. Нужна одна понятная операция по стандартной процедуре. Объём включает несколько стандартных действий в пределах части смены. Работы выполняются на действующем объекте.",ru,critical,simple,1_to_4h
"Задача: разработать проект перепланировки нескольких помещений с согласованием инженерных узлов. Нужно выполнить в стандартном рабочем порядке. Задача состоит из нескольких зависимых частей и требует выбора решения по результатам диагностики. Предстоит многоэтапная работа с подготовкой, реализацией, проверками и оформлением результата. Результат нужно зафиксировать в журнале заявки.",ru,normal,complex,over_8h
Please repair a crack in an internal partition and restore the finish. There is no special urgency; use the normal completion window. Routine technical diagnosis and several related actions are required. This is localized work and should not require lengthy diagnostics. Provide a short completion note after the work.,en,normal,medium,up_to_1h
Просьба уточнить статус одной задержанной поставки и обновить запись. Нужно выполнить в стандартном рабочем порядке. Нужна одна понятная операция по стандартной процедуре. Объём включает несколько стандартных действий в пределах части смены. Результат нужно зафиксировать в журнале заявки.,ru,normal,simple,1_to_4h
"Требуется исправить опечатку в шаблоне внутреннего уведомления. Есть близкий срок: выполнить в течение четырёх часов; задержка затронет следующую операцию. Есть несколько последовательных шагов, но используются стандартные методы. Ожидаемый объём — одна короткая операция с проверкой результата. После выполнения требуется короткий отчёт о результате.",ru,high,medium,up_to_1h
"Please perform a technical survey and prepare structural strengthening options. There is no special urgency; use the normal completion window. The task has several dependent parts and the solution depends on diagnostic findings. The task will take a substantial part of a shift including preparation, execution, and testing. A final verification is required after completion.",en,normal,complex,4_to_8h
"Просьба уточнить статус одной задержанной поставки и обновить запись. Особой срочности нет, требуется обычный срок исполнения. Потребуется обычная техническая диагностика и несколько связанных действий. Работа локальная и не требует длительной диагностики. Перед началом нужно проверить текущее состояние объекта.",ru,normal,medium,up_to_1h
"Просьба провести выборочную инвентаризацию секции хранения. Результат нужен до конца следующего рабочего дня, иначе задержится связанный процесс. Нужно учесть несколько взаимосвязанных факторов и проверить результат на разных этапах. Работа займёт значительную часть смены и включает подготовку, выполнение и тестирование. Работы выполняются на действующем объекте.",ru,high,complex,4_to_8h
"Необходимо перепланировать маршрут нескольких отправлений из-за закрытия участка дороги. Срок не жёсткий; работу можно включить в плановый график. Нужно учесть несколько взаимосвязанных факторов и проверить результат на разных этапах. Работа займёт значительную часть смены и включает подготовку, выполнение и тестирование. После завершения требуется контрольная проверка.",ru,low,complex,4_to_8h
Просьба смонтировать перегородку с дверным проёмом по готовому чертежу. Требуется немедленная реакция: текущая неисправность остановила ключевой процесс. Потребуется обычная техническая диагностика и несколько связанных действий. Объём включает несколько стандартных действий в пределах части смены. Работы выполняются на действующем объекте.,ru,critical,medium,1_to_4h
"Задача: обследовать протечку кровли и выполнить локальный ремонт. Критичный сервис недоступен, работа подразделения фактически остановлена. Задача состоит из нескольких зависимых частей и требует выбора решения по результатам диагностики. Потребуются диагностика, основная операция и контрольная проверка. Необходимо сохранить работоспособность соседних участков.",ru,critical,complex,1_to_4h
"Required: Diagnose unstable operation of a laboratory centrifuge. The deadline is within four hours; a delay will affect the next operation. Several interacting factors must be considered and the result checked at multiple stages. This is multi-stage work covering preparation, implementation, verification, and documentation. Check the current state before starting the work.",en,high,complex,over_8h
"Необходимо подготовить концепцию модернизации объекта с несколькими зависимыми подсистемами. Нужно закончить сегодня до 18:00, чтобы не сорвать запланированные работы. Нужно учесть несколько взаимосвязанных факторов и проверить результат на разных этапах. Задача включает несколько зависимых этапов и суммарно требует более одной рабочей смены. После завершения требуется контрольная проверка.",ru,high,complex,over_8h
"Задача: заменить повреждённую дверную ручку в служебном помещении. Нужно закончить сегодня до 18:00, чтобы не сорвать запланированные работы. Есть несколько последовательных шагов, но используются стандартные методы. Нужно выполнить несколько последовательных этапов с итоговой проверкой. Работы выполняются на действующем объекте.",ru,high,medium,4_to_8h
Task: Install a partition with a doorway using the approved drawing. A critical service is unavailable and the department cannot continue normal work. One clear operation using a standard procedure is required. Several standard actions are required within part of a shift. Adjacent systems must remain operational during the task.,en,critical,simple,1_to_4h
"Task: Perform a technical survey and prepare structural strengthening options. A critical service is unavailable and the department cannot continue normal work. The task has several dependent parts and the solution depends on diagnostic findings. The task will take a substantial part of a shift including preparation, execution, and testing. Check the current state before starting the work.",en,critical,complex,4_to_8h
"Задача: переработать схему электроснабжения помещения с расчётом нагрузки и защит. Ситуация аварийная и создаёт риск безопасности; начать устранение необходимо сейчас. Работа архитектурная/комплексная: несколько взаимозависимых этапов и вариантов решения. Предстоит многоэтапная работа с подготовкой, реализацией, проверками и оформлением результата. Перед началом нужно проверить текущее состояние объекта.",ru,critical,very_complex,over_8h
"Требуется исправить ошибку авторизации пользователей в веб-приложении. Требуется немедленная реакция: текущая неисправность остановила ключевой процесс. Задача состоит из нескольких зависимых частей и требует выбора решения по результатам диагностики. Предстоит многоэтапная работа с подготовкой, реализацией, проверками и оформлением результата. После выполнения требуется короткий отчёт о результате.",ru,critical,complex,over_8h
"Task: Redirect a cargo batch between two warehouses and coordinate receiving windows. The work may be completed in a convenient slot during the next few weeks. There are several sequential steps, but standard methods are sufficient. This is localized work and should not require lengthy diagnostics. Check the current state before starting the work.",en,low,medium,up_to_1h
We need to fix the user authentication failure in the web application. This is an emergency with a safety risk and mitigation must start now. Routine technical diagnosis and several related actions are required. Several sequential steps and a final verification are required. Required source data and access will be provided.,en,critical,medium,4_to_8h
"Необходимо подготовить план ввода нового диагностического комплекса с проверкой интерфейсов и обучением персонала. Нужно закончить сегодня до 18:00, чтобы не сорвать запланированные работы. Требуется координация нескольких подсистем или участников и проверка множества зависимостей. Работа займёт значительную часть смены и включает подготовку, выполнение и тестирование. После завершения требуется контрольная проверка.",ru,high,very_complex,4_to_8h
"Required: Reconcile a mismatch between the manifest and the physical package count. There is no hard deadline; this can be placed in the planned maintenance queue. There are several sequential steps, but standard methods are sufficient. Several sequential steps and a final verification are required. Record the result in the request log.",en,low,medium,4_to_8h
"Задача: настроить резервное копирование базы данных и проверить восстановление. Срок не жёсткий; работу можно включить в плановый график. Есть несколько последовательных шагов, но используются стандартные методы. Потребуются диагностика, основная операция и контрольная проверка. Работы выполняются на действующем объекте.",ru,low,medium,1_to_4h
"Требуется разработать комплект рабочих чертежей для нового технического узла. Срок не жёсткий; работу можно включить в плановый график. Есть несколько последовательных шагов, но используются стандартные методы. Нужно выполнить несколько последовательных этапов с итоговой проверкой. Исходные данные и доступы будут предоставлены исполнителю.",ru,low,medium,4_to_8h
Please check the status of one delayed shipment and update the record. Immediate response is required because the failure has stopped a key process. Routine technical diagnosis and several related actions are required. This is localized work and should not require lengthy diagnostics. Access to the work area has already been arranged.,en,critical,medium,up_to_1h
Please build an API integration between the CRM and the internal system. Immediate response is required because the failure has stopped a key process. This is architectural or cross-system work with several interdependent stages and solution options. Several dependent stages are involved and the total effort exceeds one work shift. Required source data and access will be provided.,en,critical,very_complex,over_8h
"Необходимо восстановить работу аппарата, из-за отказа которого остановлена критичная диагностическая процедура. Задача профилактическая, остановки процессов сейчас нет. Требуется координация нескольких подсистем или участников и проверка множества зависимостей. Работа займёт значительную часть смены и включает подготовку, выполнение и тестирование. Доступ к месту работ заранее согласован.",ru,low,very_complex,4_to_8h
Please prepare a working drawing package for a new technical assembly. A critical service is unavailable and the department cannot continue normal work. The task has several dependent parts and the solution depends on diagnostic findings. Several dependent stages are involved and the total effort exceeds one work shift. Provide a short completion note after the work.,en,critical,complex,over_8h
"Требуется заменить аккумулятор в переносном медицинском приборе и провести функциональный тест. Нужно закончить сегодня до 18:00, чтобы не сорвать запланированные работы. Есть несколько последовательных шагов, но используются стандартные методы. Потребуются диагностика, основная операция и контрольная проверка. После выполнения требуется короткий отчёт о результате.",ru,high,medium,1_to_4h
"Необходимо диагностировать причину недостаточного обогрева помещения. Просьба взять в работу по стандартной очереди. Потребуется обычная техническая диагностика и несколько связанных действий. Работа займёт значительную часть смены и включает подготовку, выполнение и тестирование. После завершения требуется контрольная проверка.",ru,normal,medium,4_to_8h
"Required: Build an API integration between the CRM and the internal system. The result is needed by the end of the next business day or a dependent activity will be delayed. Several interacting factors must be considered and the result checked at multiple stages. The work includes diagnosis, the main operation, and a verification step. The work will be performed at an operating site.",en,high,complex,1_to_4h
"Необходимо обновить программу ПЛК и проверить межблокировки. Особой срочности нет, требуется обычный срок исполнения. Задача состоит из нескольких зависимых частей и требует выбора решения по результатам диагностики. Работа займёт значительную часть смены и включает подготовку, выполнение и тестирование. После выполнения требуется короткий отчёт о результате.",ru,normal,complex,4_to_8h
"Требуется диагностировать повышенную вибрацию насосного агрегата. Срок не жёсткий; работу можно включить в плановый график. Нужно учесть несколько взаимосвязанных факторов и проверить результат на разных этапах. Предстоит многоэтапная работа с подготовкой, реализацией, проверками и оформлением результата. Исходные данные и доступы будут предоставлены исполнителю.",ru,low,complex,over_8h
Task: Diagnose unstable operation of a laboratory centrifuge. There is no special urgency; use the normal completion window. This is architectural or cross-system work with several interdependent stages and solution options. Several dependent stages are involved and the total effort exceeds one work shift. Adjacent systems must remain operational during the task.,en,normal,very_complex,over_8h
Please stop a leak under the sink and replace the failed connector. Handle this through the standard work queue. One clear operation using a standard procedure is required. Several standard actions are required within part of a shift. Required source data and access will be provided.,en,normal,simple,1_to_4h
Необходимо заменить аккумулятор в переносном медицинском приборе и провести функциональный тест. Просьба взять в работу по стандартной очереди. Потребуется обычная техническая диагностика и несколько связанных действий. Объём включает несколько стандартных действий в пределах части смены. После выполнения требуется короткий отчёт о результате.,ru,normal,medium,1_to_4h
"Required: Restore a device whose failure has stopped a critical diagnostic procedure. This is an emergency with a safety risk and mitigation must start now. The task has several dependent parts and the solution depends on diagnostic findings. The work includes diagnosis, the main operation, and a verification step. The work will be performed at an operating site.",en,critical,complex,1_to_4h
Просьба заделать трещину в перегородке и восстановить отделку. Требуется немедленная реакция: текущая неисправность остановила ключевой процесс. Потребуется обычная техническая диагностика и несколько связанных действий. Работа локальная и не требует длительной диагностики. Результат нужно зафиксировать в журнале заявки.,ru,critical,medium,up_to_1h
"Please fix the user authentication failure in the web application. The deadline is within four hours; a delay will affect the next operation. There are several sequential steps, but standard methods are sufficient. The task will take a substantial part of a shift including preparation, execution, and testing. Provide a short completion note after the work.",en,high,medium,4_to_8h
"Please replace a temperature sensor and calibrate its readings. Complete this by 18:00 today to avoid disrupting scheduled work. There are several sequential steps, but standard methods are sufficient. Several standard actions are required within part of a shift. A final verification is required after completion.",en,high,medium,1_to_4h
"Необходимо заменить повреждённую дверную ручку в служебном помещении. Ситуация аварийная и создаёт риск безопасности; начать устранение необходимо сейчас. Потребуется обычная техническая диагностика и несколько связанных действий. Работа займёт значительную часть смены и включает подготовку, выполнение и тестирование. Доступ к месту работ заранее согласован.",ru,critical,medium,4_to_8h
"Требуется обследовать протечку кровли и выполнить локальный ремонт. Просьба взять в работу по стандартной очереди. Работа архитектурная/комплексная: несколько взаимозависимых этапов и вариантов решения. Предстоит многоэтапная работа с подготовкой, реализацией, проверками и оформлением результата. После завершения требуется контрольная проверка.",ru,normal,very_complex,over_8h
"Required: Add CSV report export with date filtering. There is no special urgency; use the normal completion window. The task has several dependent parts and the solution depends on diagnostic findings. The work includes diagnosis, the main operation, and a verification step. Check the current state before starting the work.",en,normal,complex,1_to_4h
"Please design a multi-room refurbishment including coordination of engineering systems. The result is needed by the end of the next business day or a dependent activity will be delayed. Several systems or participants must be coordinated and multiple dependencies verified. The task will take a substantial part of a shift including preparation, execution, and testing. Required source data and access will be provided.",en,high,very_complex,4_to_8h
"Task: Replace a temperature sensor and calibrate its readings. This is preventive work and no process is currently stopped. There are several sequential steps, but standard methods are sufficient. Several standard actions are required within part of a shift. Adjacent systems must remain operational during the task.",en,low,medium,1_to_4h
"We need to repair a crack in an internal partition and restore the finish. The result is needed by the end of the next business day or a dependent activity will be delayed. There are several sequential steps, but standard methods are sufficient. The expected scope is one short operation followed by a result check. Required source data and access will be provided.",en,high,medium,up_to_1h
"Просьба провести выборочную инвентаризацию секции хранения. Нужно закончить сегодня до 18:00, чтобы не сорвать запланированные работы. Действие типовое, без нестандартных зависимостей. Работа локальная и не требует длительной диагностики. Работы выполняются на действующем объекте.",ru,high,simple,up_to_1h
Task: Perform a spot inventory of one storage section. The deadline is within four hours; a delay will affect the next operation. The action is routine and has no unusual dependencies. This is localized work and should not require lengthy diagnostics. Check the current state before starting the work.,en,high,simple,up_to_1h
"Просьба подготовить комплект материалов для внутреннего аудита по нескольким подразделениям. Критичный сервис недоступен, работа подразделения фактически остановлена. Задача состоит из нескольких зависимых частей и требует выбора решения по результатам диагностики. Работа займёт значительную часть смены и включает подготовку, выполнение и тестирование. Работы выполняются на действующем объекте.",ru,critical,complex,4_to_8h
"Задача: добавить экспорт отчёта в CSV с фильтрацией по периоду. Особой срочности нет, требуется обычный срок исполнения. Задача состоит из нескольких зависимых частей и требует выбора решения по результатам диагностики. Потребуются диагностика, основная операция и контрольная проверка. Перед началом нужно проверить текущее состояние объекта.",ru,normal,complex,1_to_4h
Task: Fix the user authentication failure in the web application. This is preventive work and no process is currently stopped. Several interacting factors must be considered and the result checked at multiple stages. Several dependent stages are involved and the total effort exceeds one work shift. Check the current state before starting the work.,en,low,complex,over_8h
"Необходимо проверить доводчик двери и отрегулировать закрывание. Задача профилактическая, остановки процессов сейчас нет. Действие типовое, без нестандартных зависимостей. Работа локальная и не требует длительной диагностики. Исходные данные и доступы будут предоставлены исполнителю.",ru,low,simple,up_to_1h
"Task: Diagnose excessive vibration in the pump unit. There is no special urgency; use the normal completion window. Routine technical diagnosis and several related actions are required. The task will take a substantial part of a shift including preparation, execution, and testing. Record the result in the request log.",en,normal,medium,4_to_8h
Please investigate stock discrepancies across several bin locations. There is no special urgency; use the normal completion window. The task has several dependent parts and the solution depends on diagnostic findings. Several dependent stages are involved and the total effort exceeds one work shift. Required source data and access will be provided.,en,normal,complex,over_8h
"Please prepare a monthly summary table for the department requests. The deadline is within four hours; a delay will affect the next operation. Several interacting factors must be considered and the result checked at multiple stages. The task will take a substantial part of a shift including preparation, execution, and testing. Required source data and access will be provided.",en,high,complex,4_to_8h
"Please restore a device whose failure has stopped a critical diagnostic procedure. This is preventive work and no process is currently stopped. Several systems or participants must be coordinated and multiple dependencies verified. The task will take a substantial part of a shift including preparation, execution, and testing. Access to the work area has already been arranged.",en,low,very_complex,4_to_8h
Please redesign a document approval workflow with multiple roles and routes. There is no hard deadline; this can be placed in the planned maintenance queue. Several interacting factors must be considered and the result checked at multiple stages. Several standard actions are required within part of a shift. A final verification is required after completion.,en,low,complex,1_to_4h
Required: Install a partition with a doorway using the approved drawing. The work may be completed in a convenient slot during the next few weeks. The action is routine and has no unusual dependencies. The expected scope is one short operation followed by a result check. Check the current state before starting the work.,en,low,simple,up_to_1h
Просьба диагностировать падение давления в контуре и заменить повреждённый участок. Срок не жёсткий; работу можно включить в плановый график. Нужно учесть несколько взаимосвязанных факторов и проверить результат на разных этапах. Объём включает несколько стандартных действий в пределах части смены. Перед началом нужно проверить текущее состояние объекта.,ru,low,complex,1_to_4h
Task: Restore building access after an access-control system failure. There is no special urgency; use the normal completion window. Routine technical diagnosis and several related actions are required. Several standard actions are required within part of a shift. Record the result in the request log.,en,normal,medium,1_to_4h
"Требуется заменить неисправную розетку и проверить линию. Задача профилактическая, остановки процессов сейчас нет. Есть несколько последовательных шагов, но используются стандартные методы. Ожидаемый объём — одна короткая операция с проверкой результата. Исходные данные и доступы будут предоставлены исполнителю.",ru,low,medium,up_to_1h
"We need to prepare a monthly summary table for the department requests. A critical service is unavailable and the department cannot continue normal work. Routine technical diagnosis and several related actions are required. The work includes diagnosis, the main operation, and a verification step. Provide a short completion note after the work.",en,critical,medium,1_to_4h
"Просьба обследовать протечку кровли и выполнить локальный ремонт. Результат нужен до конца следующего рабочего дня, иначе задержится связанный процесс. Нужно учесть несколько взаимосвязанных факторов и проверить результат на разных этапах. Объём включает несколько стандартных действий в пределах части смены. Перед началом нужно проверить текущее состояние объекта.",ru,high,complex,1_to_4h
We need to relocate several electrical outlets and verify circuit load. This is preventive work and no process is currently stopped. Several interacting factors must be considered and the result checked at multiple stages. Several sequential steps and a final verification are required. Provide a short completion note after the work.,en,low,complex,4_to_8h
Необходимо уточнить статус одной задержанной поставки и обновить запись. Ситуация аварийная и создаёт риск безопасности; начать устранение необходимо сейчас. Нужна одна понятная операция по стандартной процедуре. Объём включает несколько стандартных действий в пределах части смены. После выполнения требуется короткий отчёт о результате.,ru,critical,simple,1_to_4h
"Просьба диагностировать нестабильную работу лабораторной центрифуги. Особой срочности нет, требуется обычный срок исполнения. Задача состоит из нескольких зависимых частей и требует выбора решения по результатам диагностики. Задача включает несколько зависимых этапов и суммарно требует более одной рабочей смены. Перед началом нужно проверить текущее состояние объекта.",ru,normal,complex,over_8h
Please repair a crack in an internal partition and restore the finish. Please process this as routine work. Routine technical diagnosis and several related actions are required. This is localized work and should not require lengthy diagnostics. Required source data and access will be provided.,en,normal,medium,up_to_1h
"Задача: заменить датчик температуры и откалибровать показания. Нужно выполнить в стандартном рабочем порядке. Нужна одна понятная операция по стандартной процедуре. Потребуются диагностика, основная операция и контрольная проверка. Результат нужно зафиксировать в журнале заявки.",ru,normal,simple,1_to_4h
"Требуется заделать трещину в перегородке и восстановить отделку. Есть близкий срок: выполнить в течение четырёх часов; задержка затронет следующую операцию. Есть несколько последовательных шагов, но используются стандартные методы. Ожидаемый объём — одна короткая операция с проверкой результата. Доступ к месту работ заранее согласован.",ru,high,medium,up_to_1h
"Please perform a technical survey and prepare structural strengthening options. Please process this as routine work. The task has several dependent parts and the solution depends on diagnostic findings. The task will take a substantial part of a shift including preparation, execution, and testing. Access to the work area has already been arranged.",en,normal,complex,4_to_8h
Задача: организовать перенаправление партии груза между двумя складами и согласовать окна приёмки. Нужно выполнить в стандартном рабочем порядке. Потребуется обычная техническая диагностика и несколько связанных действий. Ожидаемый объём — одна короткая операция с проверкой результата. Работы выполняются на действующем объекте.,ru,normal,medium,up_to_1h
"Просьба перепланировать маршрут нескольких отправлений из-за закрытия участка дороги. Есть близкий срок: выполнить в течение четырёх часов; задержка затронет следующую операцию. Нужно учесть несколько взаимосвязанных факторов и проверить результат на разных этапах. Работа займёт значительную часть смены и включает подготовку, выполнение и тестирование. Результат нужно зафиксировать в журнале заявки.",ru,high,complex,4_to_8h
Задача: подготовить комплект материалов для внутреннего аудита по нескольким подразделениям. Срок не жёсткий; работу можно включить в плановый график. Нужно учесть несколько взаимосвязанных факторов и проверить результат на разных этапах. Нужно выполнить несколько последовательных этапов с итоговой проверкой. Работы выполняются на действующем объекте.,ru,low,complex,4_to_8h
"Требуется подготовить сводную таблицу по заявкам отдела за месяц. Ситуация аварийная и создаёт риск безопасности; начать устранение необходимо сейчас. Потребуется обычная техническая диагностика и несколько связанных действий. Потребуются диагностика, основная операция и контрольная проверка. Доступ к месту работ заранее согласован.",ru,critical,medium,1_to_4h
"Требуется перенастроить адресное хранение зоны после изменения схемы стеллажей. Ситуация аварийная и создаёт риск безопасности; начать устранение необходимо сейчас. Задача состоит из нескольких зависимых частей и требует выбора решения по результатам диагностики. Потребуются диагностика, основная операция и контрольная проверка. Доступ к месту работ заранее согласован.",ru,critical,complex,1_to_4h
Please prepare a modernization concept for a facility with several dependent subsystems. Complete this by 18:00 today to avoid disrupting scheduled work. Several interacting factors must be considered and the result checked at multiple stages. Several dependent stages are involved and the total effort exceeds one work shift. A final verification is required after completion.,en,high,complex,over_8h
Необходимо подготовить план ввода нового диагностического комплекса с проверкой интерфейсов и обучением персонала. Есть близкий срок: выполнить в течение четырёх часов; задержка затронет следующую операцию. Нужно учесть несколько взаимосвязанных факторов и проверить результат на разных этапах. Задача включает несколько зависимых этапов и суммарно требует более одной рабочей смены. Доступ к месту работ заранее согласован.,ru,high,complex,over_8h
"Задача: согласовать график нескольких встреч между подразделениями. Есть близкий срок: выполнить в течение четырёх часов; задержка затронет следующую операцию. Есть несколько последовательных шагов, но используются стандартные методы. Нужно выполнить несколько последовательных этапов с итоговой проверкой. Работы выполняются на действующем объекте.",ru,high,medium,4_to_8h
Task: Stop a leak under the sink and replace the failed connector. A critical service is unavailable and the department cannot continue normal work. One clear operation using a standard procedure is required. Several standard actions are required within part of a shift. Adjacent systems must remain operational during the task.,en,critical,simple,1_to_4h
"Task: Replace the battery in a portable medical device and run a functional test. Immediate response is required because the failure has stopped a key process. The task has several dependent parts and the solution depends on diagnostic findings. The task will take a substantial part of a shift including preparation, execution, and testing. Record the result in the request log.",en,critical,complex,4_to_8h
"Требуется подготовить план ремонта входной группы с заменой покрытия. Требуется немедленная реакция: текущая неисправность остановила ключевой процесс. Работа архитектурная/комплексная: несколько взаимозависимых этапов и вариантов решения. Предстоит многоэтапная работа с подготовкой, реализацией, проверками и оформлением результата. Доступ к месту работ заранее согласован.",ru,critical,very_complex,over_8h
Просьба сверить расхождения между накладной и фактическим количеством мест. Требуется немедленная реакция: текущая неисправность остановила ключевой процесс. Задача состоит из нескольких зависимых частей и требует выбора решения по результатам диагностики. Задача включает несколько зависимых этапов и суммарно требует более одной рабочей смены. Необходимо сохранить работоспособность соседних участков.,ru,critical,complex,over_8h
"We need to replace a faulty wall outlet and test the circuit. There is no hard deadline; this can be placed in the planned maintenance queue. There are several sequential steps, but standard methods are sufficient. The expected scope is one short operation followed by a result check. Provide a short completion note after the work.",en,low,medium,up_to_1h
"Task: Diagnose insufficient heating in an office room. A critical service is unavailable and the department cannot continue normal work. Routine technical diagnosis and several related actions are required. The task will take a substantial part of a shift including preparation, execution, and testing. The work will be performed at an operating site.",en,critical,medium,4_to_8h
"Просьба перепланировать маршрут нескольких отправлений из-за закрытия участка дороги. Результат нужен до конца следующего рабочего дня, иначе задержится связанный процесс. Требуется координация нескольких подсистем или участников и проверка множества зависимостей. Работа займёт значительную часть смены и включает подготовку, выполнение и тестирование. Результат нужно зафиксировать в журнале заявки.",ru,high,very_complex,4_to_8h
"Required: Stop a leak under the sink and replace the failed connector. This is preventive work and no process is currently stopped. There are several sequential steps, but standard methods are sufficient. Several sequential steps and a final verification are required. The work will be performed at an operating site.",en,low,medium,4_to_8h
"Задача: заменить аккумулятор в переносном медицинском приборе и провести функциональный тест. Срок не жёсткий; работу можно включить в плановый график. Есть несколько последовательных шагов, но используются стандартные методы. Потребуются диагностика, основная операция и контрольная проверка. Перед началом нужно проверить текущее состояние объекта.",ru,low,medium,1_to_4h
"Требуется диагностировать нестабильную работу лабораторной центрифуги. Срок не жёсткий; работу можно включить в плановый график. Есть несколько последовательных шагов, но используются стандартные методы. Нужно выполнить несколько последовательных этапов с итоговой проверкой. Доступ к месту работ заранее согласован.",ru,low,medium,4_to_8h
Please replace a faulty wall outlet and test the circuit. Immediate response is required because the failure has stopped a key process. Routine technical diagnosis and several related actions are required. This is localized work and should not require lengthy diagnostics. Provide a short completion note after the work.,en,critical,medium,up_to_1h
"Required: Redesign the room power distribution with load and protection calculations. This is an emergency with a safety risk and mitigation must start now. This is architectural or cross-system work with several interdependent stages and solution options. This is multi-stage work covering preparation, implementation, verification, and documentation. Adjacent systems must remain operational during the task.",en,critical,very_complex,over_8h
"Просьба подготовить концепцию модернизации объекта с несколькими зависимыми подсистемами. Задача профилактическая, остановки процессов сейчас нет. Требуется координация нескольких подсистем или участников и проверка множества зависимостей. Работа займёт значительную часть смены и включает подготовку, выполнение и тестирование. Перед началом нужно проверить текущее состояние объекта.",ru,low,very_complex,4_to_8h
Please diagnose excessive vibration in the pump unit. Immediate response is required because the failure has stopped a key process. The task has several dependent parts and the solution depends on diagnostic findings. Several dependent stages are involved and the total effort exceeds one work shift. A final verification is required after completion.,en,critical,complex,over_8h
"Требуется настроить резервное копирование базы данных и проверить восстановление. Есть близкий срок: выполнить в течение четырёх часов; задержка затронет следующую операцию. Есть несколько последовательных шагов, но используются стандартные методы. Потребуются диагностика, основная операция и контрольная проверка. Доступ к месту работ заранее согласован.",ru,high,medium,1_to_4h
"Просьба диагностировать повышенную вибрацию насосного агрегата. Нужно выполнить в стандартном рабочем порядке. Потребуется обычная техническая диагностика и несколько связанных действий. Работа займёт значительную часть смены и включает подготовку, выполнение и тестирование. Необходимо сохранить работоспособность соседних участков.",ru,normal,medium,4_to_8h
Please diagnose pressure loss in the loop and replace the damaged section. The result is needed by the end of the next business day or a dependent activity will be delayed. Several interacting factors must be considered and the result checked at multiple stages. Several standard actions are required within part of a shift. Access to the work area has already been arranged.,en,high,complex,1_to_4h
"Необходимо смонтировать перегородку с дверным проёмом по готовому чертежу. Просьба взять в работу по стандартной очереди. Задача состоит из нескольких зависимых частей и требует выбора решения по результатам диагностики. Работа займёт значительную часть смены и включает подготовку, выполнение и тестирование. Доступ к месту работ заранее согласован.",ru,normal,complex,4_to_8h
"Необходимо подготовить комплексный план модернизации вентиляции на нескольких этажах. Задача профилактическая, остановки процессов сейчас нет. Нужно учесть несколько взаимосвязанных факторов и проверить результат на разных этапах. Задача включает несколько зависимых этапов и суммарно требует более одной рабочей смены. Доступ к месту работ заранее согласован.",ru,low,complex,over_8h
Task: Diagnose excessive vibration in the pump unit. There is no special urgency; use the normal completion window. This is architectural or cross-system work with several interdependent stages and solution options. Several dependent stages are involved and the total effort exceeds one work shift. Check the current state before starting the work.,en,normal,very_complex,over_8h
Please correct a typo in an internal notification template. There is no special urgency; use the normal completion window. One clear operation using a standard procedure is required. Several standard actions are required within part of a shift. Required source data and access will be provided.,en,normal,simple,1_to_4h
"Требуется провести выборочную инвентаризацию секции хранения. Просьба взять в работу по стандартной очереди. Потребуется обычная техническая диагностика и несколько связанных действий. Потребуются диагностика, основная операция и контрольная проверка. После завершения требуется контрольная проверка.",ru,normal,medium,1_to_4h
"We need to clean up a localized flood and inspect affected building systems. This is an emergency with a safety risk and mitigation must start now. The task has several dependent parts and the solution depends on diagnostic findings. The work includes diagnosis, the main operation, and a verification step. A final verification is required after completion.",en,critical,complex,1_to_4h
Требуется устранить последствия локального подтопления и проверить повреждённые инженерные узлы. Ситуация аварийная и создаёт риск безопасности; начать устранение необходимо сейчас. Потребуется обычная техническая диагностика и несколько связанных действий. Ожидаемый объём — одна короткая операция с проверкой результата. Доступ к месту работ заранее согласован.,ru,critical,medium,up_to_1h
"Required: Coordinate the schedule for several cross-team meetings. Complete this by 18:00 today to avoid disrupting scheduled work. There are several sequential steps, but standard methods are sufficient. Several sequential steps and a final verification are required. Check the current state before starting the work.",en,high,medium,4_to_8h
"We need to replace the battery in a portable medical device and run a functional test. The deadline is within four hours; a delay will affect the next operation. There are several sequential steps, but standard methods are sufficient. The work includes diagnosis, the main operation, and a verification step. Access to the work area has already been arranged.",en,high,medium,1_to_4h
"Требуется исправить ошибку авторизации пользователей в веб-приложении. Критичный сервис недоступен, работа подразделения фактически остановлена. Потребуется обычная техническая диагностика и несколько связанных действий. Нужно выполнить несколько последовательных этапов с итоговой проверкой. После завершения требуется контрольная проверка.",ru,critical,medium,4_to_8h
"Задача: диагностировать падение давления в контуре и заменить повреждённый участок. Просьба взять в работу по стандартной очереди. Работа архитектурная/комплексная: несколько взаимозависимых этапов и вариантов решения. Предстоит многоэтапная работа с подготовкой, реализацией, проверками и оформлением результата. Результат нужно зафиксировать в журнале заявки.",ru,normal,very_complex,over_8h
"Required: Clean up a localized flood and inspect affected building systems. There is no special urgency; use the normal completion window. The task has several dependent parts and the solution depends on diagnostic findings. The work includes diagnosis, the main operation, and a verification step. Record the result in the request log.",en,normal,complex,1_to_4h
"Please prepare a modernization concept for a facility with several dependent subsystems. The result is needed by the end of the next business day or a dependent activity will be delayed. Several systems or participants must be coordinated and multiple dependencies verified. The task will take a substantial part of a shift including preparation, execution, and testing. Provide a short completion note after the work.",en,high,very_complex,4_to_8h
"Task: Prepare a monthly summary table for the department requests. The work may be completed in a convenient slot during the next few weeks. There are several sequential steps, but standard methods are sufficient. Several standard actions are required within part of a shift. Record the result in the request log.",en,low,medium,1_to_4h
"We need to verify the readings of an electronic clinical thermometer. Complete this by 18:00 today to avoid disrupting scheduled work. There are several sequential steps, but standard methods are sufficient. The expected scope is one short operation followed by a result check. Access to the work area has already been arranged.",en,high,medium,up_to_1h
"Требуется устранить течь под раковиной с заменой соединения. Результат нужен до конца следующего рабочего дня, иначе задержится связанный процесс. Действие типовое, без нестандартных зависимостей. Ожидаемый объём — одна короткая операция с проверкой результата. После выполнения требуется короткий отчёт о результате.",ru,high,simple,up_to_1h
Required: Replace a damaged door handle in a staff room. The result is needed by the end of the next business day or a dependent activity will be delayed. The action is routine and has no unusual dependencies. The expected scope is one short operation followed by a result check. Adjacent systems must remain operational during the task.,en,high,simple,up_to_1h
"Просьба подготовить комплект материалов для внутреннего аудита по нескольким подразделениям. Ситуация аварийная и создаёт риск безопасности; начать устранение необходимо сейчас. Задача состоит из нескольких зависимых частей и требует выбора решения по результатам диагностики. Работа займёт значительную часть смены и включает подготовку, выполнение и тестирование. Перед началом нужно проверить текущее состояние объекта.",ru,critical,complex,4_to_8h
"Задача: диагностировать падение давления в контуре и заменить повреждённый участок. Просьба взять в работу по стандартной очереди. Задача состоит из нескольких зависимых частей и требует выбора решения по результатам диагностики. Потребуются диагностика, основная операция и контрольная проверка. Работы выполняются на действующем объекте.",ru,normal,complex,1_to_4h
"We need to prepare a working drawing package for a new technical assembly. There is no hard deadline; this can be placed in the planned maintenance queue. Several interacting factors must be considered and the result checked at multiple stages. This is multi-stage work covering preparation, implementation, verification, and documentation. Provide a short completion note after the work.",en,low,complex,over_8h
"Требуется заменить повреждённую дверную ручку в служебном помещении. Выполнение допустимо в удобное окно в течение ближайших недель. Действие типовое, без нестандартных зависимостей. Ожидаемый объём — одна короткая операция с проверкой результата. После выполнения требуется короткий отчёт о результате.",ru,low,simple,up_to_1h
"Task: Coordinate the schedule for several cross-team meetings. There is no special urgency; use the normal completion window. Routine technical diagnosis and several related actions are required. The task will take a substantial part of a shift including preparation, execution, and testing. The work will be performed at an operating site.",en,normal,medium,4_to_8h
Task: Diagnose unstable operation of a laboratory centrifuge. Handle this through the standard work queue. The task has several dependent parts and the solution depends on diagnostic findings. Several dependent stages are involved and the total effort exceeds one work shift. The work will be performed at an operating site.,en,normal,complex,over_8h
"Please perform scheduled calibration of a patient monitor. The result is needed by the end of the next business day or a dependent activity will be delayed. Several interacting factors must be considered and the result checked at multiple stages. The task will take a substantial part of a shift including preparation, execution, and testing. Required source data and access will be provided.",en,high,complex,4_to_8h
We need to build an API integration between the CRM and the internal system. There is no hard deadline; this can be placed in the planned maintenance queue. Several systems or participants must be coordinated and multiple dependencies verified. Several sequential steps and a final verification are required. Required source data and access will be provided.,en,low,very_complex,4_to_8h
Please restore a device whose failure has stopped a critical diagnostic procedure. The work may be completed in a convenient slot during the next few weeks. Several interacting factors must be considered and the result checked at multiple stages. Several standard actions are required within part of a shift. Access to the work area has already been arranged.,en,low,complex,1_to_4h
Required: Reconcile a mismatch between the manifest and the physical package count. There is no hard deadline; this can be placed in the planned maintenance queue. The action is routine and has no unusual dependencies. The expected scope is one short operation followed by a result check. Check the current state before starting the work.,en,low,simple,up_to_1h
"Требуется разработать интеграцию CRM с внутренней системой через API. Выполнение допустимо в удобное окно в течение ближайших недель. Нужно учесть несколько взаимосвязанных факторов и проверить результат на разных этапах. Потребуются диагностика, основная операция и контрольная проверка. Исходные данные и доступы будут предоставлены исполнителю.",ru,low,complex,1_to_4h
"Required: Prepare a renovation plan for the entrance area and replace the flooring. There is no special urgency; use the normal completion window. Routine technical diagnosis and several related actions are required. The work includes diagnosis, the main operation, and a verification step. Record the result in the request log.",en,normal,medium,1_to_4h
"Задача: заделать трещину в перегородке и восстановить отделку. Срок не жёсткий; работу можно включить в плановый график. Есть несколько последовательных шагов, но используются стандартные методы. Ожидаемый объём — одна короткая операция с проверкой результата. Результат нужно зафиксировать в журнале заявки.",ru,low,medium,up_to_1h
"We need to replace a temperature sensor and calibrate its readings. This is an emergency with a safety risk and mitigation must start now. Routine technical diagnosis and several related actions are required. The work includes diagnosis, the main operation, and a verification step. Provide a short completion note after the work.",en,critical,medium,1_to_4h
"Необходимо диагностировать падение давления в контуре и заменить повреждённый участок. Результат нужен до конца следующего рабочего дня, иначе задержится связанный процесс. Нужно учесть несколько взаимосвязанных факторов и проверить результат на разных этапах. Объём включает несколько стандартных действий в пределах части смены. Доступ к месту работ заранее согласован.",ru,high,complex,1_to_4h
Required: Update the PLC program and verify safety interlocks. The work may be completed in a convenient slot during the next few weeks. Several interacting factors must be considered and the result checked at multiple stages. Several sequential steps and a final verification are required. Check the current state before starting the work.,en,low,complex,4_to_8h
Необходимо заменить неисправную розетку и проверить линию. Ситуация аварийная и создаёт риск безопасности; начать устранение необходимо сейчас. Нужна одна понятная операция по стандартной процедуре. Объём включает несколько стандартных действий в пределах части смены. После завершения требуется контрольная проверка.,ru,critical,simple,1_to_4h
Просьба диагностировать нестабильную работу лабораторной центрифуги. Просьба взять в работу по стандартной очереди. Задача состоит из нескольких зависимых частей и требует выбора решения по результатам диагностики. Задача включает несколько зависимых этапов и суммарно требует более одной рабочей смены. Перед началом нужно проверить текущее состояние объекта.,ru,normal,complex,over_8h
Task: Relabel one pallet after the product record was corrected. Handle this through the standard work queue. Routine technical diagnosis and several related actions are required. This is localized work and should not require lengthy diagnostics. Check the current state before starting the work.,en,normal,medium,up_to_1h
"Задача: исправить ошибку авторизации пользователей в веб-приложении. Особой срочности нет, требуется обычный срок исполнения. Нужна одна понятная операция по стандартной процедуре. Потребуются диагностика, основная операция и контрольная проверка. Необходимо сохранить работоспособность соседних участков.",ru,normal,simple,1_to_4h
"Необходимо перенастроить адресное хранение зоны после изменения схемы стеллажей. Есть близкий срок: выполнить в течение четырёх часов; задержка затронет следующую операцию. Есть несколько последовательных шагов, но используются стандартные методы. Работа локальная и не требует длительной диагностики. Доступ к месту работ заранее согласован.",ru,high,medium,up_to_1h
"Please replace the battery in a portable medical device and run a functional test. There is no special urgency; use the normal completion window. The task has several dependent parts and the solution depends on diagnostic findings. The task will take a substantial part of a shift including preparation, execution, and testing. A final verification is required after completion.",en,normal,complex,4_to_8h
Задача: устранить последствия локального подтопления и проверить повреждённые инженерные узлы. Просьба взять в работу по стандартной очереди. Потребуется обычная техническая диагностика и несколько связанных действий. Ожидаемый объём — одна короткая операция с проверкой результата. Перед началом нужно проверить текущее состояние объекта.,ru,normal,medium,up_to_1h
"Задача: организовать восстановление доступа в здание после отказа системы контроля доступа. Нужно закончить сегодня до 18:00, чтобы не сорвать запланированные работы. Нужно учесть несколько взаимосвязанных факторов и проверить результат на разных этапах. Нужно выполнить несколько последовательных этапов с итоговой проверкой. Необходимо сохранить работоспособность соседних участков.",ru,high,complex,4_to_8h
Задача: провести техническое обследование и подготовить варианты усиления конструкции. Выполнение допустимо в удобное окно в течение ближайших недель. Нужно учесть несколько взаимосвязанных факторов и проверить результат на разных этапах. Нужно выполнить несколько последовательных этапов с итоговой проверкой. Работы выполняются на действующем объекте.,ru,low,complex,4_to_8h
Просьба подготовить комплект материалов для внутреннего аудита по нескольким подразделениям. Требуется немедленная реакция: текущая неисправность остановила ключевой процесс. Потребуется обычная техническая диагностика и несколько связанных действий. Объём включает несколько стандартных действий в пределах части смены. Результат нужно зафиксировать в журнале заявки.,ru,critical,medium,1_to_4h
"Задача: переработать процесс согласования документов с несколькими ролями и маршрутами. Требуется немедленная реакция: текущая неисправность остановила ключевой процесс. Задача состоит из нескольких зависимых частей и требует выбора решения по результатам диагностики. Потребуются диагностика, основная операция и контрольная проверка. Необходимо сохранить работоспособность соседних участков.",ru,critical,complex,1_to_4h
Please develop a unified request-handling procedure for multiple branches. The deadline is within four hours; a delay will affect the next operation. Several interacting factors must be considered and the result checked at multiple stages. Several dependent stages are involved and the total effort exceeds one work shift. A final verification is required after completion.,en,high,complex,over_8h
"Требуется разобраться с расхождением остатков по нескольким ячейкам. Нужно закончить сегодня до 18:00, чтобы не сорвать запланированные работы. Нужно учесть несколько взаимосвязанных факторов и проверить результат на разных этапах. Предстоит многоэтапная работа с подготовкой, реализацией, проверками и оформлением результата. Исходные данные и доступы будут предоставлены исполнителю.",ru,high,complex,over_8h
"Требуется разобраться с расхождением остатков по нескольким ячейкам. Есть близкий срок: выполнить в течение четырёх часов; задержка затронет следующую операцию. Есть несколько последовательных шагов, но используются стандартные методы. Нужно выполнить несколько последовательных этапов с итоговой проверкой. После завершения требуется контрольная проверка.",ru,high,medium,4_to_8h
Task: Verify the readings of an electronic clinical thermometer. A critical service is unavailable and the department cannot continue normal work. One clear operation using a standard procedure is required. Several standard actions are required within part of a shift. Record the result in the request log.,en,critical,simple,1_to_4h
We need to prepare a renovation plan for the entrance area and replace the flooring. A critical service is unavailable and the department cannot continue normal work. The task has several dependent parts and the solution depends on diagnostic findings. Several sequential steps and a final verification are required. Provide a short completion note after the work.,en,critical,complex,4_to_8h
"Задача: восстановить работу аппарата, из-за отказа которого остановлена критичная диагностическая процедура. Требуется немедленная реакция: текущая неисправность остановила ключевой процесс. Работа архитектурная/комплексная: несколько взаимозависимых этапов и вариантов решения. Предстоит многоэтапная работа с подготовкой, реализацией, проверками и оформлением результата. Необходимо сохранить работоспособность соседних участков.",ru,critical,very_complex,over_8h
Необходимо разработать комплект рабочих чертежей для нового технического узла. Требуется немедленная реакция: текущая неисправность остановила ключевой процесс. Задача состоит из нескольких зависимых частей и требует выбора решения по результатам диагностики. Задача включает несколько зависимых этапов и суммарно требует более одной рабочей смены. После завершения требуется контрольная проверка.,ru,critical,complex,over_8h
"Required: Repair a crack in an internal partition and restore the finish. This is preventive work and no process is currently stopped. There are several sequential steps, but standard methods are sufficient. The expected scope is one short operation followed by a result check. Adjacent systems must remain operational during the task.",en,low,medium,up_to_1h
"Task: Diagnose insufficient heating in an office room. Immediate response is required because the failure has stopped a key process. Routine technical diagnosis and several related actions are required. The task will take a substantial part of a shift including preparation, execution, and testing. Adjacent systems must remain operational during the task.",en,critical,medium,4_to_8h
"Задача: спроектировать новую схему маршрутизации для нескольких регионов с ограничениями по времени и вместимости. Результат нужен до конца следующего рабочего дня, иначе задержится связанный процесс. Требуется координация нескольких подсистем или участников и проверка множества зависимостей. Нужно выполнить несколько последовательных этапов с итоговой проверкой. Работы выполняются на действующем объекте.",ru,high,very_complex,4_to_8h
"Required: Diagnose insufficient heating in an office room. The work may be completed in a convenient slot during the next few weeks. There are several sequential steps, but standard methods are sufficient. Several sequential steps and a final verification are required. Record the result in the request log.",en,low,medium,4_to_8h
"Задача: заменить аккумулятор в переносном медицинском приборе и провести функциональный тест. Выполнение допустимо в удобное окно в течение ближайших недель. Есть несколько последовательных шагов, но используются стандартные методы. Потребуются диагностика, основная операция и контрольная проверка. Работы выполняются на действующем объекте.",ru,low,medium,1_to_4h
"Требуется диагностировать нестабильную работу лабораторной центрифуги. Выполнение допустимо в удобное окно в течение ближайших недель. Есть несколько последовательных шагов, но используются стандартные методы. Нужно выполнить несколько последовательных этапов с итоговой проверкой. После завершения требуется контрольная проверка.",ru,low,medium,4_to_8h
Please replace a faulty wall outlet and test the circuit. This is an emergency with a safety risk and mitigation must start now. Routine technical diagnosis and several related actions are required. This is localized work and should not require lengthy diagnostics. Access to the work area has already been arranged.,en,critical,medium,up_to_1h
Please restore building access after an access-control system failure. This is an emergency with a safety risk and mitigation must start now. This is architectural or cross-system work with several interdependent stages and solution options. Several dependent stages are involved and the total effort exceeds one work shift. A final verification is required after completion.,en,critical,very_complex,over_8h
"Необходимо восстановить работу аппарата, из-за отказа которого остановлена критичная диагностическая процедура. Выполнение допустимо в удобное окно в течение ближайших недель. Требуется координация нескольких подсистем или участников и проверка множества зависимостей. Работа займёт значительную часть смены и включает подготовку, выполнение и тестирование. После завершения требуется контрольная проверка.",ru,low,very_complex,4_to_8h
Task: Reconcile a mismatch between the manifest and the physical package count. A critical service is unavailable and the department cannot continue normal work. The task has several dependent parts and the solution depends on diagnostic findings. Several dependent stages are involved and the total effort exceeds one work shift. Check the current state before starting the work.,en,critical,complex,over_8h
"Задача: перенести несколько электрических точек и проверить нагрузку на линию. Нужно закончить сегодня до 18:00, чтобы не сорвать запланированные работы. Есть несколько последовательных шагов, но используются стандартные методы. Потребуются диагностика, основная операция и контрольная проверка. Необходимо сохранить работоспособность соседних участков.",ru,high,medium,1_to_4h
"Просьба согласовать график нескольких встреч между подразделениями. Просьба взять в работу по стандартной очереди. Потребуется обычная техническая диагностика и несколько связанных действий. Работа займёт значительную часть смены и включает подготовку, выполнение и тестирование. Необходимо сохранить работоспособность соседних участков.",ru,normal,medium,4_to_8h
Please reconfigure bin locations after the rack layout was changed. Complete this by 18:00 today to avoid disrupting scheduled work. Several interacting factors must be considered and the result checked at multiple stages. Several standard actions are required within part of a shift. Required source data and access will be provided.,en,high,complex,1_to_4h
Требуется провести выборочную инвентаризацию секции хранения. Нужно выполнить в стандартном рабочем порядке. Задача состоит из нескольких зависимых частей и требует выбора решения по результатам диагностики. Нужно выполнить несколько последовательных этапов с итоговой проверкой. После завершения требуется контрольная проверка.,ru,normal,complex,4_to_8h
"Просьба разработать проект перепланировки нескольких помещений с согласованием инженерных узлов. Задача профилактическая, остановки процессов сейчас нет. Нужно учесть несколько взаимосвязанных факторов и проверить результат на разных этапах. Задача включает несколько зависимых этапов и суммарно требует более одной рабочей смены. Перед началом нужно проверить текущее состояние объекта.",ru,low,complex,over_8h
Please update the PLC program and verify safety interlocks. There is no special urgency; use the normal completion window. This is architectural or cross-system work with several interdependent stages and solution options. Several dependent stages are involved and the total effort exceeds one work shift. Access to the work area has already been arranged.,en,normal,very_complex,over_8h
Task: Replace a burned-out corridor light. There is no special urgency; use the normal completion window. One clear operation using a standard procedure is required. Several standard actions are required within part of a shift. The work will be performed at an operating site.,en,normal,simple,1_to_4h
"Просьба организовать восстановление доступа в здание после отказа системы контроля доступа. Особой срочности нет, требуется обычный срок исполнения. Потребуется обычная техническая диагностика и несколько связанных действий. Объём включает несколько стандартных действий в пределах части смены. Результат нужно зафиксировать в журнале заявки.",ru,normal,medium,1_to_4h
"We need to clean up a localized flood and inspect affected building systems. A critical service is unavailable and the department cannot continue normal work. The task has several dependent parts and the solution depends on diagnostic findings. The work includes diagnosis, the main operation, and a verification step. Access to the work area has already been arranged.",en,critical,complex,1_to_4h
Необходимо заменить неисправную розетку и проверить линию. Требуется немедленная реакция: текущая неисправность остановила ключевой процесс. Потребуется обычная техническая диагностика и несколько связанных действий. Работа локальная и не требует длительной диагностики. После выполнения требуется короткий отчёт о результате.,ru,critical,medium,up_to_1h
"Please fix the user authentication failure in the web application. The deadline is within four hours; a delay will affect the next operation. There are several sequential steps, but standard methods are sufficient. The task will take a substantial part of a shift including preparation, execution, and testing. Required source data and access will be provided.",en,high,medium,4_to_8h
"We need to install a partition with a doorway using the approved drawing. The result is needed by the end of the next business day or a dependent activity will be delayed. There are several sequential steps, but standard methods are sufficient. The work includes diagnosis, the main operation, and a verification step. Provide a short completion note after the work.",en,high,medium,1_to_4h
"Просьба сверить расхождения между накладной и фактическим количеством мест. Ситуация аварийная и создаёт риск безопасности; начать устранение необходимо сейчас. Потребуется обычная техническая диагностика и несколько связанных действий. Работа займёт значительную часть смены и включает подготовку, выполнение и тестирование. Работы выполняются на действующем объекте.",ru,critical,medium,4_to_8h
"Задача: разработать единый регламент обработки обращений для нескольких филиалов. Нужно выполнить в стандартном рабочем порядке. Работа архитектурная/комплексная: несколько взаимозависимых этапов и вариантов решения. Предстоит многоэтапная работа с подготовкой, реализацией, проверками и оформлением результата. Результат нужно зафиксировать в журнале заявки.",ru,normal,very_complex,over_8h
"Required: Diagnose pressure loss in the loop and replace the damaged section. Handle this through the standard work queue. The task has several dependent parts and the solution depends on diagnostic findings. The work includes diagnosis, the main operation, and a verification step. Check the current state before starting the work.",en,normal,complex,1_to_4h
"Task: Inspect a roof leak and perform a localized repair. Complete this by 18:00 today to avoid disrupting scheduled work. Several systems or participants must be coordinated and multiple dependencies verified. The task will take a substantial part of a shift including preparation, execution, and testing. Record the result in the request log.",en,high,very_complex,4_to_8h
"Task: Prepare a renovation plan for the entrance area and replace the flooring. The work may be completed in a convenient slot during the next few weeks. There are several sequential steps, but standard methods are sufficient. Several standard actions are required within part of a shift. Record the result in the request log.",en,low,medium,1_to_4h
"Please redirect a cargo batch between two warehouses and coordinate receiving windows. The result is needed by the end of the next business day or a dependent activity will be delayed. There are several sequential steps, but standard methods are sufficient. This is localized work and should not require lengthy diagnostics. Access to the work area has already been arranged.",en,high,medium,up_to_1h
"Необходимо подготовить сводную таблицу по заявкам отдела за месяц. Есть близкий срок: выполнить в течение четырёх часов; задержка затронет следующую операцию. Действие типовое, без нестандартных зависимостей. Работа локальная и не требует длительной диагностики. Доступ к месту работ заранее согласован.",ru,high,simple,up_to_1h
Please perform scheduled calibration of a patient monitor. The deadline is within four hours; a delay will affect the next operation. The action is routine and has no unusual dependencies. This is localized work and should not require lengthy diagnostics. Provide a short completion note after the work.,en,high,simple,up_to_1h
"Необходимо спроектировать новую схему маршрутизации для нескольких регионов с ограничениями по времени и вместимости. Ситуация аварийная и создаёт риск безопасности; начать устранение необходимо сейчас. Задача состоит из нескольких зависимых частей и требует выбора решения по результатам диагностики. Работа займёт значительную часть смены и включает подготовку, выполнение и тестирование. После завершения требуется контрольная проверка.",ru,critical,complex,4_to_8h
"Требуется обследовать протечку кровли и выполнить локальный ремонт. Просьба взять в работу по стандартной очереди. Задача состоит из нескольких зависимых частей и требует выбора решения по результатам диагностики. Потребуются диагностика, основная операция и контрольная проверка. Исходные данные и доступы будут предоставлены исполнителю.",ru,normal,complex,1_to_4h
"We need to prepare a working drawing package for a new technical assembly. The work may be completed in a convenient slot during the next few weeks. Several interacting factors must be considered and the result checked at multiple stages. This is multi-stage work covering preparation, implementation, verification, and documentation. Required source data and access will be provided.",en,low,complex,over_8h
"Задача: диагностировать причину недостаточного обогрева помещения. Задача профилактическая, остановки процессов сейчас нет. Действие типовое, без нестандартных зависимостей. Ожидаемый объём — одна короткая операция с проверкой результата. Необходимо сохранить работоспособность соседних участков.",ru,low,simple,up_to_1h
"Task: Coordinate the schedule for several cross-team meetings. There is no special urgency; use the normal completion window. Routine technical diagnosis and several related actions are required. The task will take a substantial part of a shift including preparation, execution, and testing. Check the current state before starting the work.",en,normal,medium,4_to_8h
"We need to prepare a multi-floor ventilation modernization plan. Please process this as routine work. The task has several dependent parts and the solution depends on diagnostic findings. This is multi-stage work covering preparation, implementation, verification, and documentation. Access to the work area has already been arranged.",en,normal,complex,over_8h
"Task: Perform a spot inventory of one storage section. The result is needed by the end of the next business day or a dependent activity will be delayed. Several interacting factors must be considered and the result checked at multiple stages. The task will take a substantial part of a shift including preparation, execution, and testing. The work will be performed at an operating site.",en,high,complex,4_to_8h
"Please prepare a multi-floor ventilation modernization plan. There is no hard deadline; this can be placed in the planned maintenance queue. Several systems or participants must be coordinated and multiple dependencies verified. The task will take a substantial part of a shift including preparation, execution, and testing. Provide a short completion note after the work.",en,low,very_complex,4_to_8h
Task: Clean up a localized flood and inspect affected building systems. The work may be completed in a convenient slot during the next few weeks. Several interacting factors must be considered and the result checked at multiple stages. Several standard actions are required within part of a shift. Adjacent systems must remain operational during the task.,en,low,complex,1_to_4h
We need to replace a burned-out corridor light. This is preventive work and no process is currently stopped. The action is routine and has no unusual dependencies. The expected scope is one short operation followed by a result check. Provide a short completion note after the work.,en,low,simple,up_to_1h
Просьба перенастроить адресное хранение зоны после изменения схемы стеллажей. Срок не жёсткий; работу можно включить в плановый график. Нужно учесть несколько взаимосвязанных факторов и проверить результат на разных этапах. Объём включает несколько стандартных действий в пределах части смены. Необходимо сохранить работоспособность соседних участков.,ru,low,complex,1_to_4h
"We need to perform a spot inventory of one storage section. There is no special urgency; use the normal completion window. Routine technical diagnosis and several related actions are required. The work includes diagnosis, the main operation, and a verification step. Provide a short completion note after the work.",en,normal,medium,1_to_4h
"Просьба организовать перенаправление партии груза между двумя складами и согласовать окна приёмки. Срок не жёсткий; работу можно включить в плановый график. Есть несколько последовательных шагов, но используются стандартные методы. Работа локальная и не требует длительной диагностики. Работы выполняются на действующем объекте.",ru,low,medium,up_to_1h
Task: Install a partition with a doorway using the approved drawing. A critical service is unavailable and the department cannot continue normal work. Routine technical diagnosis and several related actions are required. Several standard actions are required within part of a shift. Check the current state before starting the work.,en,critical,medium,1_to_4h
"Необходимо добавить экспорт отчёта в CSV с фильтрацией по периоду. Результат нужен до конца следующего рабочего дня, иначе задержится связанный процесс. Нужно учесть несколько взаимосвязанных факторов и проверить результат на разных этапах. Объём включает несколько стандартных действий в пределах части смены. Доступ к месту работ заранее согласован.",ru,high,complex,1_to_4h
"Task: Prepare a renovation plan for the entrance area and replace the flooring. The work may be completed in a convenient slot during the next few weeks. Several interacting factors must be considered and the result checked at multiple stages. The task will take a substantial part of a shift including preparation, execution, and testing. Check the current state before starting the work.",en,low,complex,4_to_8h
"Требуется заменить датчик температуры и откалибровать показания. Критичный сервис недоступен, работа подразделения фактически остановлена. Нужна одна понятная операция по стандартной процедуре. Потребуются диагностика, основная операция и контрольная проверка. Исходные данные и доступы будут предоставлены исполнителю.",ru,critical,simple,1_to_4h
"Просьба согласовать график нескольких встреч между подразделениями. Особой срочности нет, требуется обычный срок исполнения. Задача состоит из нескольких зависимых частей и требует выбора решения по результатам диагностики. Задача включает несколько зависимых этапов и суммарно требует более одной рабочей смены. Результат нужно зафиксировать в журнале заявки.",ru,normal,complex,over_8h
Required: Add CSV report export with date filtering. There is no special urgency; use the normal completion window. Routine technical diagnosis and several related actions are required. The expected scope is one short operation followed by a result check. The work will be performed at an operating site.,en,normal,medium,up_to_1h
Необходимо устранить течь под раковиной с заменой соединения. Просьба взять в работу по стандартной очереди. Нужна одна понятная операция по стандартной процедуре. Объём включает несколько стандартных действий в пределах части смены. После завершения требуется контрольная проверка.,ru,normal,simple,1_to_4h
"Задача: заменить перегоревшую лампу в коридоре. Результат нужен до конца следующего рабочего дня, иначе задержится связанный процесс. Есть несколько последовательных шагов, но используются стандартные методы. Ожидаемый объём — одна короткая операция с проверкой результата. Необходимо сохранить работоспособность соседних участков.",ru,high,medium,up_to_1h
Required: Replace a temperature sensor and calibrate its readings. There is no special urgency; use the normal completion window. The task has several dependent parts and the solution depends on diagnostic findings. Several sequential steps and a final verification are required. Adjacent systems must remain operational during the task.,en,normal,complex,4_to_8h
"Задача: устранить последствия локального подтопления и проверить повреждённые инженерные узлы. Особой срочности нет, требуется обычный срок исполнения. Потребуется обычная техническая диагностика и несколько связанных действий. Ожидаемый объём — одна короткая операция с проверкой результата. Работы выполняются на действующем объекте.",ru,normal,medium,up_to_1h
"Требуется подготовить комплект материалов для внутреннего аудита по нескольким подразделениям. Нужно закончить сегодня до 18:00, чтобы не сорвать запланированные работы. Нужно учесть несколько взаимосвязанных факторов и проверить результат на разных этапах. Нужно выполнить несколько последовательных этапов с итоговой проверкой. Доступ к месту работ заранее согласован.",ru,high,complex,4_to_8h
Требуется организовать восстановление доступа в здание после отказа системы контроля доступа. Выполнение допустимо в удобное окно в течение ближайших недель. Нужно учесть несколько взаимосвязанных факторов и проверить результат на разных этапах. Нужно выполнить несколько последовательных этапов с итоговой проверкой. Исходные данные и доступы будут предоставлены исполнителю.,ru,low,complex,4_to_8h
Просьба заменить аккумулятор в переносном медицинском приборе и провести функциональный тест. Требуется немедленная реакция: текущая неисправность остановила ключевой процесс. Потребуется обычная техническая диагностика и несколько связанных действий. Объём включает несколько стандартных действий в пределах части смены. Перед началом нужно проверить текущее состояние объекта.,ru,critical,medium,1_to_4h
"Задача: обследовать протечку кровли и выполнить локальный ремонт. Ситуация аварийная и создаёт риск безопасности; начать устранение необходимо сейчас. Задача состоит из нескольких зависимых частей и требует выбора решения по результатам диагностики. Потребуются диагностика, основная операция и контрольная проверка. Перед началом нужно проверить текущее состояние объекта.",ru,critical,complex,1_to_4h
"Required: Diagnose excessive vibration in the pump unit. Complete this by 18:00 today to avoid disrupting scheduled work. Several interacting factors must be considered and the result checked at multiple stages. This is multi-stage work covering preparation, implementation, verification, and documentation. Adjacent systems must remain operational during the task.",en,high,complex,over_8h
"Требуется разобраться с расхождением остатков по нескольким ячейкам. Нужно закончить сегодня до 18:00, чтобы не сорвать запланированные работы. Нужно учесть несколько взаимосвязанных факторов и проверить результат на разных этапах. Предстоит многоэтапная работа с подготовкой, реализацией, проверками и оформлением результата. После выполнения требуется короткий отчёт о результате.",ru,high,complex,over_8h
"Требуется сверить расхождения между накладной и фактическим количеством мест. Есть близкий срок: выполнить в течение четырёх часов; задержка затронет следующую операцию. Есть несколько последовательных шагов, но используются стандартные методы. Нужно выполнить несколько последовательных этапов с итоговой проверкой. После выполнения требуется короткий отчёт о результате.",ru,high,medium,4_to_8h
Task: Install a partition with a doorway using the approved drawing. Immediate response is required because the failure has stopped a key process. One clear operation using a standard procedure is required. Several standard actions are required within part of a shift. Record the result in the request log.,en,critical,simple,1_to_4h
Required: Reroute several deliveries because a road segment is closed. This is an emergency with a safety risk and mitigation must start now. The task has several dependent parts and the solution depends on diagnostic findings. Several sequential steps and a final verification are required. Check the current state before starting the work.,en,critical,complex,4_to_8h
Просьба подготовить комплект материалов для внутреннего аудита по нескольким подразделениям. Ситуация аварийная и создаёт риск безопасности; начать устранение необходимо сейчас. Работа архитектурная/комплексная: несколько взаимозависимых этапов и вариантов решения. Задача включает несколько зависимых этапов и суммарно требует более одной рабочей смены. Необходимо сохранить работоспособность соседних участков.,ru,critical,very_complex,over_8h
"Требуется разработать единый регламент обработки обращений для нескольких филиалов. Ситуация аварийная и создаёт риск безопасности; начать устранение необходимо сейчас. Задача состоит из нескольких зависимых частей и требует выбора решения по результатам диагностики. Предстоит многоэтапная работа с подготовкой, реализацией, проверками и оформлением результата. Доступ к месту работ заранее согласован.",ru,critical,complex,over_8h
"We need to relabel one pallet after the product record was corrected. This is preventive work and no process is currently stopped. There are several sequential steps, but standard methods are sufficient. The expected scope is one short operation followed by a result check. Access to the work area has already been arranged.",en,low,medium,up_to_1h
"Please coordinate the schedule for several cross-team meetings. Immediate response is required because the failure has stopped a key process. Routine technical diagnosis and several related actions are required. The task will take a substantial part of a shift including preparation, execution, and testing. Access to the work area has already been arranged.",en,critical,medium,4_to_8h
"Необходимо разработать единый регламент обработки обращений для нескольких филиалов. Нужно закончить сегодня до 18:00, чтобы не сорвать запланированные работы. Требуется координация нескольких подсистем или участников и проверка множества зависимостей. Работа займёт значительную часть смены и включает подготовку, выполнение и тестирование. После выполнения требуется короткий отчёт о результате.",ru,high,very_complex,4_to_8h
"Required: Diagnose insufficient heating in an office room. This is preventive work and no process is currently stopped. There are several sequential steps, but standard methods are sufficient. Several sequential steps and a final verification are required. The work will be performed at an operating site.",en,low,medium,4_to_8h
"Задача: настроить резервное копирование базы данных и проверить восстановление. Выполнение допустимо в удобное окно в течение ближайших недель. Есть несколько последовательных шагов, но используются стандартные методы. Потребуются диагностика, основная операция и контрольная проверка. Работы выполняются на действующем объекте.",ru,low,medium,1_to_4h
"Задача: диагностировать причину недостаточного обогрева помещения. Задача профилактическая, остановки процессов сейчас нет. Есть несколько последовательных шагов, но используются стандартные методы. Нужно выполнить несколько последовательных этапов с итоговой проверкой. Работы выполняются на действующем объекте.",ru,low,medium,4_to_8h
Required: Inspect a roof leak and perform a localized repair. A critical service is unavailable and the department cannot continue normal work. Routine technical diagnosis and several related actions are required. The expected scope is one short operation followed by a result check. Record the result in the request log.,en,critical,medium,up_to_1h
"Required: Inspect a roof leak and perform a localized repair. This is an emergency with a safety risk and mitigation must start now. This is architectural or cross-system work with several interdependent stages and solution options. This is multi-stage work covering preparation, implementation, verification, and documentation. Record the result in the request log.",en,critical,very_complex,over_8h
Задача: подготовить комплект материалов для внутреннего аудита по нескольким подразделениям. Выполнение допустимо в удобное окно в течение ближайших недель. Требуется координация нескольких подсистем или участников и проверка множества зависимостей. Нужно выполнить несколько последовательных этапов с итоговой проверкой. Необходимо сохранить работоспособность соседних участков.,ru,low,very_complex,4_to_8h
Task: Investigate stock discrepancies across several bin locations. Immediate response is required because the failure has stopped a key process. The task has several dependent parts and the solution depends on diagnostic findings. Several dependent stages are involved and the total effort exceeds one work shift. Check the current state before starting the work.,en,critical,complex,over_8h
"Требуется обновить программу ПЛК и проверить межблокировки. Результат нужен до конца следующего рабочего дня, иначе задержится связанный процесс. Есть несколько последовательных шагов, но используются стандартные методы. Потребуются диагностика, основная операция и контрольная проверка. После завершения требуется контрольная проверка.",ru,high,medium,1_to_4h
"Необходимо диагностировать причину недостаточного обогрева помещения. Нужно выполнить в стандартном рабочем порядке. Потребуется обычная техническая диагностика и несколько связанных действий. Работа займёт значительную часть смены и включает подготовку, выполнение и тестирование. Доступ к месту работ заранее согласован.",ru,normal,medium,4_to_8h
Please clean up a localized flood and inspect affected building systems. The result is needed by the end of the next business day or a dependent activity will be delayed. Several interacting factors must be considered and the result checked at multiple stages. Several standard actions are required within part of a shift. Required source data and access will be provided.,en,high,complex,1_to_4h
Задача: подготовить план ремонта входной группы с заменой покрытия. Просьба взять в работу по стандартной очереди. Задача состоит из нескольких зависимых частей и требует выбора решения по результатам диагностики. Нужно выполнить несколько последовательных этапов с итоговой проверкой. Перед началом нужно проверить текущее состояние объекта.,ru,normal,complex,4_to_8h
"Необходимо переработать схему электроснабжения помещения с расчётом нагрузки и защит. Задача профилактическая, остановки процессов сейчас нет. Нужно учесть несколько взаимосвязанных факторов и проверить результат на разных этапах. Задача включает несколько зависимых этапов и суммарно требует более одной рабочей смены. Доступ к месту работ заранее согласован.",ru,low,complex,over_8h
Task: Design placement for a new product group considering turnover and storage compatibility. Handle this through the standard work queue. This is architectural or cross-system work with several interdependent stages and solution options. Several dependent stages are involved and the total effort exceeds one work shift. Check the current state before starting the work.,en,normal,very_complex,over_8h
Task: Replace a damaged door handle in a staff room. Handle this through the standard work queue. One clear operation using a standard procedure is required. Several standard actions are required within part of a shift. Record the result in the request log.,en,normal,simple,1_to_4h
Необходимо смонтировать перегородку с дверным проёмом по готовому чертежу. Просьба взять в работу по стандартной очереди. Потребуется обычная техническая диагностика и несколько связанных действий. Объём включает несколько стандартных действий в пределах части смены. После выполнения требуется короткий отчёт о результате.,ru,normal,medium,1_to_4h
Please build an API integration between the CRM and the internal system. A critical service is unavailable and the department cannot continue normal work. The task has several dependent parts and the solution depends on diagnostic findings. Several standard actions are required within part of a shift. Provide a short completion note after the work.,en,critical,complex,1_to_4h
Необходимо уточнить статус одной задержанной поставки и обновить запись. Требуется немедленная реакция: текущая неисправность остановила ключевой процесс. Потребуется обычная техническая диагностика и несколько связанных действий. Работа локальная и не требует длительной диагностики. Доступ к месту работ заранее согласован.,ru,critical,medium,up_to_1h
"Required: Prepare a working drawing package for a new technical assembly. The result is needed by the end of the next business day or a dependent activity will be delayed. There are several sequential steps, but standard methods are sufficient. Several sequential steps and a final verification are required. Adjacent systems must remain operational during the task.",en,high,medium,4_to_8h
"We need to replace the battery in a portable medical device and run a functional test. The result is needed by the end of the next business day or a dependent activity will be delayed. There are several sequential steps, but standard methods are sufficient. The work includes diagnosis, the main operation, and a verification step. A final verification is required after completion.",en,high,medium,1_to_4h
Требуется исправить ошибку авторизации пользователей в веб-приложении. Ситуация аварийная и создаёт риск безопасности; начать устранение необходимо сейчас. Потребуется обычная техническая диагностика и несколько связанных действий. Нужно выполнить несколько последовательных этапов с итоговой проверкой. После завершения требуется контрольная проверка.,ru,critical,medium,4_to_8h
Просьба спроектировать новую схему маршрутизации для нескольких регионов с ограничениями по времени и вместимости. Просьба взять в работу по стандартной очереди. Работа архитектурная/комплексная: несколько взаимозависимых этапов и вариантов решения. Задача включает несколько зависимых этапов и суммарно требует более одной рабочей смены. Перед началом нужно проверить текущее состояние объекта.,ru,normal,very_complex,over_8h
"We need to redesign a document approval workflow with multiple roles and routes. There is no special urgency; use the normal completion window. The task has several dependent parts and the solution depends on diagnostic findings. The work includes diagnosis, the main operation, and a verification step. A final verification is required after completion.",en,normal,complex,1_to_4h
Required: Diagnose unstable operation of a laboratory centrifuge. The result is needed by the end of the next business day or a dependent activity will be delayed. Several systems or participants must be coordinated and multiple dependencies verified. Several sequential steps and a final verification are required. Check the current state before starting the work.,en,high,very_complex,4_to_8h
"Task: Perform scheduled calibration of a patient monitor. This is preventive work and no process is currently stopped. There are several sequential steps, but standard methods are sufficient. Several standard actions are required within part of a shift. Check the current state before starting the work.",en,low,medium,1_to_4h
"Please clean up a localized flood and inspect affected building systems. Complete this by 18:00 today to avoid disrupting scheduled work. There are several sequential steps, but standard methods are sufficient. This is localized work and should not require lengthy diagnostics. Access to the work area has already been arranged.",en,high,medium,up_to_1h
"Требуется устранить течь под раковиной с заменой соединения. Есть близкий срок: выполнить в течение четырёх часов; задержка затронет следующую операцию. Действие типовое, без нестандартных зависимостей. Ожидаемый объём — одна короткая операция с проверкой результата. Исходные данные и доступы будут предоставлены исполнителю.",ru,high,simple,up_to_1h
We need to verify the readings of an electronic clinical thermometer. The deadline is within four hours; a delay will affect the next operation. The action is routine and has no unusual dependencies. The expected scope is one short operation followed by a result check. A final verification is required after completion.,en,high,simple,up_to_1h
"Необходимо перенести несколько электрических точек и проверить нагрузку на линию. Требуется немедленная реакция: текущая неисправность остановила ключевой процесс. Задача состоит из нескольких зависимых частей и требует выбора решения по результатам диагностики. Работа займёт значительную часть смены и включает подготовку, выполнение и тестирование. Доступ к месту работ заранее согласован.",ru,critical,complex,4_to_8h
"Требуется восстановить работу аппарата, из-за отказа которого остановлена критичная диагностическая процедура. Нужно выполнить в стандартном рабочем порядке. Задача состоит из нескольких зависимых частей и требует выбора решения по результатам диагностики. Потребуются диагностика, основная операция и контрольная проверка. После выполнения требуется короткий отчёт о результате.",ru,normal,complex,1_to_4h
"We need to diagnose unstable operation of a laboratory centrifuge. This is preventive work and no process is currently stopped. Several interacting factors must be considered and the result checked at multiple stages. This is multi-stage work covering preparation, implementation, verification, and documentation. A final verification is required after completion.",en,low,complex,over_8h
"Требуется перемаркировать одну паллету после исправления карточки товара. Задача профилактическая, остановки процессов сейчас нет. Действие типовое, без нестандартных зависимостей. Ожидаемый объём — одна короткая операция с проверкой результата. Исходные данные и доступы будут предоставлены исполнителю.",ru,low,simple,up_to_1h
"Please reconcile a mismatch between the manifest and the physical package count. Handle this through the standard work queue. Routine technical diagnosis and several related actions are required. The task will take a substantial part of a shift including preparation, execution, and testing. Access to the work area has already been arranged.",en,normal,medium,4_to_8h
Please reconcile a mismatch between the manifest and the physical package count. Please process this as routine work. The task has several dependent parts and the solution depends on diagnostic findings. Several dependent stages are involved and the total effort exceeds one work shift. A final verification is required after completion.,en,normal,complex,over_8h
We need to update the PLC program and verify safety interlocks. Complete this by 18:00 today to avoid disrupting scheduled work. Several interacting factors must be considered and the result checked at multiple stages. Several sequential steps and a final verification are required. A final verification is required after completion.,en,high,complex,4_to_8h
Required: Perform a technical survey and prepare structural strengthening options. The work may be completed in a convenient slot during the next few weeks. Several systems or participants must be coordinated and multiple dependencies verified. Several sequential steps and a final verification are required. Record the result in the request log.,en,low,very_complex,4_to_8h
Task: Redirect a cargo batch between two warehouses and coordinate receiving windows. There is no hard deadline; this can be placed in the planned maintenance queue. Several interacting factors must be considered and the result checked at multiple stages. Several standard actions are required within part of a shift. Record the result in the request log.,en,low,complex,1_to_4h
Required: Configure database backups and verify a restore procedure. The work may be completed in a convenient slot during the next few weeks. The action is routine and has no unusual dependencies. The expected scope is one short operation followed by a result check. Record the result in the request log.,en,low,simple,up_to_1h
Просьба организовать перенаправление партии груза между двумя складами и согласовать окна приёмки. Выполнение допустимо в удобное окно в течение ближайших недель. Нужно учесть несколько взаимосвязанных факторов и проверить результат на разных этапах. Объём включает несколько стандартных действий в пределах части смены. Необходимо сохранить работоспособность соседних участков.,ru,low,complex,1_to_4h
Task: Relocate several electrical outlets and verify circuit load. Handle this through the standard work queue. Routine technical diagnosis and several related actions are required. Several standard actions are required within part of a shift. The work will be performed at an operating site.,en,normal,medium,1_to_4h
"Просьба добавить экспорт отчёта в CSV с фильтрацией по периоду. Срок не жёсткий; работу можно включить в плановый график. Есть несколько последовательных шагов, но используются стандартные методы. Работа локальная и не требует длительной диагностики. Перед началом нужно проверить текущее состояние объекта.",ru,low,medium,up_to_1h
Task: Prepare an internal-audit evidence pack for several departments. This is an emergency with a safety risk and mitigation must start now. Routine technical diagnosis and several related actions are required. Several standard actions are required within part of a shift. The work will be performed at an operating site.,en,critical,medium,1_to_4h
Необходимо перенастроить адресное хранение зоны после изменения схемы стеллажей. Есть близкий срок: выполнить в течение четырёх часов; задержка затронет следующую операцию. Нужно учесть несколько взаимосвязанных факторов и проверить результат на разных этапах. Объём включает несколько стандартных действий в пределах части смены. После завершения требуется контрольная проверка.,ru,high,complex,1_to_4h
We need to restore building access after an access-control system failure. The work may be completed in a convenient slot during the next few weeks. Several interacting factors must be considered and the result checked at multiple stages. Several sequential steps and a final verification are required. Required source data and access will be provided.,en,low,complex,4_to_8h
"Просьба устранить течь под раковиной с заменой соединения. Критичный сервис недоступен, работа подразделения фактически остановлена. Нужна одна понятная операция по стандартной процедуре. Объём включает несколько стандартных действий в пределах части смены. Необходимо сохранить работоспособность соседних участков.",ru,critical,simple,1_to_4h
"Задача: исправить ошибку авторизации пользователей в веб-приложении. Просьба взять в работу по стандартной очереди. Задача состоит из нескольких зависимых частей и требует выбора решения по результатам диагностики. Предстоит многоэтапная работа с подготовкой, реализацией, проверками и оформлением результата. Перед началом нужно проверить текущее состояние объекта.",ru,normal,complex,over_8h
Required: Add CSV report export with date filtering. Handle this through the standard work queue. Routine technical diagnosis and several related actions are required. The expected scope is one short operation followed by a result check. Check the current state before starting the work.,en,normal,medium,up_to_1h
Просьба заменить перегоревшую лампу в коридоре. Просьба взять в работу по стандартной очереди. Нужна одна понятная операция по стандартной процедуре. Объём включает несколько стандартных действий в пределах части смены. Необходимо сохранить работоспособность соседних участков.,ru,normal,simple,1_to_4h
"Задача: заменить перегоревшую лампу в коридоре. Есть близкий срок: выполнить в течение четырёх часов; задержка затронет следующую операцию. Есть несколько последовательных шагов, но используются стандартные методы. Ожидаемый объём — одна короткая операция с проверкой результата. Перед началом нужно проверить текущее состояние объекта.",ru,high,medium,up_to_1h
"Please update the PLC program and verify safety interlocks. There is no special urgency; use the normal completion window. The task has several dependent parts and the solution depends on diagnostic findings. The task will take a substantial part of a shift including preparation, execution, and testing. Provide a short completion note after the work.",en,normal,complex,4_to_8h
Задача: перенастроить адресное хранение зоны после изменения схемы стеллажей. Просьба взять в работу по стандартной очереди. Потребуется обычная техническая диагностика и несколько связанных действий. Ожидаемый объём — одна короткая операция с проверкой результата. Работы выполняются на действующем объекте.,ru,normal,medium,up_to_1h
Задача: организовать восстановление доступа в здание после отказа системы контроля доступа. Есть близкий срок: выполнить в течение четырёх часов; задержка затронет следующую операцию. Нужно учесть несколько взаимосвязанных факторов и проверить результат на разных этапах. Нужно выполнить несколько последовательных этапов с итоговой проверкой. Результат нужно зафиксировать в журнале заявки.,ru,high,complex,4_to_8h
Требуется спроектировать новую схему маршрутизации для нескольких регионов с ограничениями по времени и вместимости. Выполнение допустимо в удобное окно в течение ближайших недель. Нужно учесть несколько взаимосвязанных факторов и проверить результат на разных этапах. Нужно выполнить несколько последовательных этапов с итоговой проверкой. После завершения требуется контрольная проверка.,ru,low,complex,4_to_8h
"Просьба обновить программу ПЛК и проверить межблокировки. Критичный сервис недоступен, работа подразделения фактически остановлена. Потребуется обычная техническая диагностика и несколько связанных действий. Объём включает несколько стандартных действий в пределах части смены. Результат нужно зафиксировать в журнале заявки.",ru,critical,medium,1_to_4h
"Требуется диагностировать падение давления в контуре и заменить повреждённый участок. Ситуация аварийная и создаёт риск безопасности; начать устранение необходимо сейчас. Задача состоит из нескольких зависимых частей и требует выбора решения по результатам диагностики. Потребуются диагностика, основная операция и контрольная проверка. После выполнения требуется короткий отчёт о результате.",ru,critical,complex,1_to_4h
"Required: Prepare a working drawing package for a new technical assembly. The result is needed by the end of the next business day or a dependent activity will be delayed. Several interacting factors must be considered and the result checked at multiple stages. This is multi-stage work covering preparation, implementation, verification, and documentation. Check the current state before starting the work.",en,high,complex,over_8h
"Задача: разработать комплект рабочих чертежей для нового технического узла. Результат нужен до конца следующего рабочего дня, иначе задержится связанный процесс. Нужно учесть несколько взаимосвязанных факторов и проверить результат на разных этапах. Предстоит многоэтапная работа с подготовкой, реализацией, проверками и оформлением результата. Перед началом нужно проверить текущее состояние объекта.",ru,high,complex,over_8h
"Требуется разобраться с расхождением остатков по нескольким ячейкам. Нужно закончить сегодня до 18:00, чтобы не сорвать запланированные работы. Есть несколько последовательных шагов, но используются стандартные методы. Нужно выполнить несколько последовательных этапов с итоговой проверкой. Доступ к месту работ заранее согласован.",ru,high,medium,4_to_8h
Task: Replace the battery in a portable medical device and run a functional test. This is an emergency with a safety risk and mitigation must start now. One clear operation using a standard procedure is required. Several standard actions are required within part of a shift. Record the result in the request log.,en,critical,simple,1_to_4h
We need to perform scheduled calibration of a patient monitor. A critical service is unavailable and the department cannot continue normal work. The task has several dependent parts and the solution depends on diagnostic findings. Several sequential steps and a final verification are required. A final verification is required after completion.,en,critical,complex,4_to_8h
"Требуется подготовить план ввода нового диагностического комплекса с проверкой интерфейсов и обучением персонала. Ситуация аварийная и создаёт риск безопасности; начать устранение необходимо сейчас. Работа архитектурная/комплексная: несколько взаимозависимых этапов и вариантов решения. Предстоит многоэтапная работа с подготовкой, реализацией, проверками и оформлением результата. Исходные данные и доступы будут предоставлены исполнителю.",ru,critical,very_complex,over_8h
"Требуется разработать единый регламент обработки обращений для нескольких филиалов. Требуется немедленная реакция: текущая неисправность остановила ключевой процесс. Задача состоит из нескольких зависимых частей и требует выбора решения по результатам диагностики. Предстоит многоэтапная работа с подготовкой, реализацией, проверками и оформлением результата. После выполнения требуется короткий отчёт о результате.",ru,critical,complex,over_8h
"Task: Add CSV report export with date filtering. There is no hard deadline; this can be placed in the planned maintenance queue. There are several sequential steps, but standard methods are sufficient. This is localized work and should not require lengthy diagnostics. The work will be performed at an operating site.",en,low,medium,up_to_1h
"Task: Diagnose insufficient heating in an office room. This is an emergency with a safety risk and mitigation must start now. Routine technical diagnosis and several related actions are required. The task will take a substantial part of a shift including preparation, execution, and testing. Check the current state before starting the work.",en,critical,medium,4_to_8h
"Требуется подготовить комплект материалов для внутреннего аудита по нескольким подразделениям. Результат нужен до конца следующего рабочего дня, иначе задержится связанный процесс. Требуется координация нескольких подсистем или участников и проверка множества зависимостей. Нужно выполнить несколько последовательных этапов с итоговой проверкой. После завершения требуется контрольная проверка.",ru,high,very_complex,4_to_8h
"Required: Reconcile a mismatch between the manifest and the physical package count. The work may be completed in a convenient slot during the next few weeks. There are several sequential steps, but standard methods are sufficient. Several sequential steps and a final verification are required. Record the result in the request log.",en,low,medium,4_to_8h
"Просьба подготовить сводную таблицу по заявкам отдела за месяц. Срок не жёсткий; работу можно включить в плановый график. Есть несколько последовательных шагов, но используются стандартные методы. Объём включает несколько стандартных действий в пределах части смены. Необходимо сохранить работоспособность соседних участков.",ru,low,medium,1_to_4h
"Просьба исправить ошибку авторизации пользователей в веб-приложении. Срок не жёсткий; работу можно включить в плановый график. Есть несколько последовательных шагов, но используются стандартные методы. Работа займёт значительную часть смены и включает подготовку, выполнение и тестирование. Результат нужно зафиксировать в журнале заявки.",ru,low,medium,4_to_8h
We need to add CSV report export with date filtering. This is an emergency with a safety risk and mitigation must start now. Routine technical diagnosis and several related actions are required. The expected scope is one short operation followed by a result check. Required source data and access will be provided.,en,critical,medium,up_to_1h
"We need to prepare a modernization concept for a facility with several dependent subsystems. This is an emergency with a safety risk and mitigation must start now. This is architectural or cross-system work with several interdependent stages and solution options. This is multi-stage work covering preparation, implementation, verification, and documentation. Access to the work area has already been arranged.",en,critical,very_complex,over_8h
"Необходимо переработать схему электроснабжения помещения с расчётом нагрузки и защит. Срок не жёсткий; работу можно включить в плановый график. Требуется координация нескольких подсистем или участников и проверка множества зависимостей. Работа займёт значительную часть смены и включает подготовку, выполнение и тестирование. После завершения требуется контрольная проверка.",ru,low,very_complex,4_to_8h
Please diagnose excessive vibration in the pump unit. This is an emergency with a safety risk and mitigation must start now. The task has several dependent parts and the solution depends on diagnostic findings. Several dependent stages are involved and the total effort exceeds one work shift. Required source data and access will be provided.,en,critical,complex,over_8h
"Просьба проверить доводчик двери и отрегулировать закрывание. Есть близкий срок: выполнить в течение четырёх часов; задержка затронет следующую операцию. Есть несколько последовательных шагов, но используются стандартные методы. Объём включает несколько стандартных действий в пределах части смены. Работы выполняются на действующем объекте.",ru,high,medium,1_to_4h
"Необходимо сверить расхождения между накладной и фактическим количеством мест. Просьба взять в работу по стандартной очереди. Потребуется обычная техническая диагностика и несколько связанных действий. Работа займёт значительную часть смены и включает подготовку, выполнение и тестирование. После выполнения требуется короткий отчёт о результате.",ru,normal,medium,4_to_8h
Task: Inspect a roof leak and perform a localized repair. The deadline is within four hours; a delay will affect the next operation. Several interacting factors must be considered and the result checked at multiple stages. Several standard actions are required within part of a shift. Adjacent systems must remain operational during the task.,en,high,complex,1_to_4h
"Необходимо заменить аккумулятор в переносном медицинском приборе и провести функциональный тест. Особой срочности нет, требуется обычный срок исполнения. Задача состоит из нескольких зависимых частей и требует выбора решения по результатам диагностики. Работа займёт значительную часть смены и включает подготовку, выполнение и тестирование. После завершения требуется контрольная проверка.",ru,normal,complex,4_to_8h
"Требуется диагностировать нестабильную работу лабораторной центрифуги. Срок не жёсткий; работу можно включить в плановый график. Нужно учесть несколько взаимосвязанных факторов и проверить результат на разных этапах. Предстоит многоэтапная работа с подготовкой, реализацией, проверками и оформлением результата. Исходные данные и доступы будут предоставлены исполнителю.",ru,low,complex,over_8h
"We need to prepare a multi-floor ventilation modernization plan. Handle this through the standard work queue. This is architectural or cross-system work with several interdependent stages and solution options. This is multi-stage work covering preparation, implementation, verification, and documentation. Provide a short completion note after the work.",en,normal,very_complex,over_8h
"We need to inspect the door closer and adjust its closing action. There is no special urgency; use the normal completion window. One clear operation using a standard procedure is required. The work includes diagnosis, the main operation, and a verification step. A final verification is required after completion.",en,normal,simple,1_to_4h
"Задача: выполнить плановую калибровку монитора пациента. Нужно выполнить в стандартном рабочем порядке. Потребуется обычная техническая диагностика и несколько связанных действий. Потребуются диагностика, основная операция и контрольная проверка. Перед началом нужно проверить текущее состояние объекта.",ru,normal,medium,1_to_4h
"We need to reconfigure bin locations after the rack layout was changed. Immediate response is required because the failure has stopped a key process. The task has several dependent parts and the solution depends on diagnostic findings. The work includes diagnosis, the main operation, and a verification step. A final verification is required after completion.",en,critical,complex,1_to_4h
Требуется добавить экспорт отчёта в CSV с фильтрацией по периоду. Требуется немедленная реакция: текущая неисправность остановила ключевой процесс. Потребуется обычная техническая диагностика и несколько связанных действий. Ожидаемый объём — одна короткая операция с проверкой результата. После выполнения требуется короткий отчёт о результате.,ru,critical,medium,up_to_1h
"We need to diagnose insufficient heating in an office room. Complete this by 18:00 today to avoid disrupting scheduled work. There are several sequential steps, but standard methods are sufficient. Several sequential steps and a final verification are required. Required source data and access will be provided.",en,high,medium,4_to_8h
"We need to configure database backups and verify a restore procedure. The deadline is within four hours; a delay will affect the next operation. There are several sequential steps, but standard methods are sufficient. The work includes diagnosis, the main operation, and a verification step. Access to the work area has already been arranged.",en,high,medium,1_to_4h
"Просьба диагностировать причину недостаточного обогрева помещения. Требуется немедленная реакция: текущая неисправность остановила ключевой процесс. Потребуется обычная техническая диагностика и несколько связанных действий. Работа займёт значительную часть смены и включает подготовку, выполнение и тестирование. Необходимо сохранить работоспособность соседних участков.",ru,critical,medium,4_to_8h
"Задача: разработать единый регламент обработки обращений для нескольких филиалов. Просьба взять в работу по стандартной очереди. Работа архитектурная/комплексная: несколько взаимозависимых этапов и вариантов решения. Предстоит многоэтапная работа с подготовкой, реализацией, проверками и оформлением результата. Необходимо сохранить работоспособность соседних участков.",ru,normal,very_complex,over_8h
"Required: Redirect a cargo batch between two warehouses and coordinate receiving windows. Please process this as routine work. The task has several dependent parts and the solution depends on diagnostic findings. The work includes diagnosis, the main operation, and a verification step. Adjacent systems must remain operational during the task.",en,normal,complex,1_to_4h
Required: Design placement for a new product group considering turnover and storage compatibility. The result is needed by the end of the next business day or a dependent activity will be delayed. Several systems or participants must be coordinated and multiple dependencies verified. Several sequential steps and a final verification are required. Record the result in the request log.,en,high,very_complex,4_to_8h
"Task: Perform scheduled calibration of a patient monitor. There is no hard deadline; this can be placed in the planned maintenance queue. There are several sequential steps, but standard methods are sufficient. Several standard actions are required within part of a shift. Adjacent systems must remain operational during the task.",en,low,medium,1_to_4h
"We need to verify the readings of an electronic clinical thermometer. The result is needed by the end of the next business day or a dependent activity will be delayed. There are several sequential steps, but standard methods are sufficient. The expected scope is one short operation followed by a result check. Provide a short completion note after the work.",en,high,medium,up_to_1h
"Требуется устранить течь под раковиной с заменой соединения. Результат нужен до конца следующего рабочего дня, иначе задержится связанный процесс. Действие типовое, без нестандартных зависимостей. Ожидаемый объём — одна короткая операция с проверкой результата. Доступ к месту работ заранее согласован.",ru,high,simple,up_to_1h
Task: Inspect the door closer and adjust its closing action. Complete this by 18:00 today to avoid disrupting scheduled work. The action is routine and has no unusual dependencies. This is localized work and should not require lengthy diagnostics. Adjacent systems must remain operational during the task.,en,high,simple,up_to_1h
"Необходимо спроектировать размещение новой товарной группы с учётом оборачиваемости и ограничений совместного хранения. Ситуация аварийная и создаёт риск безопасности; начать устранение необходимо сейчас. Задача состоит из нескольких зависимых частей и требует выбора решения по результатам диагностики. Работа займёт значительную часть смены и включает подготовку, выполнение и тестирование. Исходные данные и доступы будут предоставлены исполнителю.",ru,critical,complex,4_to_8h
Необходимо заделать трещину в перегородке и восстановить отделку. Просьба взять в работу по стандартной очереди. Задача состоит из нескольких зависимых частей и требует выбора решения по результатам диагностики. Объём включает несколько стандартных действий в пределах части смены. После выполнения требуется короткий отчёт о результате.,ru,normal,complex,1_to_4h
Please prepare a multi-floor ventilation modernization plan. There is no hard deadline; this can be placed in the planned maintenance queue. Several interacting factors must be considered and the result checked at multiple stages. Several dependent stages are involved and the total effort exceeds one work shift. A final verification is required after completion.,en,low,complex,over_8h
"Просьба заменить датчик температуры и откалибровать показания. Выполнение допустимо в удобное окно в течение ближайших недель. Действие типовое, без нестандартных зависимостей. Работа локальная и не требует длительной диагностики. Работы выполняются на действующем объекте.",ru,low,simple,up_to_1h
"Please diagnose insufficient heating in an office room. Handle this through the standard work queue. Routine technical diagnosis and several related actions are required. The task will take a substantial part of a shift including preparation, execution, and testing. Required source data and access will be provided.",en,normal,medium,4_to_8h
"We need to redesign the room power distribution with load and protection calculations. There is no special urgency; use the normal completion window. The task has several dependent parts and the solution depends on diagnostic findings. This is multi-stage work covering preparation, implementation, verification, and documentation. Provide a short completion note after the work.",en,normal,complex,over_8h
"Task: Reroute several deliveries because a road segment is closed. Complete this by 18:00 today to avoid disrupting scheduled work. Several interacting factors must be considered and the result checked at multiple stages. The task will take a substantial part of a shift including preparation, execution, and testing. Check the current state before starting the work.",en,high,complex,4_to_8h
"Please redesign the room power distribution with load and protection calculations. The work may be completed in a convenient slot during the next few weeks. Several systems or participants must be coordinated and multiple dependencies verified. The task will take a substantial part of a shift including preparation, execution, and testing. Required source data and access will be provided.",en,low,very_complex,4_to_8h
Please redesign a document approval workflow with multiple roles and routes. This is preventive work and no process is currently stopped. Several interacting factors must be considered and the result checked at multiple stages. Several standard actions are required within part of a shift. A final verification is required after completion.,en,low,complex,1_to_4h
Required: Correct a typo in an internal notification template. There is no hard deadline; this can be placed in the planned maintenance queue. The action is routine and has no unusual dependencies. The expected scope is one short operation followed by a result check. Check the current state before starting the work.,en,low,simple,up_to_1h
Необходимо переработать процесс согласования документов с несколькими ролями и маршрутами. Срок не жёсткий; работу можно включить в плановый график. Нужно учесть несколько взаимосвязанных факторов и проверить результат на разных этапах. Объём включает несколько стандартных действий в пределах части смены. После завершения требуется контрольная проверка.,ru,low,complex,1_to_4h
"Required: Prepare a monthly summary table for the department requests. There is no special urgency; use the normal completion window. Routine technical diagnosis and several related actions are required. The work includes diagnosis, the main operation, and a verification step. Check the current state before starting the work.",en,normal,medium,1_to_4h
"Задача: заделать трещину в перегородке и восстановить отделку. Выполнение допустимо в удобное окно в течение ближайших недель. Есть несколько последовательных шагов, но используются стандартные методы. Ожидаемый объём — одна короткая операция с проверкой результата. Результат нужно зафиксировать в журнале заявки.",ru,low,medium,up_to_1h
Task: Configure database backups and verify a restore procedure. A critical service is unavailable and the department cannot continue normal work. Routine technical diagnosis and several related actions are required. Several standard actions are required within part of a shift. Record the result in the request log.,en,critical,medium,1_to_4h
"Необходимо организовать перенаправление партии груза между двумя складами и согласовать окна приёмки. Нужно закончить сегодня до 18:00, чтобы не сорвать запланированные работы. Нужно учесть несколько взаимосвязанных факторов и проверить результат на разных этапах. Объём включает несколько стандартных действий в пределах части смены. Доступ к месту работ заранее согласован.",ru,high,complex,1_to_4h
"Task: Replace a temperature sensor and calibrate its readings. This is preventive work and no process is currently stopped. Several interacting factors must be considered and the result checked at multiple stages. The task will take a substantial part of a shift including preparation, execution, and testing. Record the result in the request log.",en,low,complex,4_to_8h
Необходимо заменить перегоревшую лампу в коридоре. Требуется немедленная реакция: текущая неисправность остановила ключевой процесс. Нужна одна понятная операция по стандартной процедуре. Объём включает несколько стандартных действий в пределах части смены. Доступ к месту работ заранее согласован.,ru,critical,simple,1_to_4h
"Требуется переработать схему электроснабжения помещения с расчётом нагрузки и защит. Нужно выполнить в стандартном рабочем порядке. Задача состоит из нескольких зависимых частей и требует выбора решения по результатам диагностики. Предстоит многоэтапная работа с подготовкой, реализацией, проверками и оформлением результата. Исходные данные и доступы будут предоставлены исполнителю.",ru,normal,complex,over_8h
Task: Replace a burned-out corridor light. Handle this through the standard work queue. Routine technical diagnosis and several related actions are required. This is localized work and should not require lengthy diagnostics. Adjacent systems must remain operational during the task.,en,normal,medium,up_to_1h
"Требуется обновить сертификат TLS на тестовом сервере. Просьба взять в работу по стандартной очереди. Нужна одна понятная операция по стандартной процедуре. Потребуются диагностика, основная операция и контрольная проверка. После завершения требуется контрольная проверка.",ru,normal,simple,1_to_4h
"Задача: уточнить статус одной задержанной поставки и обновить запись. Результат нужен до конца следующего рабочего дня, иначе задержится связанный процесс. Есть несколько последовательных шагов, но используются стандартные методы. Ожидаемый объём — одна короткая операция с проверкой результата. Работы выполняются на действующем объекте.",ru,high,medium,up_to_1h
We need to reroute several deliveries because a road segment is closed. Handle this through the standard work queue. The task has several dependent parts and the solution depends on diagnostic findings. Several sequential steps and a final verification are required. Provide a short completion note after the work.,en,normal,complex,4_to_8h
Задача: добавить экспорт отчёта в CSV с фильтрацией по периоду. Просьба взять в работу по стандартной очереди. Потребуется обычная техническая диагностика и несколько связанных действий. Ожидаемый объём — одна короткая операция с проверкой результата. Результат нужно зафиксировать в журнале заявки.,ru,normal,medium,up_to_1h
"Необходимо заменить датчик температуры и откалибровать показания. Нужно закончить сегодня до 18:00, чтобы не сорвать запланированные работы. Нужно учесть несколько взаимосвязанных факторов и проверить результат на разных этапах. Работа займёт значительную часть смены и включает подготовку, выполнение и тестирование. Исходные данные и доступы будут предоставлены исполнителю.",ru,high,complex,4_to_8h
"Задача: обновить программу ПЛК и проверить межблокировки. Задача профилактическая, остановки процессов сейчас нет. Нужно учесть несколько взаимосвязанных факторов и проверить результат на разных этапах. Нужно выполнить несколько последовательных этапов с итоговой проверкой. Необходимо сохранить работоспособность соседних участков.",ru,low,complex,4_to_8h
"Требуется выполнить плановую калибровку монитора пациента. Критичный сервис недоступен, работа подразделения фактически остановлена. Потребуется обычная техническая диагностика и несколько связанных действий. Потребуются диагностика, основная операция и контрольная проверка. Доступ к месту работ заранее согласован.",ru,critical,medium,1_to_4h
"Требуется устранить последствия локального подтопления и проверить повреждённые инженерные узлы. Критичный сервис недоступен, работа подразделения фактически остановлена. Задача состоит из нескольких зависимых частей и требует выбора решения по результатам диагностики. Потребуются диагностика, основная операция и контрольная проверка. После завершения требуется контрольная проверка.",ru,critical,complex,1_to_4h
"We need to reconcile a mismatch between the manifest and the physical package count. The result is needed by the end of the next business day or a dependent activity will be delayed. Several interacting factors must be considered and the result checked at multiple stages. This is multi-stage work covering preparation, implementation, verification, and documentation. Provide a short completion note after the work.",en,high,complex,over_8h
"Задача: разработать комплект рабочих чертежей для нового технического узла. Есть близкий срок: выполнить в течение четырёх часов; задержка затронет следующую операцию. Нужно учесть несколько взаимосвязанных факторов и проверить результат на разных этапах. Предстоит многоэтапная работа с подготовкой, реализацией, проверками и оформлением результата. Результат нужно зафиксировать в журнале заявки.",ru,high,complex,over_8h
"Задача: согласовать график нескольких встреч между подразделениями. Результат нужен до конца следующего рабочего дня, иначе задержится связанный процесс. Есть несколько последовательных шагов, но используются стандартные методы. Нужно выполнить несколько последовательных этапов с итоговой проверкой. Работы выполняются на действующем объекте.",ru,high,medium,4_to_8h
Task: Stop a leak under the sink and replace the failed connector. Immediate response is required because the failure has stopped a key process. One clear operation using a standard procedure is required. Several standard actions are required within part of a shift. The work will be performed at an operating site.,en,critical,simple,1_to_4h
"Task: Update the PLC program and verify safety interlocks. A critical service is unavailable and the department cannot continue normal work. The task has several dependent parts and the solution depends on diagnostic findings. The task will take a substantial part of a shift including preparation, execution, and testing. The work will be performed at an operating site.",en,critical,complex,4_to_8h
"Требуется диагностировать падение давления в контуре и заменить повреждённый участок. Ситуация аварийная и создаёт риск безопасности; начать устранение необходимо сейчас. Работа архитектурная/комплексная: несколько взаимозависимых этапов и вариантов решения. Предстоит многоэтапная работа с подготовкой, реализацией, проверками и оформлением результата. Исходные данные и доступы будут предоставлены исполнителю.",ru,critical,very_complex,over_8h
"Необходимо диагностировать повышенную вибрацию насосного агрегата. Критичный сервис недоступен, работа подразделения фактически остановлена. Задача состоит из нескольких зависимых частей и требует выбора решения по результатам диагностики. Задача включает несколько зависимых этапов и суммарно требует более одной рабочей смены. Исходные данные и доступы будут предоставлены исполнителю.",ru,critical,complex,over_8h
"Task: Add CSV report export with date filtering. The work may be completed in a convenient slot during the next few weeks. There are several sequential steps, but standard methods are sufficient. This is localized work and should not require lengthy diagnostics. The work will be performed at an operating site.",en,low,medium,up_to_1h
"Please diagnose unstable operation of a laboratory centrifuge. A critical service is unavailable and the department cannot continue normal work. Routine technical diagnosis and several related actions are required. The task will take a substantial part of a shift including preparation, execution, and testing. Required source data and access will be provided.",en,critical,medium,4_to_8h
"Необходимо диагностировать падение давления в контуре и заменить повреждённый участок. Нужно закончить сегодня до 18:00, чтобы не сорвать запланированные работы. Требуется координация нескольких подсистем или участников и проверка множества зависимостей. Работа займёт значительную часть смены и включает подготовку, выполнение и тестирование. Исходные данные и доступы будут предоставлены исполнителю.",ru,high,very_complex,4_to_8h
"We need to coordinate the schedule for several cross-team meetings. This is preventive work and no process is currently stopped. There are several sequential steps, but standard methods are sufficient. Several sequential steps and a final verification are required. Provide a short completion note after the work.",en,low,medium,4_to_8h
"Просьба заменить датчик температуры и откалибровать показания. Выполнение допустимо в удобное окно в течение ближайших недель. Есть несколько последовательных шагов, но используются стандартные методы. Объём включает несколько стандартных действий в пределах части смены. Перед началом нужно проверить текущее состояние объекта.",ru,low,medium,1_to_4h
"Задача: сверить расхождения между накладной и фактическим количеством мест. Задача профилактическая, остановки процессов сейчас нет. Есть несколько последовательных шагов, но используются стандартные методы. Нужно выполнить несколько последовательных этапов с итоговой проверкой. Работы выполняются на действующем объекте.",ru,low,medium,4_to_8h
Please relabel one pallet after the product record was corrected. A critical service is unavailable and the department cannot continue normal work. Routine technical diagnosis and several related actions are required. This is localized work and should not require lengthy diagnostics. Access to the work area has already been arranged.,en,critical,medium,up_to_1h
"We need to design a multi-room refurbishment including coordination of engineering systems. A critical service is unavailable and the department cannot continue normal work. This is architectural or cross-system work with several interdependent stages and solution options. This is multi-stage work covering preparation, implementation, verification, and documentation. A final verification is required after completion.",en,critical,very_complex,over_8h
"Требуется спроектировать размещение новой товарной группы с учётом оборачиваемости и ограничений совместного хранения. Задача профилактическая, остановки процессов сейчас нет. Требуется координация нескольких подсистем или участников и проверка множества зависимостей. Нужно выполнить несколько последовательных этапов с итоговой проверкой. После выполнения требуется короткий отчёт о результате.",ru,low,very_complex,4_to_8h
"We need to design a multi-room refurbishment including coordination of engineering systems. Immediate response is required because the failure has stopped a key process. The task has several dependent parts and the solution depends on diagnostic findings. This is multi-stage work covering preparation, implementation, verification, and documentation. Provide a short completion note after the work.",en,critical,complex,over_8h
"Требуется обновить программу ПЛК и проверить межблокировки. Есть близкий срок: выполнить в течение четырёх часов; задержка затронет следующую операцию. Есть несколько последовательных шагов, но используются стандартные методы. Потребуются диагностика, основная операция и контрольная проверка. Доступ к месту работ заранее согласован.",ru,high,medium,1_to_4h
"Необходимо сверить расхождения между накладной и фактическим количеством мест. Просьба взять в работу по стандартной очереди. Потребуется обычная техническая диагностика и несколько связанных действий. Работа займёт значительную часть смены и включает подготовку, выполнение и тестирование. Исходные данные и доступы будут предоставлены исполнителю.",ru,normal,medium,4_to_8h
Task: Redesign a document approval workflow with multiple roles and routes. Complete this by 18:00 today to avoid disrupting scheduled work. Several interacting factors must be considered and the result checked at multiple stages. Several standard actions are required within part of a shift. The work will be performed at an operating site.,en,high,complex,1_to_4h
"Просьба спроектировать новую схему маршрутизации для нескольких регионов с ограничениями по времени и вместимости. Нужно выполнить в стандартном рабочем порядке. Задача состоит из нескольких зависимых частей и требует выбора решения по результатам диагностики. Работа займёт значительную часть смены и включает подготовку, выполнение и тестирование. Результат нужно зафиксировать в журнале заявки.",ru,normal,complex,4_to_8h
"Задача: разобраться с расхождением остатков по нескольким ячейкам. Выполнение допустимо в удобное окно в течение ближайших недель. Нужно учесть несколько взаимосвязанных факторов и проверить результат на разных этапах. Предстоит многоэтапная работа с подготовкой, реализацией, проверками и оформлением результата. Работы выполняются на действующем объекте.",ru,low,complex,over_8h
Please investigate stock discrepancies across several bin locations. Handle this through the standard work queue. This is architectural or cross-system work with several interdependent stages and solution options. Several dependent stages are involved and the total effort exceeds one work shift. Access to the work area has already been arranged.,en,normal,very_complex,over_8h
Task: Replace a faulty wall outlet and test the circuit. There is no special urgency; use the normal completion window. One clear operation using a standard procedure is required. Several standard actions are required within part of a shift. Record the result in the request log.,en,normal,simple,1_to_4h
Необходимо обновить программу ПЛК и проверить межблокировки. Нужно выполнить в стандартном рабочем порядке. Потребуется обычная техническая диагностика и несколько связанных действий. Объём включает несколько стандартных действий в пределах части смены. После завершения требуется контрольная проверка.,ru,normal,medium,1_to_4h
"We need to clean up a localized flood and inspect affected building systems. A critical service is unavailable and the department cannot continue normal work. The task has several dependent parts and the solution depends on diagnostic findings. The work includes diagnosis, the main operation, and a verification step. A final verification is required after completion.",en,critical,complex,1_to_4h
Необходимо заменить неисправную розетку и проверить линию. Ситуация аварийная и создаёт риск безопасности; начать устранение необходимо сейчас. Потребуется обычная техническая диагностика и несколько связанных действий. Работа локальная и не требует длительной диагностики. Доступ к месту работ заранее согласован.,ru,critical,medium,up_to_1h
"We need to reconcile a mismatch between the manifest and the physical package count. The result is needed by the end of the next business day or a dependent activity will be delayed. There are several sequential steps, but standard methods are sufficient. Several sequential steps and a final verification are required. Required source data and access will be provided.",en,high,medium,4_to_8h
"Please prepare a monthly summary table for the department requests. Complete this by 18:00 today to avoid disrupting scheduled work. There are several sequential steps, but standard methods are sufficient. Several standard actions are required within part of a shift. Required source data and access will be provided.",en,high,medium,1_to_4h
"Необходимо заменить повреждённую дверную ручку в служебном помещении. Требуется немедленная реакция: текущая неисправность остановила ключевой процесс. Потребуется обычная техническая диагностика и несколько связанных действий. Работа займёт значительную часть смены и включает подготовку, выполнение и тестирование. После выполнения требуется короткий отчёт о результате.",ru,critical,medium,4_to_8h
"Задача: разработать проект перепланировки нескольких помещений с согласованием инженерных узлов. Нужно выполнить в стандартном рабочем порядке. Работа архитектурная/комплексная: несколько взаимозависимых этапов и вариантов решения. Предстоит многоэтапная работа с подготовкой, реализацией, проверками и оформлением результата. Необходимо сохранить работоспособность соседних участков.",ru,normal,very_complex,over_8h
Please repair a crack in an internal partition and restore the finish. Handle this through the standard work queue. The task has several dependent parts and the solution depends on diagnostic findings. Several standard actions are required within part of a shift. Access to the work area has already been arranged.,en,normal,complex,1_to_4h
Required: Build an API integration between the CRM and the internal system. The deadline is within four hours; a delay will affect the next operation. Several systems or participants must be coordinated and multiple dependencies verified. Several sequential steps and a final verification are required. Check the current state before starting the work.,en,high,very_complex,4_to_8h
"Task: Replace a temperature sensor and calibrate its readings. The work may be completed in a convenient slot during the next few weeks. There are several sequential steps, but standard methods are sufficient. Several standard actions are required within part of a shift. Check the current state before starting the work.",en,low,medium,1_to_4h
"Please add CSV report export with date filtering. The result is needed by the end of the next business day or a dependent activity will be delayed. There are several sequential steps, but standard methods are sufficient. This is localized work and should not require lengthy diagnostics. Provide a short completion note after the work.",en,high,medium,up_to_1h
"Просьба проверить доводчик двери и отрегулировать закрывание. Есть близкий срок: выполнить в течение четырёх часов; задержка затронет следующую операцию. Действие типовое, без нестандартных зависимостей. Работа локальная и не требует длительной диагностики. Результат нужно зафиксировать в журнале заявки.",ru,high,simple,up_to_1h
Task: Inspect the door closer and adjust its closing action. Complete this by 18:00 today to avoid disrupting scheduled work. The action is routine and has no unusual dependencies. This is localized work and should not require lengthy diagnostics. Check the current state before starting the work.,en,high,simple,up_to_1h
"Просьба провести техническое обследование и подготовить варианты усиления конструкции. Критичный сервис недоступен, работа подразделения фактически остановлена. Задача состоит из нескольких зависимых частей и требует выбора решения по результатам диагностики. Работа займёт значительную часть смены и включает подготовку, выполнение и тестирование. Перед началом нужно проверить текущее состояние объекта.",ru,critical,complex,4_to_8h
"Требуется обследовать протечку кровли и выполнить локальный ремонт. Просьба взять в работу по стандартной очереди. Задача состоит из нескольких зависимых частей и требует выбора решения по результатам диагностики. Потребуются диагностика, основная операция и контрольная проверка. Доступ к месту работ заранее согласован.",ru,normal,complex,1_to_4h
"Required: Investigate stock discrepancies across several bin locations. There is no hard deadline; this can be placed in the planned maintenance queue. Several interacting factors must be considered and the result checked at multiple stages. This is multi-stage work covering preparation, implementation, verification, and documentation. Check the current state before starting the work.",en,low,complex,over_8h
"Требуется заменить перегоревшую лампу в коридоре. Задача профилактическая, остановки процессов сейчас нет. Действие типовое, без нестандартных зависимостей. Ожидаемый объём — одна короткая операция с проверкой результата. Исходные данные и доступы будут предоставлены исполнителю.",ru,low,simple,up_to_1h
"Task: Coordinate the schedule for several cross-team meetings. Please process this as routine work. Routine technical diagnosis and several related actions are required. The task will take a substantial part of a shift including preparation, execution, and testing. Adjacent systems must remain operational during the task.",en,normal,medium,4_to_8h
"Required: Prepare commissioning of a diagnostic system including interface checks and staff training. Please process this as routine work. The task has several dependent parts and the solution depends on diagnostic findings. This is multi-stage work covering preparation, implementation, verification, and documentation. The work will be performed at an operating site.",en,normal,complex,over_8h
We need to configure database backups and verify a restore procedure. Complete this by 18:00 today to avoid disrupting scheduled work. Several interacting factors must be considered and the result checked at multiple stages. Several sequential steps and a final verification are required. A final verification is required after completion.,en,high,complex,4_to_8h
"Please redesign the room power distribution with load and protection calculations. This is preventive work and no process is currently stopped. Several systems or participants must be coordinated and multiple dependencies verified. The task will take a substantial part of a shift including preparation, execution, and testing. A final verification is required after completion.",en,low,very_complex,4_to_8h
Task: Clean up a localized flood and inspect affected building systems. This is preventive work and no process is currently stopped. Several interacting factors must be considered and the result checked at multiple stages. Several standard actions are required within part of a shift. Record the result in the request log.,en,low,complex,1_to_4h
We need to replace a burned-out corridor light. This is preventive work and no process is currently stopped. The action is routine and has no unusual dependencies. The expected scope is one short operation followed by a result check. Access to the work area has already been arranged.,en,low,simple,up_to_1h
"Необходимо переработать процесс согласования документов с несколькими ролями и маршрутами. Задача профилактическая, остановки процессов сейчас нет. Нужно учесть несколько взаимосвязанных факторов и проверить результат на разных этапах. Объём включает несколько стандартных действий в пределах части смены. После завершения требуется контрольная проверка.",ru,low,complex,1_to_4h
Please replace the battery in a portable medical device and run a functional test. Please process this as routine work. Routine technical diagnosis and several related actions are required. Several standard actions are required within part of a shift. Provide a short completion note after the work.,en,normal,medium,1_to_4h
"Требуется заменить перегоревшую лампу в коридоре. Выполнение допустимо в удобное окно в течение ближайших недель. Есть несколько последовательных шагов, но используются стандартные методы. Ожидаемый объём — одна короткая операция с проверкой результата. Доступ к месту работ заранее согласован.",ru,low,medium,up_to_1h
"We need to perform scheduled calibration of a patient monitor. A critical service is unavailable and the department cannot continue normal work. Routine technical diagnosis and several related actions are required. The work includes diagnosis, the main operation, and a verification step. Access to the work area has already been arranged.",en,critical,medium,1_to_4h
"Необходимо диагностировать падение давления в контуре и заменить повреждённый участок. Результат нужен до конца следующего рабочего дня, иначе задержится связанный процесс. Нужно учесть несколько взаимосвязанных факторов и проверить результат на разных этапах. Объём включает несколько стандартных действий в пределах части смены. Исходные данные и доступы будут предоставлены исполнителю.",ru,high,complex,1_to_4h
"Task: Perform scheduled calibration of a patient monitor. This is preventive work and no process is currently stopped. Several interacting factors must be considered and the result checked at multiple stages. The task will take a substantial part of a shift including preparation, execution, and testing. The work will be performed at an operating site.",en,low,complex,4_to_8h
"Задача: проверить доводчик двери и отрегулировать закрывание. Ситуация аварийная и создаёт риск безопасности; начать устранение необходимо сейчас. Нужна одна понятная операция по стандартной процедуре. Потребуются диагностика, основная операция и контрольная проверка. Перед началом нужно проверить текущее состояние объекта.",ru,critical,simple,1_to_4h
"Задача: подготовить концепцию модернизации объекта с несколькими зависимыми подсистемами. Просьба взять в работу по стандартной очереди. Задача состоит из нескольких зависимых частей и требует выбора решения по результатам диагностики. Предстоит многоэтапная работа с подготовкой, реализацией, проверками и оформлением результата. Необходимо сохранить работоспособность соседних участков.",ru,normal,complex,over_8h
Please repair a crack in an internal partition and restore the finish. Handle this through the standard work queue. Routine technical diagnosis and several related actions are required. This is localized work and should not require lengthy diagnostics. A final verification is required after completion.,en,normal,medium,up_to_1h
"Задача: подготовить сводную таблицу по заявкам отдела за месяц. Просьба взять в работу по стандартной очереди. Нужна одна понятная операция по стандартной процедуре. Потребуются диагностика, основная операция и контрольная проверка. Работы выполняются на действующем объекте.",ru,normal,simple,1_to_4h
"Просьба обследовать протечку кровли и выполнить локальный ремонт. Результат нужен до конца следующего рабочего дня, иначе задержится связанный процесс. Есть несколько последовательных шагов, но используются стандартные методы. Работа локальная и не требует длительной диагностики. Работы выполняются на действующем объекте.",ru,high,medium,up_to_1h
"Task: Restore building access after an access-control system failure. Please process this as routine work. The task has several dependent parts and the solution depends on diagnostic findings. The task will take a substantial part of a shift including preparation, execution, and testing. Check the current state before starting the work.",en,normal,complex,4_to_8h
"Необходимо проверить корректность показаний электронного термометра. Особой срочности нет, требуется обычный срок исполнения. Потребуется обычная техническая диагностика и несколько связанных действий. Работа локальная и не требует длительной диагностики. Доступ к месту работ заранее согласован.",ru,normal,medium,up_to_1h
"Задача: организовать восстановление доступа в здание после отказа системы контроля доступа. Результат нужен до конца следующего рабочего дня, иначе задержится связанный процесс. Нужно учесть несколько взаимосвязанных факторов и проверить результат на разных этапах. Нужно выполнить несколько последовательных этапов с итоговой проверкой. Работы выполняются на действующем объекте.",ru,high,complex,4_to_8h
"Необходимо перепланировать маршрут нескольких отправлений из-за закрытия участка дороги. Срок не жёсткий; работу можно включить в плановый график. Нужно учесть несколько взаимосвязанных факторов и проверить результат на разных этапах. Работа займёт значительную часть смены и включает подготовку, выполнение и тестирование. Доступ к месту работ заранее согласован.",ru,low,complex,4_to_8h
"Задача: провести выборочную инвентаризацию секции хранения. Требуется немедленная реакция: текущая неисправность остановила ключевой процесс. Потребуется обычная техническая диагностика и несколько связанных действий. Потребуются диагностика, основная операция и контрольная проверка. Перед началом нужно проверить текущее состояние объекта.",ru,critical,medium,1_to_4h
"Требуется диагностировать падение давления в контуре и заменить повреждённый участок. Критичный сервис недоступен, работа подразделения фактически остановлена. Задача состоит из нескольких зависимых частей и требует выбора решения по результатам диагностики. Потребуются диагностика, основная операция и контрольная проверка. После выполнения требуется короткий отчёт о результате.",ru,critical,complex,1_to_4h
"We need to diagnose insufficient heating in an office room. The deadline is within four hours; a delay will affect the next operation. Several interacting factors must be considered and the result checked at multiple stages. This is multi-stage work covering preparation, implementation, verification, and documentation. Access to the work area has already been arranged.",en,high,complex,over_8h
"Требуется диагностировать причину недостаточного обогрева помещения. Есть близкий срок: выполнить в течение четырёх часов; задержка затронет следующую операцию. Нужно учесть несколько взаимосвязанных факторов и проверить результат на разных этапах. Предстоит многоэтапная работа с подготовкой, реализацией, проверками и оформлением результата. Доступ к месту работ заранее согласован.",ru,high,complex,over_8h
"Задача: согласовать график нескольких встреч между подразделениями. Результат нужен до конца следующего рабочего дня, иначе задержится связанный процесс. Есть несколько последовательных шагов, но используются стандартные методы. Нужно выполнить несколько последовательных этапов с итоговой проверкой. Результат нужно зафиксировать в журнале заявки.",ru,high,medium,4_to_8h
Task: Stop a leak under the sink and replace the failed connector. This is an emergency with a safety risk and mitigation must start now. One clear operation using a standard procedure is required. Several standard actions are required within part of a shift. The work will be performed at an operating site.,en,critical,simple,1_to_4h
Required: Reroute several deliveries because a road segment is closed. This is an emergency with a safety risk and mitigation must start now. The task has several dependent parts and the solution depends on diagnostic findings. Several sequential steps and a final verification are required. Adjacent systems must remain operational during the task.,en,critical,complex,4_to_8h
Просьба провести техническое обследование и подготовить варианты усиления конструкции. Ситуация аварийная и создаёт риск безопасности; начать устранение необходимо сейчас. Работа архитектурная/комплексная: несколько взаимозависимых этапов и вариантов решения. Задача включает несколько зависимых этапов и суммарно требует более одной рабочей смены. Результат нужно зафиксировать в журнале заявки.,ru,critical,very_complex,over_8h
Необходимо разработать комплект рабочих чертежей для нового технического узла. Ситуация аварийная и создаёт риск безопасности; начать устранение необходимо сейчас. Задача состоит из нескольких зависимых частей и требует выбора решения по результатам диагностики. Задача включает несколько зависимых этапов и суммарно требует более одной рабочей смены. Доступ к месту работ заранее согласован.,ru,critical,complex,over_8h
"Task: Reconfigure bin locations after the rack layout was changed. There is no hard deadline; this can be placed in the planned maintenance queue. There are several sequential steps, but standard methods are sufficient. This is localized work and should not require lengthy diagnostics. Check the current state before starting the work.",en,low,medium,up_to_1h
"Please coordinate the schedule for several cross-team meetings. A critical service is unavailable and the department cannot continue normal work. Routine technical diagnosis and several related actions are required. The task will take a substantial part of a shift including preparation, execution, and testing. Access to the work area has already been arranged.",en,critical,medium,4_to_8h
"Задача: диагностировать повышенную вибрацию насосного агрегата. Нужно закончить сегодня до 18:00, чтобы не сорвать запланированные работы. Требуется координация нескольких подсистем или участников и проверка множества зависимостей. Нужно выполнить несколько последовательных этапов с итоговой проверкой. Перед началом нужно проверить текущее состояние объекта.",ru,high,very_complex,4_to_8h
"Required: Investigate stock discrepancies across several bin locations. There is no hard deadline; this can be placed in the planned maintenance queue. There are several sequential steps, but standard methods are sufficient. Several sequential steps and a final verification are required. Adjacent systems must remain operational during the task.",en,low,medium,4_to_8h
"Просьба заменить датчик температуры и откалибровать показания. Выполнение допустимо в удобное окно в течение ближайших недель. Есть несколько последовательных шагов, но используются стандартные методы. Объём включает несколько стандартных действий в пределах части смены. Результат нужно зафиксировать в журнале заявки.",ru,low,medium,1_to_4h
"Просьба исправить ошибку авторизации пользователей в веб-приложении. Выполнение допустимо в удобное окно в течение ближайших недель. Есть несколько последовательных шагов, но используются стандартные методы. Работа займёт значительную часть смены и включает подготовку, выполнение и тестирование. Результат нужно зафиксировать в журнале заявки.",ru,low,medium,4_to_8h
Please relabel one pallet after the product record was corrected. Immediate response is required because the failure has stopped a key process. Routine technical diagnosis and several related actions are required. This is localized work and should not require lengthy diagnostics. A final verification is required after completion.,en,critical,medium,up_to_1h
"Required: Restore a device whose failure has stopped a critical diagnostic procedure. This is an emergency with a safety risk and mitigation must start now. This is architectural or cross-system work with several interdependent stages and solution options. This is multi-stage work covering preparation, implementation, verification, and documentation. Record the result in the request log.",en,critical,very_complex,over_8h
"Просьба разработать проект перепланировки нескольких помещений с согласованием инженерных узлов. Срок не жёсткий; работу можно включить в плановый график. Требуется координация нескольких подсистем или участников и проверка множества зависимостей. Работа займёт значительную часть смены и включает подготовку, выполнение и тестирование. Работы выполняются на действующем объекте.",ru,low,very_complex,4_to_8h
"Required: Prepare a multi-floor ventilation modernization plan. Immediate response is required because the failure has stopped a key process. The task has several dependent parts and the solution depends on diagnostic findings. This is multi-stage work covering preparation, implementation, verification, and documentation. Check the current state before starting the work.",en,critical,complex,over_8h
"Необходимо выполнить плановую калибровку монитора пациента. Есть близкий срок: выполнить в течение четырёх часов; задержка затронет следующую операцию. Есть несколько последовательных шагов, но используются стандартные методы. Объём включает несколько стандартных действий в пределах части смены. Доступ к месту работ заранее согласован.",ru,high,medium,1_to_4h
"Просьба согласовать график нескольких встреч между подразделениями. Особой срочности нет, требуется обычный срок исполнения. Потребуется обычная техническая диагностика и несколько связанных действий. Работа займёт значительную часть смены и включает подготовку, выполнение и тестирование. Работы выполняются на действующем объекте.",ru,normal,medium,4_to_8h
Task: Restore a device whose failure has stopped a critical diagnostic procedure. The deadline is within four hours; a delay will affect the next operation. Several interacting factors must be considered and the result checked at multiple stages. Several standard actions are required within part of a shift. Check the current state before starting the work.,en,high,complex,1_to_4h
"Просьба организовать восстановление доступа в здание после отказа системы контроля доступа. Особой срочности нет, требуется обычный срок исполнения. Задача состоит из нескольких зависимых частей и требует выбора решения по результатам диагностики. Работа займёт значительную часть смены и включает подготовку, выполнение и тестирование. Необходимо сохранить работоспособность соседних участков.",ru,normal,complex,4_to_8h
"Задача: диагностировать причину недостаточного обогрева помещения. Выполнение допустимо в удобное окно в течение ближайших недель. Нужно учесть несколько взаимосвязанных факторов и проверить результат на разных этапах. Предстоит многоэтапная работа с подготовкой, реализацией, проверками и оформлением результата. Необходимо сохранить работоспособность соседних участков.",ru,low,complex,over_8h
"Required: Prepare commissioning of a diagnostic system including interface checks and staff training. Handle this through the standard work queue. This is architectural or cross-system work with several interdependent stages and solution options. This is multi-stage work covering preparation, implementation, verification, and documentation. Record the result in the request log.",en,normal,very_complex,over_8h
Task: Check the status of one delayed shipment and update the record. There is no special urgency; use the normal completion window. One clear operation using a standard procedure is required. Several standard actions are required within part of a shift. The work will be performed at an operating site.,en,normal,simple,1_to_4h
"Задача: подготовить план ремонта входной группы с заменой покрытия. Особой срочности нет, требуется обычный срок исполнения. Потребуется обычная техническая диагностика и несколько связанных действий. Потребуются диагностика, основная операция и контрольная проверка. Результат нужно зафиксировать в журнале заявки.",ru,normal,medium,1_to_4h
"We need to reconfigure bin locations after the rack layout was changed. A critical service is unavailable and the department cannot continue normal work. The task has several dependent parts and the solution depends on diagnostic findings. The work includes diagnosis, the main operation, and a verification step. A final verification is required after completion.",en,critical,complex,1_to_4h
"Просьба исправить опечатку в шаблоне внутреннего уведомления. Критичный сервис недоступен, работа подразделения фактически остановлена. Потребуется обычная техническая диагностика и несколько связанных действий. Работа локальная и не требует длительной диагностики. Необходимо сохранить работоспособность соседних участков.",ru,critical,medium,up_to_1h
"Please fix the user authentication failure in the web application. Complete this by 18:00 today to avoid disrupting scheduled work. There are several sequential steps, but standard methods are sufficient. The task will take a substantial part of a shift including preparation, execution, and testing. Provide a short completion note after the work.",en,high,medium,4_to_8h
"Task: Reroute several deliveries because a road segment is closed. The result is needed by the end of the next business day or a dependent activity will be delayed. There are several sequential steps, but standard methods are sufficient. Several standard actions are required within part of a shift. Check the current state before starting the work.",en,high,medium,1_to_4h
"Необходимо согласовать график нескольких встреч между подразделениями. Ситуация аварийная и создаёт риск безопасности; начать устранение необходимо сейчас. Потребуется обычная техническая диагностика и несколько связанных действий. Работа займёт значительную часть смены и включает подготовку, выполнение и тестирование. После выполнения требуется короткий отчёт о результате.",ru,critical,medium,4_to_8h
"Задача: устранить последствия локального подтопления и проверить повреждённые инженерные узлы. Нужно выполнить в стандартном рабочем порядке. Работа архитектурная/комплексная: несколько взаимозависимых этапов и вариантов решения. Предстоит многоэтапная работа с подготовкой, реализацией, проверками и оформлением результата. Работы выполняются на действующем объекте.",ru,normal,very_complex,over_8h
"Required: Redirect a cargo batch between two warehouses and coordinate receiving windows. There is no special urgency; use the normal completion window. The task has several dependent parts and the solution depends on diagnostic findings. The work includes diagnosis, the main operation, and a verification step. Adjacent systems must remain operational during the task.",en,normal,complex,1_to_4h
"Please prepare commissioning of a diagnostic system including interface checks and staff training. Complete this by 18:00 today to avoid disrupting scheduled work. Several systems or participants must be coordinated and multiple dependencies verified. The task will take a substantial part of a shift including preparation, execution, and testing. Required source data and access will be provided.",en,high,very_complex,4_to_8h
"Required: Install a partition with a doorway using the approved drawing. There is no hard deadline; this can be placed in the planned maintenance queue. There are several sequential steps, but standard methods are sufficient. The work includes diagnosis, the main operation, and a verification step. Adjacent systems must remain operational during the task.",en,low,medium,1_to_4h
"Please diagnose pressure loss in the loop and replace the damaged section. The result is needed by the end of the next business day or a dependent activity will be delayed. There are several sequential steps, but standard methods are sufficient. This is localized work and should not require lengthy diagnostics. Provide a short completion note after the work.",en,high,medium,up_to_1h
"Задача: перемаркировать одну паллету после исправления карточки товара. Результат нужен до конца следующего рабочего дня, иначе задержится связанный процесс. Действие типовое, без нестандартных зависимостей. Ожидаемый объём — одна короткая операция с проверкой результата. Работы выполняются на действующем объекте.",ru,high,simple,up_to_1h
Required: Check the status of one delayed shipment and update the record. The result is needed by the end of the next business day or a dependent activity will be delayed. The action is routine and has no unusual dependencies. The expected scope is one short operation followed by a result check. Record the result in the request log.,en,high,simple,up_to_1h
"Просьба заменить аккумулятор в переносном медицинском приборе и провести функциональный тест. Требуется немедленная реакция: текущая неисправность остановила ключевой процесс. Задача состоит из нескольких зависимых частей и требует выбора решения по результатам диагностики. Работа займёт значительную часть смены и включает подготовку, выполнение и тестирование. Результат нужно зафиксировать в журнале заявки.",ru,critical,complex,4_to_8h
"Требуется обследовать протечку кровли и выполнить локальный ремонт. Нужно выполнить в стандартном рабочем порядке. Задача состоит из нескольких зависимых частей и требует выбора решения по результатам диагностики. Потребуются диагностика, основная операция и контрольная проверка. После выполнения требуется короткий отчёт о результате.",ru,normal,complex,1_to_4h
"We need to coordinate the schedule for several cross-team meetings. The work may be completed in a convenient slot during the next few weeks. Several interacting factors must be considered and the result checked at multiple stages. This is multi-stage work covering preparation, implementation, verification, and documentation. Access to the work area has already been arranged.",en,low,complex,over_8h
"Требуется заменить неисправную розетку и проверить линию. Задача профилактическая, остановки процессов сейчас нет. Действие типовое, без нестандартных зависимостей. Ожидаемый объём — одна короткая операция с проверкой результата. После завершения требуется контрольная проверка.",ru,low,simple,up_to_1h
Required: Fix the user authentication failure in the web application. Please process this as routine work. Routine technical diagnosis and several related actions are required. Several sequential steps and a final verification are required. Adjacent systems must remain operational during the task.,en,normal,medium,4_to_8h
Task: Diagnose excessive vibration in the pump unit. Handle this through the standard work queue. The task has several dependent parts and the solution depends on diagnostic findings. Several dependent stages are involved and the total effort exceeds one work shift. Check the current state before starting the work.,en,normal,complex,over_8h
Required: Design placement for a new product group considering turnover and storage compatibility. Complete this by 18:00 today to avoid disrupting scheduled work. Several interacting factors must be considered and the result checked at multiple stages. Several sequential steps and a final verification are required. Adjacent systems must remain operational during the task.,en,high,complex,4_to_8h
"Please reroute several deliveries because a road segment is closed. This is preventive work and no process is currently stopped. Several systems or participants must be coordinated and multiple dependencies verified. The task will take a substantial part of a shift including preparation, execution, and testing. Required source data and access will be provided.",en,low,very_complex,4_to_8h
Please redesign a document approval workflow with multiple roles and routes. The work may be completed in a convenient slot during the next few weeks. Several interacting factors must be considered and the result checked at multiple stages. Several standard actions are required within part of a shift. Required source data and access will be provided.,en,low,complex,1_to_4h
Please perform a spot inventory of one storage section. The work may be completed in a convenient slot during the next few weeks. The action is routine and has no unusual dependencies. This is localized work and should not require lengthy diagnostics. Access to the work area has already been arranged.,en,low,simple,up_to_1h
"Необходимо восстановить работу аппарата, из-за отказа которого остановлена критичная диагностическая процедура. Срок не жёсткий; работу можно включить в плановый график. Нужно учесть несколько взаимосвязанных факторов и проверить результат на разных этапах. Объём включает несколько стандартных действий в пределах части смены. После выполнения требуется короткий отчёт о результате.",ru,low,complex,1_to_4h
Please configure database backups and verify a restore procedure. Handle this through the standard work queue. Routine technical diagnosis and several related actions are required. Several standard actions are required within part of a shift. Access to the work area has already been arranged.,en,normal,medium,1_to_4h
"Просьба устранить последствия локального подтопления и проверить повреждённые инженерные узлы. Задача профилактическая, остановки процессов сейчас нет. Есть несколько последовательных шагов, но используются стандартные методы. Работа локальная и не требует длительной диагностики. Перед началом нужно проверить текущее состояние объекта.",ru,low,medium,up_to_1h
Please relocate several electrical outlets and verify circuit load. Immediate response is required because the failure has stopped a key process. Routine technical diagnosis and several related actions are required. Several standard actions are required within part of a shift. Provide a short completion note after the work.,en,critical,medium,1_to_4h
"Необходимо устранить последствия локального подтопления и проверить повреждённые инженерные узлы. Нужно закончить сегодня до 18:00, чтобы не сорвать запланированные работы. Нужно учесть несколько взаимосвязанных факторов и проверить результат на разных этапах. Объём включает несколько стандартных действий в пределах части смены. После завершения требуется контрольная проверка.",ru,high,complex,1_to_4h
Required: Perform a technical survey and prepare structural strengthening options. There is no hard deadline; this can be placed in the planned maintenance queue. Several interacting factors must be considered and the result checked at multiple stages. Several sequential steps and a final verification are required. Check the current state before starting the work.,en,low,complex,4_to_8h
Необходимо заменить перегоревшую лампу в коридоре. Требуется немедленная реакция: текущая неисправность остановила ключевой процесс. Нужна одна понятная операция по стандартной процедуре. Объём включает несколько стандартных действий в пределах части смены. После завершения требуется контрольная проверка.,ru,critical,simple,1_to_4h
"Просьба диагностировать нестабильную работу лабораторной центрифуги. Особой срочности нет, требуется обычный срок исполнения. Задача состоит из нескольких зависимых частей и требует выбора решения по результатам диагностики. Задача включает несколько зависимых этапов и суммарно требует более одной рабочей смены. Результат нужно зафиксировать в журнале заявки.",ru,normal,complex,over_8h
Required: Reconfigure bin locations after the rack layout was changed. Handle this through the standard work queue. Routine technical diagnosis and several related actions are required. The expected scope is one short operation followed by a result check. Check the current state before starting the work.,en,normal,medium,up_to_1h
"Необходимо исправить опечатку в шаблоне внутреннего уведомления. Особой срочности нет, требуется обычный срок исполнения. Нужна одна понятная операция по стандартной процедуре. Объём включает несколько стандартных действий в пределах части смены. После выполнения требуется короткий отчёт о результате.",ru,normal,simple,1_to_4h
"Требуется заделать трещину в перегородке и восстановить отделку. Результат нужен до конца следующего рабочего дня, иначе задержится связанный процесс. Есть несколько последовательных шагов, но используются стандартные методы. Ожидаемый объём — одна короткая операция с проверкой результата. Исходные данные и доступы будут предоставлены исполнителю.",ru,high,medium,up_to_1h
Required: Prepare a monthly summary table for the department requests. There is no special urgency; use the normal completion window. The task has several dependent parts and the solution depends on diagnostic findings. Several sequential steps and a final verification are required. The work will be performed at an operating site.,en,normal,complex,4_to_8h
"Задача: добавить экспорт отчёта в CSV с фильтрацией по периоду. Особой срочности нет, требуется обычный срок исполнения. Потребуется обычная техническая диагностика и несколько связанных действий. Ожидаемый объём — одна короткая операция с проверкой результата. Работы выполняются на действующем объекте.",ru,normal,medium,up_to_1h
Требуется обновить программу ПЛК и проверить межблокировки. Есть близкий срок: выполнить в течение четырёх часов; задержка затронет следующую операцию. Нужно учесть несколько взаимосвязанных факторов и проверить результат на разных этапах. Нужно выполнить несколько последовательных этапов с итоговой проверкой. После выполнения требуется короткий отчёт о результате.,ru,high,complex,4_to_8h
"Задача: обновить программу ПЛК и проверить межблокировки. Задача профилактическая, остановки процессов сейчас нет. Нужно учесть несколько взаимосвязанных факторов и проверить результат на разных этапах. Нужно выполнить несколько последовательных этапов с итоговой проверкой. Работы выполняются на действующем объекте.",ru,low,complex,4_to_8h
"Задача: проверить доводчик двери и отрегулировать закрывание. Ситуация аварийная и создаёт риск безопасности; начать устранение необходимо сейчас. Потребуется обычная техническая диагностика и несколько связанных действий. Потребуются диагностика, основная операция и контрольная проверка. Результат нужно зафиксировать в журнале заявки.",ru,critical,medium,1_to_4h
"Требуется организовать перенаправление партии груза между двумя складами и согласовать окна приёмки. Ситуация аварийная и создаёт риск безопасности; начать устранение необходимо сейчас. Задача состоит из нескольких зависимых частей и требует выбора решения по результатам диагностики. Потребуются диагностика, основная операция и контрольная проверка. После завершения требуется контрольная проверка.",ru,critical,complex,1_to_4h
Please design a multi-room refurbishment including coordination of engineering systems. The result is needed by the end of the next business day or a dependent activity will be delayed. Several interacting factors must be considered and the result checked at multiple stages. Several dependent stages are involved and the total effort exceeds one work shift. Provide a short completion note after the work.,en,high,complex,over_8h
"Требуется разобраться с расхождением остатков по нескольким ячейкам. Результат нужен до конца следующего рабочего дня, иначе задержится связанный процесс. Нужно учесть несколько взаимосвязанных факторов и проверить результат на разных этапах. Предстоит многоэтапная работа с подготовкой, реализацией, проверками и оформлением результата. После выполнения требуется короткий отчёт о результате.",ru,high,complex,over_8h
"Требуется сверить расхождения между накладной и фактическим количеством мест. Нужно закончить сегодня до 18:00, чтобы не сорвать запланированные работы. Есть несколько последовательных шагов, но используются стандартные методы. Нужно выполнить несколько последовательных этапов с итоговой проверкой. Исходные данные и доступы будут предоставлены исполнителю.",ru,high,medium,4_to_8h
"Required: Inspect the door closer and adjust its closing action. A critical service is unavailable and the department cannot continue normal work. One clear operation using a standard procedure is required. The work includes diagnosis, the main operation, and a verification step. Adjacent systems must remain operational during the task.",en,critical,simple,1_to_4h
We need to prepare a monthly summary table for the department requests. A critical service is unavailable and the department cannot continue normal work. The task has several dependent parts and the solution depends on diagnostic findings. Several sequential steps and a final verification are required. Required source data and access will be provided.,en,critical,complex,4_to_8h
Необходимо спроектировать размещение новой товарной группы с учётом оборачиваемости и ограничений совместного хранения. Ситуация аварийная и создаёт риск безопасности; начать устранение необходимо сейчас. Работа архитектурная/комплексная: несколько взаимозависимых этапов и вариантов решения. Задача включает несколько зависимых этапов и суммарно требует более одной рабочей смены. После выполнения требуется короткий отчёт о результате.,ru,critical,very_complex,over_8h
"Просьба диагностировать причину недостаточного обогрева помещения. Критичный сервис недоступен, работа подразделения фактически остановлена. Задача состоит из нескольких зависимых частей и требует выбора решения по результатам диагностики. Задача включает несколько зависимых этапов и суммарно требует более одной рабочей смены. Результат нужно зафиксировать в журнале заявки.",ru,critical,complex,over_8h
"Task: Add CSV report export with date filtering. This is preventive work and no process is currently stopped. There are several sequential steps, but standard methods are sufficient. This is localized work and should not require lengthy diagnostics. Check the current state before starting the work.",en,low,medium,up_to_1h
"Task: Stop a leak under the sink and replace the failed connector. This is an emergency with a safety risk and mitigation must start now. Routine technical diagnosis and several related actions are required. The task will take a substantial part of a shift including preparation, execution, and testing. Adjacent systems must remain operational during the task.",en,critical,medium,4_to_8h
"Необходимо подготовить план ремонта входной группы с заменой покрытия. Нужно закончить сегодня до 18:00, чтобы не сорвать запланированные работы. Требуется координация нескольких подсистем или участников и проверка множества зависимостей. Работа займёт значительную часть смены и включает подготовку, выполнение и тестирование. После завершения требуется контрольная проверка.",ru,high,very_complex,4_to_8h
"We need to coordinate the schedule for several cross-team meetings. This is preventive work and no process is currently stopped. There are several sequential steps, but standard methods are sufficient. Several sequential steps and a final verification are required. Required source data and access will be provided.",en,low,medium,4_to_8h
"Задача: смонтировать перегородку с дверным проёмом по готовому чертежу. Выполнение допустимо в удобное окно в течение ближайших недель. Есть несколько последовательных шагов, но используются стандартные методы. Потребуются диагностика, основная операция и контрольная проверка. Работы выполняются на действующем объекте.",ru,low,medium,1_to_4h
"Задача: сверить расхождения между накладной и фактическим количеством мест. Задача профилактическая, остановки процессов сейчас нет. Есть несколько последовательных шагов, но используются стандартные методы. Нужно выполнить несколько последовательных этапов с итоговой проверкой. Необходимо сохранить работоспособность соседних участков.",ru,low,medium,4_to_8h
We need to add CSV report export with date filtering. A critical service is unavailable and the department cannot continue normal work. Routine technical diagnosis and several related actions are required. The expected scope is one short operation followed by a result check. Required source data and access will be provided.,en,critical,medium,up_to_1h
Please prepare a working drawing package for a new technical assembly. A critical service is unavailable and the department cannot continue normal work. This is architectural or cross-system work with several interdependent stages and solution options. Several dependent stages are involved and the total effort exceeds one work shift. Required source data and access will be provided.,en,critical,very_complex,over_8h
"Просьба подготовить концепцию модернизации объекта с несколькими зависимыми подсистемами. Выполнение допустимо в удобное окно в течение ближайших недель. Требуется координация нескольких подсистем или участников и проверка множества зависимостей. Работа займёт значительную часть смены и включает подготовку, выполнение и тестирование. Результат нужно зафиксировать в журнале заявки.",ru,low,very_complex,4_to_8h
"We need to develop a unified request-handling procedure for multiple branches. This is an emergency with a safety risk and mitigation must start now. The task has several dependent parts and the solution depends on diagnostic findings. This is multi-stage work covering preparation, implementation, verification, and documentation. Access to the work area has already been arranged.",en,critical,complex,over_8h
"Требуется заменить аккумулятор в переносном медицинском приборе и провести функциональный тест. Есть близкий срок: выполнить в течение четырёх часов; задержка затронет следующую операцию. Есть несколько последовательных шагов, но используются стандартные методы. Потребуются диагностика, основная операция и контрольная проверка. Доступ к месту работ заранее согласован.",ru,high,medium,1_to_4h
"Необходимо сверить расхождения между накладной и фактическим количеством мест. Особой срочности нет, требуется обычный срок исполнения. Потребуется обычная техническая диагностика и несколько связанных действий. Работа займёт значительную часть смены и включает подготовку, выполнение и тестирование. После выполнения требуется короткий отчёт о результате.",ru,normal,medium,4_to_8h
Please clean up a localized flood and inspect affected building systems. The deadline is within four hours; a delay will affect the next operation. Several interacting factors must be considered and the result checked at multiple stages. Several standard actions are required within part of a shift. Required source data and access will be provided.,en,high,complex,1_to_4h
"Задача: подготовить сводную таблицу по заявкам отдела за месяц. Особой срочности нет, требуется обычный срок исполнения. Задача состоит из нескольких зависимых частей и требует выбора решения по результатам диагностики. Нужно выполнить несколько последовательных этапов с итоговой проверкой. Работы выполняются на действующем объекте.",ru,normal,complex,4_to_8h
"Просьба исправить ошибку авторизации пользователей в веб-приложении. Задача профилактическая, остановки процессов сейчас нет. Нужно учесть несколько взаимосвязанных факторов и проверить результат на разных этапах. Задача включает несколько зависимых этапов и суммарно требует более одной рабочей смены. Перед началом нужно проверить текущее состояние объекта.",ru,low,complex,over_8h
"Required: Prepare commissioning of a diagnostic system including interface checks and staff training. Handle this through the standard work queue. This is architectural or cross-system work with several interdependent stages and solution options. This is multi-stage work covering preparation, implementation, verification, and documentation. Adjacent systems must remain operational during the task.",en,normal,very_complex,over_8h
Task: Replace a burned-out corridor light. Please process this as routine work. One clear operation using a standard procedure is required. Several standard actions are required within part of a shift. Adjacent systems must remain operational during the task.,en,normal,simple,1_to_4h
Необходимо провести техническое обследование и подготовить варианты усиления конструкции. Просьба взять в работу по стандартной очереди. Потребуется обычная техническая диагностика и несколько связанных действий. Объём включает несколько стандартных действий в пределах части смены. После выполнения требуется короткий отчёт о результате.,ru,normal,medium,1_to_4h
"We need to diagnose pressure loss in the loop and replace the damaged section. This is an emergency with a safety risk and mitigation must start now. The task has several dependent parts and the solution depends on diagnostic findings. The work includes diagnosis, the main operation, and a verification step. Access to the work area has already been arranged.",en,critical,complex,1_to_4h
Задача: обследовать протечку кровли и выполнить локальный ремонт. Требуется немедленная реакция: текущая неисправность остановила ключевой процесс. Потребуется обычная техническая диагностика и несколько связанных действий. Ожидаемый объём — одна короткая операция с проверкой результата. Работы выполняются на действующем объекте.,ru,critical,medium,up_to_1h
"Required: Diagnose excessive vibration in the pump unit. The result is needed by the end of the next business day or a dependent activity will be delayed. There are several sequential steps, but standard methods are sufficient. Several sequential steps and a final verification are required. Adjacent systems must remain operational during the task.",en,high,medium,4_to_8h
"We need to replace the battery in a portable medical device and run a functional test. Complete this by 18:00 today to avoid disrupting scheduled work. There are several sequential steps, but standard methods are sufficient. The work includes diagnosis, the main operation, and a verification step. Provide a short completion note after the work.",en,high,medium,1_to_4h
"Просьба сверить расхождения между накладной и фактическим количеством мест. Ситуация аварийная и создаёт риск безопасности; начать устранение необходимо сейчас. Потребуется обычная техническая диагностика и несколько связанных действий. Работа займёт значительную часть смены и включает подготовку, выполнение и тестирование. Перед началом нужно проверить текущее состояние объекта.",ru,critical,medium,4_to_8h
"Требуется восстановить работу аппарата, из-за отказа которого остановлена критичная диагностическая процедура. Просьба взять в работу по стандартной очереди. Работа архитектурная/комплексная: несколько взаимозависимых этапов и вариантов решения. Предстоит многоэтапная работа с подготовкой, реализацией, проверками и оформлением результата. После завершения требуется контрольная проверка.",ru,normal,very_complex,over_8h
"We need to inspect a roof leak and perform a localized repair. Please process this as routine work. The task has several dependent parts and the solution depends on diagnostic findings. The work includes diagnosis, the main operation, and a verification step. Access to the work area has already been arranged.",en,normal,complex,1_to_4h
"Please prepare a renovation plan for the entrance area and replace the flooring. Complete this by 18:00 today to avoid disrupting scheduled work. Several systems or participants must be coordinated and multiple dependencies verified. The task will take a substantial part of a shift including preparation, execution, and testing. A final verification is required after completion.",en,high,very_complex,4_to_8h
"Required: Perform a technical survey and prepare structural strengthening options. This is preventive work and no process is currently stopped. There are several sequential steps, but standard methods are sufficient. The work includes diagnosis, the main operation, and a verification step. Record the result in the request log.",en,low,medium,1_to_4h
"Please add CSV report export with date filtering. The deadline is within four hours; a delay will affect the next operation. There are several sequential steps, but standard methods are sufficient. This is localized work and should not require lengthy diagnostics. Access to the work area has already been arranged.",en,high,medium,up_to_1h
"Задача: уточнить статус одной задержанной поставки и обновить запись. Нужно закончить сегодня до 18:00, чтобы не сорвать запланированные работы. Действие типовое, без нестандартных зависимостей. Ожидаемый объём — одна короткая операция с проверкой результата. Результат нужно зафиксировать в журнале заявки.",ru,high,simple,up_to_1h
Task: Inspect the door closer and adjust its closing action. Complete this by 18:00 today to avoid disrupting scheduled work. The action is routine and has no unusual dependencies. This is localized work and should not require lengthy diagnostics. The work will be performed at an operating site.,en,high,simple,up_to_1h
"Просьба обновить программу ПЛК и проверить межблокировки. Критичный сервис недоступен, работа подразделения фактически остановлена. Задача состоит из нескольких зависимых частей и требует выбора решения по результатам диагностики. Работа займёт значительную часть смены и включает подготовку, выполнение и тестирование. Работы выполняются на действующем объекте.",ru,critical,complex,4_to_8h
"Задача: перенастроить адресное хранение зоны после изменения схемы стеллажей. Особой срочности нет, требуется обычный срок исполнения. Задача состоит из нескольких зависимых частей и требует выбора решения по результатам диагностики. Потребуются диагностика, основная операция и контрольная проверка. Необходимо сохранить работоспособность соседних участков.",ru,normal,complex,1_to_4h
"Required: Investigate stock discrepancies across several bin locations. There is no hard deadline; this can be placed in the planned maintenance queue. Several interacting factors must be considered and the result checked at multiple stages. This is multi-stage work covering preparation, implementation, verification, and documentation. Record the result in the request log.",en,low,complex,over_8h
"Необходимо проверить доводчик двери и отрегулировать закрывание. Срок не жёсткий; работу можно включить в плановый график. Действие типовое, без нестандартных зависимостей. Работа локальная и не требует длительной диагностики. Доступ к месту работ заранее согласован.",ru,low,simple,up_to_1h
"Task: Prepare a working drawing package for a new technical assembly. There is no special urgency; use the normal completion window. Routine technical diagnosis and several related actions are required. The task will take a substantial part of a shift including preparation, execution, and testing. Record the result in the request log.",en,normal,medium,4_to_8h
Please diagnose insufficient heating in an office room. Handle this through the standard work queue. The task has several dependent parts and the solution depends on diagnostic findings. Several dependent stages are involved and the total effort exceeds one work shift. A final verification is required after completion.,en,normal,complex,over_8h
Required: Restore building access after an access-control system failure. Complete this by 18:00 today to avoid disrupting scheduled work. Several interacting factors must be considered and the result checked at multiple stages. Several sequential steps and a final verification are required. The work will be performed at an operating site.,en,high,complex,4_to_8h
Required: Prepare an internal-audit evidence pack for several departments. The work may be completed in a convenient slot during the next few weeks. Several systems or participants must be coordinated and multiple dependencies verified. Several sequential steps and a final verification are required. Adjacent systems must remain operational during the task.,en,low,very_complex,4_to_8h
Task: Clean up a localized flood and inspect affected building systems. There is no hard deadline; this can be placed in the planned maintenance queue. Several interacting factors must be considered and the result checked at multiple stages. Several standard actions are required within part of a shift. Record the result in the request log.,en,low,complex,1_to_4h
Required: Reconcile a mismatch between the manifest and the physical package count. The work may be completed in a convenient slot during the next few weeks. The action is routine and has no unusual dependencies. The expected scope is one short operation followed by a result check. Adjacent systems must remain operational during the task.,en,low,simple,up_to_1h
"Просьба организовать перенаправление партии груза между двумя складами и согласовать окна приёмки. Задача профилактическая, остановки процессов сейчас нет. Нужно учесть несколько взаимосвязанных факторов и проверить результат на разных этапах. Объём включает несколько стандартных действий в пределах части смены. Результат нужно зафиксировать в журнале заявки.",ru,low,complex,1_to_4h
Please install a partition with a doorway using the approved drawing. There is no special urgency; use the normal completion window. Routine technical diagnosis and several related actions are required. Several standard actions are required within part of a shift. Access to the work area has already been arranged.,en,normal,medium,1_to_4h
"Требуется заменить неисправную розетку и проверить линию. Срок не жёсткий; работу можно включить в плановый график. Есть несколько последовательных шагов, но используются стандартные методы. Ожидаемый объём — одна короткая операция с проверкой результата. После выполнения требуется короткий отчёт о результате.",ru,low,medium,up_to_1h
"We need to replace a temperature sensor and calibrate its readings. This is an emergency with a safety risk and mitigation must start now. Routine technical diagnosis and several related actions are required. The work includes diagnosis, the main operation, and a verification step. Access to the work area has already been arranged.",en,critical,medium,1_to_4h
"Задача: разработать интеграцию CRM с внутренней системой через API. Есть близкий срок: выполнить в течение четырёх часов; задержка затронет следующую операцию. Нужно учесть несколько взаимосвязанных факторов и проверить результат на разных этапах. Потребуются диагностика, основная операция и контрольная проверка. Результат нужно зафиксировать в журнале заявки.",ru,high,complex,1_to_4h
"Task: Replace a temperature sensor and calibrate its readings. There is no hard deadline; this can be placed in the planned maintenance queue. Several interacting factors must be considered and the result checked at multiple stages. The task will take a substantial part of a shift including preparation, execution, and testing. The work will be performed at an operating site.",en,low,complex,4_to_8h
Необходимо перемаркировать одну паллету после исправления карточки товара. Ситуация аварийная и создаёт риск безопасности; начать устранение необходимо сейчас. Нужна одна понятная операция по стандартной процедуре. Объём включает несколько стандартных действий в пределах части смены. Доступ к месту работ заранее согласован.,ru,critical,simple,1_to_4h
Необходимо разобраться с расхождением остатков по нескольким ячейкам. Нужно выполнить в стандартном рабочем порядке. Задача состоит из нескольких зависимых частей и требует выбора решения по результатам диагностики. Задача включает несколько зависимых этапов и суммарно требует более одной рабочей смены. После выполнения требуется короткий отчёт о результате.,ru,normal,complex,over_8h
Please verify the readings of an electronic clinical thermometer. There is no special urgency; use the normal completion window. Routine technical diagnosis and several related actions are required. This is localized work and should not require lengthy diagnostics. Access to the work area has already been arranged.,en,normal,medium,up_to_1h
Необходимо проверить корректность показаний электронного термометра. Просьба взять в работу по стандартной очереди. Нужна одна понятная операция по стандартной процедуре. Объём включает несколько стандартных действий в пределах части смены. После выполнения требуется короткий отчёт о результате.,ru,normal,simple,1_to_4h
"Необходимо добавить экспорт отчёта в CSV с фильтрацией по периоду. Есть близкий срок: выполнить в течение четырёх часов; задержка затронет следующую операцию. Есть несколько последовательных шагов, но используются стандартные методы. Работа локальная и не требует длительной диагностики. После выполнения требуется короткий отчёт о результате.",ru,high,medium,up_to_1h
We need to perform a spot inventory of one storage section. There is no special urgency; use the normal completion window. The task has several dependent parts and the solution depends on diagnostic findings. Several sequential steps and a final verification are required. Required source data and access will be provided.,en,normal,complex,4_to_8h
Необходимо заделать трещину в перегородке и восстановить отделку. Просьба взять в работу по стандартной очереди. Потребуется обычная техническая диагностика и несколько связанных действий. Работа локальная и не требует длительной диагностики. Исходные данные и доступы будут предоставлены исполнителю.,ru,normal,medium,up_to_1h
"Необходимо подготовить план ремонта входной группы с заменой покрытия. Есть близкий срок: выполнить в течение четырёх часов; задержка затронет следующую операцию. Нужно учесть несколько взаимосвязанных факторов и проверить результат на разных этапах. Работа займёт значительную часть смены и включает подготовку, выполнение и тестирование. Доступ к месту работ заранее согласован.",ru,high,complex,4_to_8h
"Просьба подготовить сводную таблицу по заявкам отдела за месяц. Выполнение допустимо в удобное окно в течение ближайших недель. Нужно учесть несколько взаимосвязанных факторов и проверить результат на разных этапах. Работа займёт значительную часть смены и включает подготовку, выполнение и тестирование. Работы выполняются на действующем объекте.",ru,low,complex,4_to_8h
"Требуется подготовить сводную таблицу по заявкам отдела за месяц. Требуется немедленная реакция: текущая неисправность остановила ключевой процесс. Потребуется обычная техническая диагностика и несколько связанных действий. Потребуются диагностика, основная операция и контрольная проверка. После завершения требуется контрольная проверка.",ru,critical,medium,1_to_4h
"Требуется добавить экспорт отчёта в CSV с фильтрацией по периоду. Требуется немедленная реакция: текущая неисправность остановила ключевой процесс. Задача состоит из нескольких зависимых частей и требует выбора решения по результатам диагностики. Потребуются диагностика, основная операция и контрольная проверка. Доступ к месту работ заранее согласован.",ru,critical,complex,1_to_4h
"Required: Diagnose unstable operation of a laboratory centrifuge. The result is needed by the end of the next business day or a dependent activity will be delayed. Several interacting factors must be considered and the result checked at multiple stages. This is multi-stage work covering preparation, implementation, verification, and documentation. Adjacent systems must remain operational during the task.",en,high,complex,over_8h
"Требуется разобраться с расхождением остатков по нескольким ячейкам. Есть близкий срок: выполнить в течение четырёх часов; задержка затронет следующую операцию. Нужно учесть несколько взаимосвязанных факторов и проверить результат на разных этапах. Предстоит многоэтапная работа с подготовкой, реализацией, проверками и оформлением результата. Исходные данные и доступы будут предоставлены исполнителю.",ru,high,complex,over_8h
"Необходимо исправить ошибку авторизации пользователей в веб-приложении. Есть близкий срок: выполнить в течение четырёх часов; задержка затронет следующую операцию. Есть несколько последовательных шагов, но используются стандартные методы. Работа займёт значительную часть смены и включает подготовку, выполнение и тестирование. После выполнения требуется короткий отчёт о результате.",ru,high,medium,4_to_8h
"We need to perform scheduled calibration of a patient monitor. A critical service is unavailable and the department cannot continue normal work. One clear operation using a standard procedure is required. The work includes diagnosis, the main operation, and a verification step. Provide a short completion note after the work.",en,critical,simple,1_to_4h
"Task: Prepare an internal-audit evidence pack for several departments. This is an emergency with a safety risk and mitigation must start now. The task has several dependent parts and the solution depends on diagnostic findings. The task will take a substantial part of a shift including preparation, execution, and testing. Check the current state before starting the work.",en,critical,complex,4_to_8h
"Задача: переработать схему электроснабжения помещения с расчётом нагрузки и защит. Ситуация аварийная и создаёт риск безопасности; начать устранение необходимо сейчас. Работа архитектурная/комплексная: несколько взаимозависимых этапов и вариантов решения. Предстоит многоэтапная работа с подготовкой, реализацией, проверками и оформлением результата. Необходимо сохранить работоспособность соседних участков.",ru,critical,very_complex,over_8h
Просьба диагностировать причину недостаточного обогрева помещения. Ситуация аварийная и создаёт риск безопасности; начать устранение необходимо сейчас. Задача состоит из нескольких зависимых частей и требует выбора решения по результатам диагностики. Задача включает несколько зависимых этапов и суммарно требует более одной рабочей смены. Необходимо сохранить работоспособность соседних участков.,ru,critical,complex,over_8h
"Required: Correct a typo in an internal notification template. The work may be completed in a convenient slot during the next few weeks. There are several sequential steps, but standard methods are sufficient. The expected scope is one short operation followed by a result check. Check the current state before starting the work.",en,low,medium,up_to_1h
"Please replace a damaged door handle in a staff room. Immediate response is required because the failure has stopped a key process. Routine technical diagnosis and several related actions are required. The task will take a substantial part of a shift including preparation, execution, and testing. Provide a short completion note after the work.",en,critical,medium,4_to_8h
"Необходимо разработать единый регламент обработки обращений для нескольких филиалов. Есть близкий срок: выполнить в течение четырёх часов; задержка затронет следующую операцию. Требуется координация нескольких подсистем или участников и проверка множества зависимостей. Работа займёт значительную часть смены и включает подготовку, выполнение и тестирование. Исходные данные и доступы будут предоставлены исполнителю.",ru,high,very_complex,4_to_8h
"We need to coordinate the schedule for several cross-team meetings. There is no hard deadline; this can be placed in the planned maintenance queue. There are several sequential steps, but standard methods are sufficient. Several sequential steps and a final verification are required. Required source data and access will be provided.",en,low,medium,4_to_8h
"Просьба выполнить плановую калибровку монитора пациента. Выполнение допустимо в удобное окно в течение ближайших недель. Есть несколько последовательных шагов, но используются стандартные методы. Объём включает несколько стандартных действий в пределах части смены. Необходимо сохранить работоспособность соседних участков.",ru,low,medium,1_to_4h
"Задача: сверить расхождения между накладной и фактическим количеством мест. Выполнение допустимо в удобное окно в течение ближайших недель. Есть несколько последовательных шагов, но используются стандартные методы. Нужно выполнить несколько последовательных этапов с итоговой проверкой. Результат нужно зафиксировать в журнале заявки.",ru,low,medium,4_to_8h
Task: Verify the readings of an electronic clinical thermometer. A critical service is unavailable and the department cannot continue normal work. Routine technical diagnosis and several related actions are required. This is localized work and should not require lengthy diagnostics. Check the current state before starting the work.,en,critical,medium,up_to_1h
"We need to prepare a modernization concept for a facility with several dependent subsystems. This is an emergency with a safety risk and mitigation must start now. This is architectural or cross-system work with several interdependent stages and solution options. This is multi-stage work covering preparation, implementation, verification, and documentation. Provide a short completion note after the work.",en,critical,very_complex,over_8h
"Просьба разработать единый регламент обработки обращений для нескольких филиалов. Задача профилактическая, остановки процессов сейчас нет. Требуется координация нескольких подсистем или участников и проверка множества зависимостей. Работа займёт значительную часть смены и включает подготовку, выполнение и тестирование. Работы выполняются на действующем объекте.",ru,low,very_complex,4_to_8h
"Required: Redesign the room power distribution with load and protection calculations. A critical service is unavailable and the department cannot continue normal work. The task has several dependent parts and the solution depends on diagnostic findings. This is multi-stage work covering preparation, implementation, verification, and documentation. The work will be performed at an operating site.",en,critical,complex,over_8h
"Необходимо заменить датчик температуры и откалибровать показания. Есть близкий срок: выполнить в течение четырёх часов; задержка затронет следующую операцию. Есть несколько последовательных шагов, но используются стандартные методы. Объём включает несколько стандартных действий в пределах части смены. Доступ к месту работ заранее согласован.",ru,high,medium,1_to_4h
"Необходимо устранить течь под раковиной с заменой соединения. Просьба взять в работу по стандартной очереди. Потребуется обычная техническая диагностика и несколько связанных действий. Работа займёт значительную часть смены и включает подготовку, выполнение и тестирование. Доступ к месту работ заранее согласован.",ru,normal,medium,4_to_8h
Task: Redesign a document approval workflow with multiple roles and routes. The result is needed by the end of the next business day or a dependent activity will be delayed. Several interacting factors must be considered and the result checked at multiple stages. Several standard actions are required within part of a shift. Record the result in the request log.,en,high,complex,1_to_4h
"Задача: подготовить план ремонта входной группы с заменой покрытия. Особой срочности нет, требуется обычный срок исполнения. Задача состоит из нескольких зависимых частей и требует выбора решения по результатам диагностики. Нужно выполнить несколько последовательных этапов с итоговой проверкой. Необходимо сохранить работоспособность соседних участков.",ru,normal,complex,4_to_8h
Необходимо переработать схему электроснабжения помещения с расчётом нагрузки и защит. Выполнение допустимо в удобное окно в течение ближайших недель. Нужно учесть несколько взаимосвязанных факторов и проверить результат на разных этапах. Задача включает несколько зависимых этапов и суммарно требует более одной рабочей смены. После выполнения требуется короткий отчёт о результате.,ru,low,complex,over_8h
"Required: Develop a unified request-handling procedure for multiple branches. Please process this as routine work. This is architectural or cross-system work with several interdependent stages and solution options. This is multi-stage work covering preparation, implementation, verification, and documentation. The work will be performed at an operating site.",en,normal,very_complex,over_8h
Task: Replace a damaged door handle in a staff room. There is no special urgency; use the normal completion window. One clear operation using a standard procedure is required. Several standard actions are required within part of a shift. Adjacent systems must remain operational during the task.,en,normal,simple,1_to_4h
"Необходимо провести техническое обследование и подготовить варианты усиления конструкции. Особой срочности нет, требуется обычный срок исполнения. Потребуется обычная техническая диагностика и несколько связанных действий. Объём включает несколько стандартных действий в пределах части смены. Исходные данные и доступы будут предоставлены исполнителю.",ru,normal,medium,1_to_4h
"Required: Redesign a document approval workflow with multiple roles and routes. Immediate response is required because the failure has stopped a key process. The task has several dependent parts and the solution depends on diagnostic findings. The work includes diagnosis, the main operation, and a verification step. Record the result in the request log.",en,critical,complex,1_to_4h
"Просьба заделать трещину в перегородке и восстановить отделку. Критичный сервис недоступен, работа подразделения фактически остановлена. Потребуется обычная техническая диагностика и несколько связанных действий. Работа локальная и не требует длительной диагностики. Работы выполняются на действующем объекте.",ru,critical,medium,up_to_1h
"We need to reconcile a mismatch between the manifest and the physical package count. Complete this by 18:00 today to avoid disrupting scheduled work. There are several sequential steps, but standard methods are sufficient. Several sequential steps and a final verification are required. A final verification is required after completion.",en,high,medium,4_to_8h
"We need to configure database backups and verify a restore procedure. Complete this by 18:00 today to avoid disrupting scheduled work. There are several sequential steps, but standard methods are sufficient. The work includes diagnosis, the main operation, and a verification step. Access to the work area has already been arranged.",en,high,medium,1_to_4h
Требуется исправить ошибку авторизации пользователей в веб-приложении. Требуется немедленная реакция: текущая неисправность остановила ключевой процесс. Потребуется обычная техническая диагностика и несколько связанных действий. Нужно выполнить несколько последовательных этапов с итоговой проверкой. Исходные данные и доступы будут предоставлены исполнителю.,ru,critical,medium,4_to_8h
"Требуется подготовить комплексный план модернизации вентиляции на нескольких этажах. Нужно выполнить в стандартном рабочем порядке. Работа архитектурная/комплексная: несколько взаимозависимых этапов и вариантов решения. Предстоит многоэтапная работа с подготовкой, реализацией, проверками и оформлением результата. После выполнения требуется короткий отчёт о результате.",ru,normal,very_complex,over_8h
Task: Build an API integration between the CRM and the internal system. Handle this through the standard work queue. The task has several dependent parts and the solution depends on diagnostic findings. Several standard actions are required within part of a shift. The work will be performed at an operating site.,en,normal,complex,1_to_4h
"Task: Restore a device whose failure has stopped a critical diagnostic procedure. Complete this by 18:00 today to avoid disrupting scheduled work. Several systems or participants must be coordinated and multiple dependencies verified. The task will take a substantial part of a shift including preparation, execution, and testing. Record the result in the request log.",en,high,very_complex,4_to_8h
"Task: Perform scheduled calibration of a patient monitor. There is no hard deadline; this can be placed in the planned maintenance queue. There are several sequential steps, but standard methods are sufficient. Several standard actions are required within part of a shift. Record the result in the request log.",en,low,medium,1_to_4h
"Please redirect a cargo batch between two warehouses and coordinate receiving windows. The deadline is within four hours; a delay will affect the next operation. There are several sequential steps, but standard methods are sufficient. This is localized work and should not require lengthy diagnostics. Provide a short completion note after the work.",en,high,medium,up_to_1h
"Необходимо заменить датчик температуры и откалибровать показания. Есть близкий срок: выполнить в течение четырёх часов; задержка затронет следующую операцию. Действие типовое, без нестандартных зависимостей. Работа локальная и не требует длительной диагностики. Исходные данные и доступы будут предоставлены исполнителю.",ru,high,simple,up_to_1h
Required: Check the status of one delayed shipment and update the record. The result is needed by the end of the next business day or a dependent activity will be delayed. The action is routine and has no unusual dependencies. The expected scope is one short operation followed by a result check. Adjacent systems must remain operational during the task.,en,high,simple,up_to_1h
"Просьба обновить программу ПЛК и проверить межблокировки. Требуется немедленная реакция: текущая неисправность остановила ключевой процесс. Задача состоит из нескольких зависимых частей и требует выбора решения по результатам диагностики. Работа займёт значительную часть смены и включает подготовку, выполнение и тестирование. Результат нужно зафиксировать в журнале заявки.",ru,critical,complex,4_to_8h
"Задача: добавить экспорт отчёта в CSV с фильтрацией по периоду. Просьба взять в работу по стандартной очереди. Задача состоит из нескольких зависимых частей и требует выбора решения по результатам диагностики. Потребуются диагностика, основная операция и контрольная проверка. Необходимо сохранить работоспособность соседних участков.",ru,normal,complex,1_to_4h
Task: Prepare commissioning of a diagnostic system including interface checks and staff training. There is no hard deadline; this can be placed in the planned maintenance queue. Several interacting factors must be considered and the result checked at multiple stages. Several dependent stages are involved and the total effort exceeds one work shift. Check the current state before starting the work.,en,low,complex,over_8h
"Требуется уточнить статус одной задержанной поставки и обновить запись. Задача профилактическая, остановки процессов сейчас нет. Действие типовое, без нестандартных зависимостей. Ожидаемый объём — одна короткая операция с проверкой результата. Доступ к месту работ заранее согласован.",ru,low,simple,up_to_1h
"Task: Diagnose unstable operation of a laboratory centrifuge. Handle this through the standard work queue. Routine technical diagnosis and several related actions are required. The task will take a substantial part of a shift including preparation, execution, and testing. Record the result in the request log.",en,normal,medium,4_to_8h
"Required: Develop a unified request-handling procedure for multiple branches. Please process this as routine work. The task has several dependent parts and the solution depends on diagnostic findings. This is multi-stage work covering preparation, implementation, verification, and documentation. Check the current state before starting the work.",en,normal,complex,over_8h
We need to perform a technical survey and prepare structural strengthening options. The deadline is within four hours; a delay will affect the next operation. Several interacting factors must be considered and the result checked at multiple stages. Several sequential steps and a final verification are required. Access to the work area has already been arranged.,en,high,complex,4_to_8h
"Please restore a device whose failure has stopped a critical diagnostic procedure. The work may be completed in a convenient slot during the next few weeks. Several systems or participants must be coordinated and multiple dependencies verified. The task will take a substantial part of a shift including preparation, execution, and testing. Required source data and access will be provided.",en,low,very_complex,4_to_8h
Please inspect a roof leak and perform a localized repair. There is no hard deadline; this can be placed in the planned maintenance queue. Several interacting factors must be considered and the result checked at multiple stages. Several standard actions are required within part of a shift. A final verification is required after completion.,en,low,complex,1_to_4h
Please inspect the door closer and adjust its closing action. This is preventive work and no process is currently stopped. The action is routine and has no unusual dependencies. This is localized work and should not require lengthy diagnostics. Required source data and access will be provided.,en,low,simple,up_to_1h
Просьба устранить последствия локального подтопления и проверить повреждённые инженерные узлы. Выполнение допустимо в удобное окно в течение ближайших недель. Нужно учесть несколько взаимосвязанных факторов и проверить результат на разных этапах. Объём включает несколько стандартных действий в пределах части смены. Необходимо сохранить работоспособность соседних участков.,ru,low,complex,1_to_4h
"We need to perform a spot inventory of one storage section. Handle this through the standard work queue. Routine technical diagnosis and several related actions are required. The work includes diagnosis, the main operation, and a verification step. Access to the work area has already been arranged.",en,normal,medium,1_to_4h
"Просьба диагностировать падение давления в контуре и заменить повреждённый участок. Выполнение допустимо в удобное окно в течение ближайших недель. Есть несколько последовательных шагов, но используются стандартные методы. Работа локальная и не требует длительной диагностики. Работы выполняются на действующем объекте.",ru,low,medium,up_to_1h
"Required: Inspect the door closer and adjust its closing action. A critical service is unavailable and the department cannot continue normal work. Routine technical diagnosis and several related actions are required. The work includes diagnosis, the main operation, and a verification step. The work will be performed at an operating site.",en,critical,medium,1_to_4h
"Необходимо устранить последствия локального подтопления и проверить повреждённые инженерные узлы. Нужно закончить сегодня до 18:00, чтобы не сорвать запланированные работы. Нужно учесть несколько взаимосвязанных факторов и проверить результат на разных этапах. Объём включает несколько стандартных действий в пределах части смены. После выполнения требуется короткий отчёт о результате.",ru,high,complex,1_to_4h
"Please perform a spot inventory of one storage section. This is preventive work and no process is currently stopped. Several interacting factors must be considered and the result checked at multiple stages. The task will take a substantial part of a shift including preparation, execution, and testing. Provide a short completion note after the work.",en,low,complex,4_to_8h
Необходимо заменить перегоревшую лампу в коридоре. Ситуация аварийная и создаёт риск безопасности; начать устранение необходимо сейчас. Нужна одна понятная операция по стандартной процедуре. Объём включает несколько стандартных действий в пределах части смены. Исходные данные и доступы будут предоставлены исполнителю.,ru,critical,simple,1_to_4h
Просьба диагностировать нестабильную работу лабораторной центрифуги. Просьба взять в работу по стандартной очереди. Задача состоит из нескольких зависимых частей и требует выбора решения по результатам диагностики. Задача включает несколько зависимых этапов и суммарно требует более одной рабочей смены. Работы выполняются на действующем объекте.,ru,normal,complex,over_8h
Required: Diagnose pressure loss in the loop and replace the damaged section. Handle this through the standard work queue. Routine technical diagnosis and several related actions are required. The expected scope is one short operation followed by a result check. Record the result in the request log.,en,normal,medium,up_to_1h
"Необходимо устранить течь под раковиной с заменой соединения. Особой срочности нет, требуется обычный срок исполнения. Нужна одна понятная операция по стандартной процедуре. Объём включает несколько стандартных действий в пределах части смены. Исходные данные и доступы будут предоставлены исполнителю.",ru,normal,simple,1_to_4h
"Задача: перемаркировать одну паллету после исправления карточки товара. Результат нужен до конца следующего рабочего дня, иначе задержится связанный процесс. Есть несколько последовательных шагов, но используются стандартные методы. Ожидаемый объём — одна короткая операция с проверкой результата. Перед началом нужно проверить текущее состояние объекта.",ru,high,medium,up_to_1h
"Task: Restore building access after an access-control system failure. Handle this through the standard work queue. The task has several dependent parts and the solution depends on diagnostic findings. The task will take a substantial part of a shift including preparation, execution, and testing. Adjacent systems must remain operational during the task.",en,normal,complex,4_to_8h
Необходимо заделать трещину в перегородке и восстановить отделку. Нужно выполнить в стандартном рабочем порядке. Потребуется обычная техническая диагностика и несколько связанных действий. Работа локальная и не требует длительной диагностики. Исходные данные и доступы будут предоставлены исполнителю.,ru,normal,medium,up_to_1h
"Задача: организовать восстановление доступа в здание после отказа системы контроля доступа. Результат нужен до конца следующего рабочего дня, иначе задержится связанный процесс. Нужно учесть несколько взаимосвязанных факторов и проверить результат на разных этапах. Нужно выполнить несколько последовательных этапов с итоговой проверкой. Перед началом нужно проверить текущее состояние объекта.",ru,high,complex,4_to_8h
Требуется спроектировать новую схему маршрутизации для нескольких регионов с ограничениями по времени и вместимости. Срок не жёсткий; работу можно включить в плановый график. Нужно учесть несколько взаимосвязанных факторов и проверить результат на разных этапах. Нужно выполнить несколько последовательных этапов с итоговой проверкой. Доступ к месту работ заранее согласован.,ru,low,complex,4_to_8h
"Требуется подготовить сводную таблицу по заявкам отдела за месяц. Требуется немедленная реакция: текущая неисправность остановила ключевой процесс. Потребуется обычная техническая диагностика и несколько связанных действий. Потребуются диагностика, основная операция и контрольная проверка. Доступ к месту работ заранее согласован.",ru,critical,medium,1_to_4h
"Требуется организовать перенаправление партии груза между двумя складами и согласовать окна приёмки. Критичный сервис недоступен, работа подразделения фактически остановлена. Задача состоит из нескольких зависимых частей и требует выбора решения по результатам диагностики. Потребуются диагностика, основная операция и контрольная проверка. Доступ к месту работ заранее согласован.",ru,critical,complex,1_to_4h
"Required: Diagnose unstable operation of a laboratory centrifuge. Complete this by 18:00 today to avoid disrupting scheduled work. Several interacting factors must be considered and the result checked at multiple stages. This is multi-stage work covering preparation, implementation, verification, and documentation. Record the result in the request log.",en,high,complex,over_8h
"Необходимо исправить ошибку авторизации пользователей в веб-приложении. Нужно закончить сегодня до 18:00, чтобы не сорвать запланированные работы. Нужно учесть несколько взаимосвязанных факторов и проверить результат на разных этапах. Задача включает несколько зависимых этапов и суммарно требует более одной рабочей смены. Доступ к месту работ заранее согласован.",ru,high,complex,over_8h
"Необходимо исправить ошибку авторизации пользователей в веб-приложении. Есть близкий срок: выполнить в течение четырёх часов; задержка затронет следующую операцию. Есть несколько последовательных шагов, но используются стандартные методы. Работа займёт значительную часть смены и включает подготовку, выполнение и тестирование. Исходные данные и доступы будут предоставлены исполнителю.",ru,high,medium,4_to_8h
Task: Repair a crack in an internal partition and restore the finish. A critical service is unavailable and the department cannot continue normal work. One clear operation using a standard procedure is required. Several standard actions are required within part of a shift. Check the current state before starting the work.,en,critical,simple,1_to_4h
Required: Reroute several deliveries because a road segment is closed. Immediate response is required because the failure has stopped a key process. The task has several dependent parts and the solution depends on diagnostic findings. Several sequential steps and a final verification are required. The work will be performed at an operating site.,en,critical,complex,4_to_8h
"Требуется разработать единый регламент обработки обращений для нескольких филиалов. Ситуация аварийная и создаёт риск безопасности; начать устранение необходимо сейчас. Работа архитектурная/комплексная: несколько взаимозависимых этапов и вариантов решения. Предстоит многоэтапная работа с подготовкой, реализацией, проверками и оформлением результата. После завершения требуется контрольная проверка.",ru,critical,very_complex,over_8h
Необходимо диагностировать нестабильную работу лабораторной центрифуги. Требуется немедленная реакция: текущая неисправность остановила ключевой процесс. Задача состоит из нескольких зависимых частей и требует выбора решения по результатам диагностики. Задача включает несколько зависимых этапов и суммарно требует более одной рабочей смены. После выполнения требуется короткий отчёт о результате.,ru,critical,complex,over_8h
"Required: Verify the readings of an electronic clinical thermometer. This is preventive work and no process is currently stopped. There are several sequential steps, but standard methods are sufficient. The expected scope is one short operation followed by a result check. Check the current state before starting the work.",en,low,medium,up_to_1h
